data,method,n_feats,acc,auc,f1
wine,r_cf_alpha_0.99,1,0.6979754207989503,0.8061904388179493,0.6979754207989503
wine,r_cf_alpha_0.99,2,0.7603478688772806,0.8369634175750637,0.7603478688772806
wine,r_cf_alpha_0.99,3,0.9098321851263027,0.9663636732123793,0.9098321851263027
wine,r_cf_alpha_0.99,4,0.9160783809019103,0.9622410974655281,0.9160783809019103
wine,r_cf_alpha_0.99,5,0.9348123501652914,0.9843756888288461,0.9348123501652914
wine,r_cf_alpha_0.99,6,0.9607404799757739,0.9949745661420092,0.9607404799757739
wine,r_cf_alpha_0.99,7,0.9719389809978045,0.9973723530322909,0.9719389809978045
wine,r_cf_alpha_0.99,8,0.9629017841370782,0.9969287770717894,0.9629017841370782
wine,r_cf_alpha_0.99,9,0.9701734171145937,0.9972246968869639,0.9701734171145937
wine,r_cf_alpha_0.99,10,0.9617076488252959,0.9964006119580135,0.9617076488252959
wine,r_cf_alpha_0.99,11,0.9646284351578469,0.9964865096409611,0.9646284351578469
wine,r_cf_alpha_0.99,12,0.9617403285638579,0.9953022257762942,0.9617403285638579
wine,r_cf_alpha_0.99,13,0.9757651601181012,0.997878229258664,0.9757651601181012
wine,r_cf_alpha_0.95,1,0.6979754207989503,0.8061904388179493,0.6979754207989503
wine,r_cf_alpha_0.95,2,0.7603478688772806,0.8369634175750637,0.7603478688772806
wine,r_cf_alpha_0.95,3,0.9098321851263027,0.9663636732123793,0.9098321851263027
wine,r_cf_alpha_0.95,4,0.9160783809019103,0.9622410974655281,0.9160783809019103
wine,r_cf_alpha_0.95,5,0.9348123501652914,0.9843756888288461,0.9348123501652914
wine,r_cf_alpha_0.95,6,0.9450155954273601,0.992422911012766,0.9450155954273601
wine,r_cf_alpha_0.95,7,0.9719389809978045,0.9973723530322909,0.9719389809978045
wine,r_cf_alpha_0.95,8,0.9723329295682237,0.9972519160886655,0.9723329295682237
wine,r_cf_alpha_0.95,9,0.9711900724253665,0.9965875279118549,0.9711900724253665
wine,r_cf_alpha_0.95,10,0.9673294218588335,0.9961864344324489,0.9673294218588335
wine,r_cf_alpha_0.95,11,0.963881318293083,0.995680351078643,0.963881318293083
wine,r_cf_alpha_0.95,12,0.9617403285638579,0.9953022257762942,0.9617403285638579
wine,r_cf_alpha_0.95,13,0.9757651601181012,0.997878229258664,0.9757651601181012
wine,r_cf_alpha_0.05,1,0.6979754207989503,0.8061904388179493,0.6979754207989503
wine,r_cf_alpha_0.05,2,0.7603478688772806,0.8369634175750637,0.7603478688772806
wine,r_cf_alpha_0.05,3,0.9098321851263027,0.9663636732123793,0.9098321851263027
wine,r_cf_alpha_0.05,4,0.9160783809019103,0.9622410974655281,0.9160783809019103
wine,r_cf_alpha_0.05,5,0.9348123501652914,0.9843756888288461,0.9348123501652914
wine,r_cf_alpha_0.05,6,0.9607404799757739,0.9949745661420092,0.9607404799757739
wine,r_cf_alpha_0.05,7,0.9719389809978045,0.9973723530322909,0.9719389809978045
wine,r_cf_alpha_0.05,8,0.9723329295682237,0.9972519160886655,0.9723329295682237
wine,r_cf_alpha_0.05,9,0.9701734171145937,0.9972246968869639,0.9701734171145937
wine,r_cf_alpha_0.05,10,0.9617076488252959,0.9964006119580135,0.9617076488252959
wine,r_cf_alpha_0.05,11,0.963881318293083,0.995680351078643,0.963881318293083
wine,r_cf_alpha_0.05,12,0.9617403285638579,0.9953022257762942,0.9617403285638579
wine,r_cf_alpha_0.05,13,0.9757651601181012,0.997878229258664,0.9757651601181012
wine,r_cf_alpha_0.01,1,0.6979754207989503,0.8061904388179493,0.6979754207989503
wine,r_cf_alpha_0.01,2,0.7603478688772806,0.8369634175750637,0.7603478688772806
wine,r_cf_alpha_0.01,3,0.9098321851263027,0.9663636732123793,0.9098321851263027
wine,r_cf_alpha_0.01,4,0.936135488429606,0.9851760811364849,0.936135488429606
wine,r_cf_alpha_0.01,5,0.9348123501652914,0.9843756888288461,0.9348123501652914
wine,r_cf_alpha_0.01,6,0.9607404799757739,0.9949745661420092,0.9607404799757739
wine,r_cf_alpha_0.01,7,0.9719389809978045,0.9973723530322909,0.9719389809978045
wine,r_cf_alpha_0.01,8,0.9723329295682237,0.9972519160886655,0.9723329295682237
wine,r_cf_alpha_0.01,9,0.9701734171145937,0.9972246968869639,0.9701734171145937
wine,r_cf_alpha_0.01,10,0.9617076488252959,0.9964006119580135,0.9617076488252959
wine,r_cf_alpha_0.01,11,0.963881318293083,0.995680351078643,0.963881318293083
wine,r_cf_alpha_0.01,12,0.9617403285638579,0.9953022257762942,0.9617403285638579
wine,r_cf_alpha_0.01,13,0.9757651601181012,0.997878229258664,0.9757651601181012
orlraws10P,r_cf_alpha_0.99,5,0.4670000000000001,0.8140000000000001,0.4670000000000001
orlraws10P,r_cf_alpha_0.99,10,0.592,0.8408888888888889,0.592
orlraws10P,r_cf_alpha_0.99,15,0.69,0.9029999999999999,0.69
orlraws10P,r_cf_alpha_0.99,20,0.7589999999999999,0.924,0.7589999999999999
orlraws10P,r_cf_alpha_0.99,25,0.714,0.9280555555555555,0.714
orlraws10P,r_cf_alpha_0.99,30,0.792,0.9510555555555555,0.792
orlraws10P,r_cf_alpha_0.99,35,0.778,0.9533333333333334,0.7780000000000001
orlraws10P,r_cf_alpha_0.99,40,0.8029999999999999,0.9561666666666667,0.8030000000000002
orlraws10P,r_cf_alpha_0.99,45,0.827,0.9601666666666666,0.827
orlraws10P,r_cf_alpha_0.99,50,0.841,0.9627222222222223,0.8410000000000002
orlraws10P,r_cf_alpha_0.99,55,0.869,0.9796666666666667,0.8690000000000001
orlraws10P,r_cf_alpha_0.99,60,0.865,0.9769444444444446,0.865
orlraws10P,r_cf_alpha_0.99,65,0.873,0.9792222222222223,0.873
orlraws10P,r_cf_alpha_0.99,70,0.8799999999999999,0.9793333333333335,0.8800000000000001
orlraws10P,r_cf_alpha_0.99,75,0.889,0.9786111111111111,0.889
orlraws10P,r_cf_alpha_0.99,80,0.8950000000000001,0.9849444444444444,0.8950000000000001
orlraws10P,r_cf_alpha_0.99,85,0.8869999999999999,0.9830555555555556,0.8869999999999999
orlraws10P,r_cf_alpha_0.99,90,0.883,0.978222222222222,0.883
orlraws10P,r_cf_alpha_0.99,95,0.882,0.9812777777777779,0.882
orlraws10P,r_cf_alpha_0.99,100,0.882,0.9788333333333332,0.882
orlraws10P,r_cf_alpha_0.95,5,0.374,0.729388888888889,0.374
orlraws10P,r_cf_alpha_0.95,10,0.594,0.8624444444444445,0.594
orlraws10P,r_cf_alpha_0.95,15,0.661,0.9010555555555555,0.661
orlraws10P,r_cf_alpha_0.95,20,0.741,0.9341111111111111,0.741
orlraws10P,r_cf_alpha_0.95,25,0.756,0.9434444444444445,0.756
orlraws10P,r_cf_alpha_0.95,30,0.796,0.9605555555555556,0.796
orlraws10P,r_cf_alpha_0.95,35,0.8219999999999998,0.9691666666666666,0.8220000000000003
orlraws10P,r_cf_alpha_0.95,40,0.8300000000000001,0.9712777777777777,0.8300000000000001
orlraws10P,r_cf_alpha_0.95,45,0.8329999999999999,0.9692777777777778,0.833
orlraws10P,r_cf_alpha_0.95,50,0.8470000000000001,0.9693888888888891,0.8470000000000001
orlraws10P,r_cf_alpha_0.95,55,0.817,0.967388888888889,0.8170000000000002
orlraws10P,r_cf_alpha_0.95,60,0.819,0.9624444444444442,0.8190000000000002
orlraws10P,r_cf_alpha_0.95,65,0.8540000000000001,0.9741111111111109,0.8540000000000001
orlraws10P,r_cf_alpha_0.95,70,0.8550000000000001,0.9740555555555556,0.8550000000000001
orlraws10P,r_cf_alpha_0.95,75,0.8459999999999999,0.9693333333333334,0.8460000000000001
orlraws10P,r_cf_alpha_0.95,80,0.8450000000000001,0.9705,0.8450000000000001
orlraws10P,r_cf_alpha_0.95,85,0.8400000000000001,0.967388888888889,0.8400000000000001
orlraws10P,r_cf_alpha_0.95,90,0.836,0.9673333333333332,0.8360000000000001
orlraws10P,r_cf_alpha_0.95,95,0.8310000000000001,0.9684999999999999,0.8310000000000001
orlraws10P,r_cf_alpha_0.95,100,0.8389999999999999,0.9688888888888888,0.8390000000000001
orlraws10P,r_cf_alpha_0.05,5,0.45600000000000007,0.7885555555555557,0.45600000000000007
orlraws10P,r_cf_alpha_0.05,10,0.6620000000000001,0.8793333333333333,0.6620000000000001
orlraws10P,r_cf_alpha_0.05,15,0.7530000000000001,0.9412777777777777,0.7530000000000001
orlraws10P,r_cf_alpha_0.05,20,0.737,0.9514444444444445,0.737
orlraws10P,r_cf_alpha_0.05,25,0.773,0.9505000000000001,0.773
orlraws10P,r_cf_alpha_0.05,30,0.8390000000000001,0.9630555555555554,0.8390000000000001
orlraws10P,r_cf_alpha_0.05,35,0.8639999999999999,0.9725555555555557,0.8640000000000001
orlraws10P,r_cf_alpha_0.05,40,0.874,0.9821111111111112,0.874
orlraws10P,r_cf_alpha_0.05,45,0.893,0.9778888888888888,0.893
orlraws10P,r_cf_alpha_0.05,50,0.901,0.9794999999999998,0.901
orlraws10P,r_cf_alpha_0.05,55,0.9010000000000001,0.9760555555555556,0.9010000000000001
orlraws10P,r_cf_alpha_0.05,60,0.889,0.9764444444444444,0.889
orlraws10P,r_cf_alpha_0.05,65,0.909,0.9875555555555555,0.909
orlraws10P,r_cf_alpha_0.05,70,0.892,0.9829444444444444,0.892
orlraws10P,r_cf_alpha_0.05,75,0.9019999999999999,0.9852222222222222,0.9020000000000001
orlraws10P,r_cf_alpha_0.05,80,0.899,0.9839444444444446,0.899
orlraws10P,r_cf_alpha_0.05,85,0.905,0.9843333333333332,0.905
orlraws10P,r_cf_alpha_0.05,90,0.905,0.984388888888889,0.905
orlraws10P,r_cf_alpha_0.05,95,0.8879999999999999,0.9785555555555554,0.8880000000000001
orlraws10P,r_cf_alpha_0.05,100,0.9239999999999998,0.9857222222222222,0.9239999999999998
orlraws10P,r_cf_alpha_0.01,5,0.40499999999999997,0.7863333333333333,0.40499999999999997
orlraws10P,r_cf_alpha_0.01,10,0.611,0.8687777777777779,0.611
orlraws10P,r_cf_alpha_0.01,15,0.6829999999999999,0.9088888888888889,0.683
orlraws10P,r_cf_alpha_0.01,20,0.78,0.9403333333333335,0.78
orlraws10P,r_cf_alpha_0.01,25,0.766,0.9401111111111111,0.766
orlraws10P,r_cf_alpha_0.01,30,0.7700000000000001,0.9423333333333334,0.7700000000000001
orlraws10P,r_cf_alpha_0.01,35,0.7809999999999999,0.9540000000000001,0.781
orlraws10P,r_cf_alpha_0.01,40,0.782,0.9478888888888889,0.7820000000000001
orlraws10P,r_cf_alpha_0.01,45,0.817,0.9532777777777778,0.817
orlraws10P,r_cf_alpha_0.01,50,0.8370000000000001,0.9624444444444444,0.8370000000000001
orlraws10P,r_cf_alpha_0.01,55,0.8480000000000001,0.9579444444444445,0.8480000000000001
orlraws10P,r_cf_alpha_0.01,60,0.8310000000000001,0.9609444444444444,0.8310000000000001
orlraws10P,r_cf_alpha_0.01,65,0.843,0.9634444444444444,0.8430000000000002
orlraws10P,r_cf_alpha_0.01,70,0.8470000000000001,0.9627777777777778,0.8470000000000001
orlraws10P,r_cf_alpha_0.01,75,0.861,0.9691111111111113,0.861
orlraws10P,r_cf_alpha_0.01,80,0.8599999999999998,0.9661666666666665,0.8600000000000001
orlraws10P,r_cf_alpha_0.01,85,0.8619999999999999,0.9703888888888889,0.8620000000000001
orlraws10P,r_cf_alpha_0.01,90,0.8670000000000002,0.9664444444444446,0.8670000000000002
orlraws10P,r_cf_alpha_0.01,95,0.8549999999999999,0.966,0.8550000000000001
orlraws10P,r_cf_alpha_0.01,100,0.853,0.9677222222222224,0.8530000000000001
glass,r_cf_alpha_0.99,1,0.6887558475116615,0.7854482686234682,0.6887558475116615
glass,r_cf_alpha_0.99,2,0.7579150139266418,0.8412111652790049,0.7579150139266418
glass,r_cf_alpha_0.99,3,0.8479401993355481,0.9010737712398577,0.8479401993355481
glass,r_cf_alpha_0.99,4,0.8516758783851808,0.9059803355491127,0.8516758783851808
glass,r_cf_alpha_0.99,5,0.8875476358267056,0.921713496972149,0.8875476358267056
glass,r_cf_alpha_0.99,6,0.8687803281989328,0.9199867678856124,0.8687803281989328
glass,r_cf_alpha_0.99,7,0.8906602402765194,0.9181457207149686,0.8906602402765194
glass,r_cf_alpha_0.99,8,0.8668946776737474,0.9114567730810904,0.8668946776737474
glass,r_cf_alpha_0.99,9,0.8750775529380179,0.9142319691423861,0.8750775529380179
glass,r_cf_alpha_0.99,10,0.8662260981912144,0.9119954225872542,0.8662260981912144
glass,r_cf_alpha_0.95,1,0.6887558475116615,0.7854482686234682,0.6887558475116615
glass,r_cf_alpha_0.95,2,0.7579150139266418,0.8412111652790049,0.7579150139266418
glass,r_cf_alpha_0.95,3,0.8479401993355481,0.9010737712398577,0.8479401993355481
glass,r_cf_alpha_0.95,4,0.8516758783851808,0.9059803355491127,0.8516758783851808
glass,r_cf_alpha_0.95,5,0.8875476358267056,0.921713496972149,0.8875476358267056
glass,r_cf_alpha_0.95,6,0.8729782710829224,0.9201441770706704,0.8729782710829224
glass,r_cf_alpha_0.95,7,0.8886057585825029,0.9179747601638194,0.8886057585825029
glass,r_cf_alpha_0.95,8,0.8727306453236686,0.9166405709021715,0.8727306453236686
glass,r_cf_alpha_0.95,9,0.8750775529380179,0.9142319691423861,0.8750775529380179
glass,r_cf_alpha_0.95,10,0.8662260981912144,0.9119954225872542,0.8662260981912144
glass,r_cf_alpha_0.05,1,0.6887558475116615,0.7854482686234682,0.6887558475116615
glass,r_cf_alpha_0.05,2,0.7579150139266418,0.8412111652790049,0.7579150139266418
glass,r_cf_alpha_0.05,3,0.8479401993355481,0.9010737712398577,0.8479401993355481
glass,r_cf_alpha_0.05,4,0.8929467767374744,0.9223185618249659,0.8929467767374744
glass,r_cf_alpha_0.05,5,0.8875476358267056,0.921713496972149,0.8875476358267056
glass,r_cf_alpha_0.05,6,0.8687803281989328,0.9199867678856124,0.8687803281989328
glass,r_cf_alpha_0.05,7,0.8906602402765194,0.9181457207149686,0.8906602402765194
glass,r_cf_alpha_0.05,8,0.8904988758012014,0.9154367995857507,0.8904988758012014
glass,r_cf_alpha_0.05,9,0.8895764790764791,0.9201152533044828,0.8895764790764791
glass,r_cf_alpha_0.05,10,0.8662260981912144,0.9119954225872542,0.8662260981912144
glass,r_cf_alpha_0.01,1,0.6887558475116615,0.7854482686234682,0.6887558475116615
glass,r_cf_alpha_0.01,2,0.7579150139266418,0.8412111652790049,0.7579150139266418
glass,r_cf_alpha_0.01,3,0.8479401993355481,0.9010737712398577,0.8479401993355481
glass,r_cf_alpha_0.01,4,0.8516758783851808,0.9059803355491127,0.8516758783851808
glass,r_cf_alpha_0.01,5,0.8875476358267056,0.921713496972149,0.8875476358267056
glass,r_cf_alpha_0.01,6,0.8729782710829224,0.9201441770706704,0.8729782710829224
glass,r_cf_alpha_0.01,7,0.8906602402765194,0.9181457207149686,0.8906602402765194
glass,r_cf_alpha_0.01,8,0.8904988758012014,0.9154367995857507,0.8904988758012014
glass,r_cf_alpha_0.01,9,0.8895764790764791,0.9201152533044828,0.8895764790764791
glass,r_cf_alpha_0.01,10,0.8662260981912144,0.9119954225872542,0.8662260981912144
warpPIE10P,r_cf_alpha_0.99,5,0.4396,0.8100911111111111,0.4396
warpPIE10P,r_cf_alpha_0.99,10,0.7114,0.9408877777777779,0.7114
warpPIE10P,r_cf_alpha_0.99,15,0.8756999999999999,0.9711727777777777,0.8756999999999999
warpPIE10P,r_cf_alpha_0.99,20,0.9131,0.9797588888888888,0.9131
warpPIE10P,r_cf_alpha_0.99,25,0.9332,0.9818477777777778,0.9332
warpPIE10P,r_cf_alpha_0.99,30,0.9356,0.9836066666666667,0.9356
warpPIE10P,r_cf_alpha_0.99,35,0.9578,0.9884094444444445,0.9578
warpPIE10P,r_cf_alpha_0.99,40,0.9587,0.9904616666666666,0.9587
warpPIE10P,r_cf_alpha_0.99,45,0.9657,0.9902166666666666,0.9657
warpPIE10P,r_cf_alpha_0.99,50,0.9638,0.9918261111111111,0.9638
warpPIE10P,r_cf_alpha_0.99,55,0.9693999999999999,0.9930399999999999,0.9694
warpPIE10P,r_cf_alpha_0.99,60,0.9754000000000002,0.9946555555555555,0.9754000000000002
warpPIE10P,r_cf_alpha_0.99,65,0.9776999999999999,0.99648,0.9776999999999999
warpPIE10P,r_cf_alpha_0.99,70,0.9795,0.9971305555555556,0.9795
warpPIE10P,r_cf_alpha_0.99,75,0.9776,0.9977888888888888,0.9776
warpPIE10P,r_cf_alpha_0.99,80,0.9773,0.9979133333333333,0.9773
warpPIE10P,r_cf_alpha_0.99,85,0.9793,0.9975755555555554,0.9793
warpPIE10P,r_cf_alpha_0.99,90,0.9859,0.9979844444444443,0.9859
warpPIE10P,r_cf_alpha_0.99,95,0.984,0.996685,0.984
warpPIE10P,r_cf_alpha_0.99,100,0.9888999999999999,0.9982944444444444,0.9888999999999999
warpPIE10P,r_cf_alpha_0.95,5,0.46040000000000003,0.8430111111111112,0.46040000000000003
warpPIE10P,r_cf_alpha_0.95,10,0.6185,0.9034099999999998,0.6185
warpPIE10P,r_cf_alpha_0.95,15,0.7689,0.9472972222222223,0.7689
warpPIE10P,r_cf_alpha_0.95,20,0.8618,0.96785,0.8618
warpPIE10P,r_cf_alpha_0.95,25,0.9349000000000001,0.9862616666666666,0.9349000000000001
warpPIE10P,r_cf_alpha_0.95,30,0.9410000000000001,0.9858444444444444,0.9410000000000001
warpPIE10P,r_cf_alpha_0.95,35,0.9571,0.9878983333333334,0.9571000000000002
warpPIE10P,r_cf_alpha_0.95,40,0.9637,0.9903661111111111,0.9637
warpPIE10P,r_cf_alpha_0.95,45,0.9599,0.989948888888889,0.9599
warpPIE10P,r_cf_alpha_0.95,50,0.9645999999999999,0.9901116666666667,0.9645999999999999
warpPIE10P,r_cf_alpha_0.95,55,0.966,0.9882466666666666,0.966
warpPIE10P,r_cf_alpha_0.95,60,0.9664999999999999,0.9895272222222221,0.9664999999999999
warpPIE10P,r_cf_alpha_0.95,65,0.9653,0.9907244444444444,0.9653
warpPIE10P,r_cf_alpha_0.95,70,0.9678000000000001,0.9913105555555554,0.9678000000000001
warpPIE10P,r_cf_alpha_0.95,75,0.9668999999999999,0.9920127777777777,0.9668999999999999
warpPIE10P,r_cf_alpha_0.95,80,0.9697000000000001,0.9922794444444445,0.9697000000000001
warpPIE10P,r_cf_alpha_0.95,85,0.9748999999999999,0.9938638888888889,0.9748999999999999
warpPIE10P,r_cf_alpha_0.95,90,0.9727999999999998,0.9938183333333332,0.9727999999999998
warpPIE10P,r_cf_alpha_0.95,95,0.9681999999999998,0.9917755555555555,0.9681999999999998
warpPIE10P,r_cf_alpha_0.95,100,0.974,0.9937883333333334,0.974
warpPIE10P,r_cf_alpha_0.05,5,0.4596,0.8197833333333333,0.4596
warpPIE10P,r_cf_alpha_0.05,10,0.6750999999999999,0.9209483333333333,0.6750999999999999
warpPIE10P,r_cf_alpha_0.05,15,0.8523,0.9664338888888888,0.8523000000000002
warpPIE10P,r_cf_alpha_0.05,20,0.9279999999999999,0.9824000000000002,0.9279999999999999
warpPIE10P,r_cf_alpha_0.05,25,0.9485000000000001,0.991695,0.9485000000000001
warpPIE10P,r_cf_alpha_0.05,30,0.9553999999999998,0.9924555555555555,0.9553999999999998
warpPIE10P,r_cf_alpha_0.05,35,0.9526,0.9888894444444446,0.9526
warpPIE10P,r_cf_alpha_0.05,40,0.9545,0.9898794444444444,0.9545
warpPIE10P,r_cf_alpha_0.05,45,0.9666,0.994206111111111,0.9666
warpPIE10P,r_cf_alpha_0.05,50,0.9578,0.9947111111111113,0.9578
warpPIE10P,r_cf_alpha_0.05,55,0.9619,0.9931144444444445,0.9619
warpPIE10P,r_cf_alpha_0.05,60,0.9545,0.9889911111111112,0.9545
warpPIE10P,r_cf_alpha_0.05,65,0.9595,0.99032,0.9595
warpPIE10P,r_cf_alpha_0.05,70,0.96,0.9905944444444443,0.96
warpPIE10P,r_cf_alpha_0.05,75,0.9654,0.9932399999999999,0.9654
warpPIE10P,r_cf_alpha_0.05,80,0.9673999999999999,0.9944599999999999,0.9673999999999999
warpPIE10P,r_cf_alpha_0.05,85,0.9654999999999999,0.9951027777777778,0.9654999999999999
warpPIE10P,r_cf_alpha_0.05,90,0.9654999999999999,0.9950461111111111,0.9654999999999999
warpPIE10P,r_cf_alpha_0.05,95,0.9700999999999999,0.9951516666666667,0.9700999999999999
warpPIE10P,r_cf_alpha_0.05,100,0.9730000000000001,0.9961766666666666,0.9730000000000001
warpPIE10P,r_cf_alpha_0.01,5,0.4417,0.8279399999999999,0.4417
warpPIE10P,r_cf_alpha_0.01,10,0.7259,0.9366866666666667,0.7259
warpPIE10P,r_cf_alpha_0.01,15,0.8376999999999999,0.964355,0.8377000000000001
warpPIE10P,r_cf_alpha_0.01,20,0.9125,0.9812188888888889,0.9125
warpPIE10P,r_cf_alpha_0.01,25,0.9279,0.9853844444444444,0.9279
warpPIE10P,r_cf_alpha_0.01,30,0.9463000000000001,0.9877783333333333,0.9463000000000001
warpPIE10P,r_cf_alpha_0.01,35,0.9526,0.9927494444444445,0.9526
warpPIE10P,r_cf_alpha_0.01,40,0.9598999999999999,0.9911455555555555,0.9599
warpPIE10P,r_cf_alpha_0.01,45,0.9559999999999998,0.9906477777777777,0.9559999999999998
warpPIE10P,r_cf_alpha_0.01,50,0.962,0.9914461111111113,0.9620000000000001
warpPIE10P,r_cf_alpha_0.01,55,0.9625,0.9920611111111111,0.9625
warpPIE10P,r_cf_alpha_0.01,60,0.9612,0.99156,0.9612
warpPIE10P,r_cf_alpha_0.01,65,0.9663,0.994285,0.9663
warpPIE10P,r_cf_alpha_0.01,70,0.9693000000000002,0.9939399999999999,0.9693000000000002
warpPIE10P,r_cf_alpha_0.01,75,0.9694,0.9946188888888889,0.9694
warpPIE10P,r_cf_alpha_0.01,80,0.9761,0.9944644444444446,0.9761000000000001
warpPIE10P,r_cf_alpha_0.01,85,0.9712,0.994371111111111,0.9712
warpPIE10P,r_cf_alpha_0.01,90,0.9747,0.9940411111111109,0.9747
warpPIE10P,r_cf_alpha_0.01,95,0.9741,0.9950294444444445,0.9741
warpPIE10P,r_cf_alpha_0.01,100,0.9748000000000001,0.9961922222222223,0.9748000000000001
warpAR10P,r_cf_alpha_0.99,5,0.388,0.7871604938271605,0.388
warpAR10P,r_cf_alpha_0.99,10,0.5063333333333333,0.849851851851852,0.5063333333333333
warpAR10P,r_cf_alpha_0.99,15,0.5913333333333333,0.8771851851851853,0.5913333333333334
warpAR10P,r_cf_alpha_0.99,20,0.659,0.9153765432098766,0.659
warpAR10P,r_cf_alpha_0.99,25,0.6716666666666666,0.921574074074074,0.6716666666666666
warpAR10P,r_cf_alpha_0.99,30,0.7136666666666667,0.9400246913580246,0.7136666666666667
warpAR10P,r_cf_alpha_0.99,35,0.7476666666666667,0.9469506172839506,0.7476666666666667
warpAR10P,r_cf_alpha_0.99,40,0.7756666666666667,0.9533765432098766,0.7756666666666667
warpAR10P,r_cf_alpha_0.99,45,0.7853333333333333,0.9638333333333333,0.7853333333333334
warpAR10P,r_cf_alpha_0.99,50,0.7939999999999999,0.9672345679012345,0.794
warpAR10P,r_cf_alpha_0.99,55,0.7946666666666667,0.9652407407407407,0.7946666666666667
warpAR10P,r_cf_alpha_0.99,60,0.8000000000000002,0.9675555555555556,0.8000000000000002
warpAR10P,r_cf_alpha_0.99,65,0.808,0.9704876543209877,0.8080000000000002
warpAR10P,r_cf_alpha_0.99,70,0.8203333333333335,0.9758086419753088,0.8203333333333335
warpAR10P,r_cf_alpha_0.99,75,0.8503333333333334,0.9816975308641975,0.8503333333333334
warpAR10P,r_cf_alpha_0.99,80,0.8560000000000001,0.9820987654320987,0.8560000000000001
warpAR10P,r_cf_alpha_0.99,85,0.868,0.9815802469135801,0.868
warpAR10P,r_cf_alpha_0.99,90,0.8623333333333333,0.9795617283950616,0.8623333333333333
warpAR10P,r_cf_alpha_0.99,95,0.8620000000000001,0.9784567901234569,0.8620000000000001
warpAR10P,r_cf_alpha_0.99,100,0.866,0.982679012345679,0.866
warpAR10P,r_cf_alpha_0.95,5,0.33666666666666667,0.714,0.33666666666666667
warpAR10P,r_cf_alpha_0.95,10,0.4823333333333334,0.8599629629629628,0.4823333333333334
warpAR10P,r_cf_alpha_0.95,15,0.5886666666666667,0.889567901234568,0.5886666666666667
warpAR10P,r_cf_alpha_0.95,20,0.6783333333333333,0.9198888888888888,0.6783333333333333
warpAR10P,r_cf_alpha_0.95,25,0.6926666666666667,0.9368703703703705,0.6926666666666668
warpAR10P,r_cf_alpha_0.95,30,0.7273333333333334,0.9413827160493827,0.7273333333333334
warpAR10P,r_cf_alpha_0.95,35,0.747,0.9436604938271606,0.7470000000000001
warpAR10P,r_cf_alpha_0.95,40,0.7656666666666666,0.9516172839506172,0.7656666666666666
warpAR10P,r_cf_alpha_0.95,45,0.8086666666666668,0.9605679012345678,0.8086666666666668
warpAR10P,r_cf_alpha_0.95,50,0.8153333333333332,0.9645246913580247,0.8153333333333332
warpAR10P,r_cf_alpha_0.95,55,0.8273333333333334,0.9623888888888888,0.8273333333333334
warpAR10P,r_cf_alpha_0.95,60,0.8506666666666668,0.9720123456790123,0.8506666666666668
warpAR10P,r_cf_alpha_0.95,65,0.834,0.9699135802469137,0.834
warpAR10P,r_cf_alpha_0.95,70,0.841,0.9751975308641976,0.841
warpAR10P,r_cf_alpha_0.95,75,0.8480000000000001,0.9751358024691358,0.8480000000000001
warpAR10P,r_cf_alpha_0.95,80,0.8520000000000001,0.9783148148148151,0.8520000000000001
warpAR10P,r_cf_alpha_0.95,85,0.8456666666666667,0.9777345679012346,0.8456666666666667
warpAR10P,r_cf_alpha_0.95,90,0.8513333333333334,0.9759753086419753,0.8513333333333334
warpAR10P,r_cf_alpha_0.95,95,0.849,0.9771543209876544,0.849
warpAR10P,r_cf_alpha_0.95,100,0.8713333333333333,0.9800000000000001,0.8713333333333333
warpAR10P,r_cf_alpha_0.05,5,0.32333333333333336,0.7442839506172839,0.32333333333333336
warpAR10P,r_cf_alpha_0.05,10,0.43999999999999995,0.8361481481481482,0.44000000000000006
warpAR10P,r_cf_alpha_0.05,15,0.642,0.8987407407407406,0.642
warpAR10P,r_cf_alpha_0.05,20,0.7073333333333334,0.9198333333333334,0.7073333333333334
warpAR10P,r_cf_alpha_0.05,25,0.7153333333333334,0.9236913580246913,0.7153333333333334
warpAR10P,r_cf_alpha_0.05,30,0.748,0.9408641975308643,0.748
warpAR10P,r_cf_alpha_0.05,35,0.7413333333333334,0.9354938271604937,0.7413333333333334
warpAR10P,r_cf_alpha_0.05,40,0.7543333333333334,0.9428518518518517,0.7543333333333334
warpAR10P,r_cf_alpha_0.05,45,0.7749999999999999,0.9516111111111112,0.775
warpAR10P,r_cf_alpha_0.05,50,0.8116666666666668,0.9541481481481482,0.8116666666666668
warpAR10P,r_cf_alpha_0.05,55,0.8216666666666667,0.9645308641975309,0.8216666666666667
warpAR10P,r_cf_alpha_0.05,60,0.8220000000000001,0.9652592592592594,0.8220000000000001
warpAR10P,r_cf_alpha_0.05,65,0.827,0.969679012345679,0.827
warpAR10P,r_cf_alpha_0.05,70,0.8320000000000001,0.9699629629629628,0.8320000000000001
warpAR10P,r_cf_alpha_0.05,75,0.8296666666666667,0.9716049382716049,0.8296666666666667
warpAR10P,r_cf_alpha_0.05,80,0.8293333333333333,0.9717222222222223,0.8293333333333335
warpAR10P,r_cf_alpha_0.05,85,0.8476666666666667,0.9738950617283951,0.8476666666666667
warpAR10P,r_cf_alpha_0.05,90,0.8353333333333334,0.9761851851851852,0.8353333333333334
warpAR10P,r_cf_alpha_0.05,95,0.8426666666666666,0.9785864197530865,0.8426666666666668
warpAR10P,r_cf_alpha_0.05,100,0.8343333333333334,0.9781975308641975,0.8343333333333334
warpAR10P,r_cf_alpha_0.01,5,0.3443333333333333,0.7562469135802469,0.3443333333333333
warpAR10P,r_cf_alpha_0.01,10,0.43166666666666664,0.818462962962963,0.43166666666666664
warpAR10P,r_cf_alpha_0.01,15,0.4986666666666667,0.8554814814814815,0.4986666666666667
warpAR10P,r_cf_alpha_0.01,20,0.6036666666666666,0.8952345679012346,0.6036666666666666
warpAR10P,r_cf_alpha_0.01,25,0.7183333333333334,0.9351296296296298,0.7183333333333334
warpAR10P,r_cf_alpha_0.01,30,0.7223333333333335,0.9328456790123457,0.7223333333333335
warpAR10P,r_cf_alpha_0.01,35,0.7803333333333333,0.9497839506172839,0.7803333333333333
warpAR10P,r_cf_alpha_0.01,40,0.7926666666666666,0.9542283950617285,0.7926666666666666
warpAR10P,r_cf_alpha_0.01,45,0.8376666666666667,0.9719012345679012,0.8376666666666667
warpAR10P,r_cf_alpha_0.01,50,0.834,0.9722962962962963,0.834
warpAR10P,r_cf_alpha_0.01,55,0.8136666666666669,0.9700679012345681,0.8136666666666669
warpAR10P,r_cf_alpha_0.01,60,0.8223333333333332,0.9743333333333333,0.8223333333333335
warpAR10P,r_cf_alpha_0.01,65,0.8293333333333333,0.9766666666666668,0.8293333333333333
warpAR10P,r_cf_alpha_0.01,70,0.8366666666666667,0.9749259259259258,0.8366666666666667
warpAR10P,r_cf_alpha_0.01,75,0.8436666666666668,0.9772283950617284,0.8436666666666668
warpAR10P,r_cf_alpha_0.01,80,0.8406666666666668,0.9812283950617283,0.8406666666666668
warpAR10P,r_cf_alpha_0.01,85,0.8576666666666666,0.9817962962962963,0.8576666666666666
warpAR10P,r_cf_alpha_0.01,90,0.8633333333333333,0.9834506172839506,0.8633333333333333
warpAR10P,r_cf_alpha_0.01,95,0.8673333333333332,0.9829012345679013,0.8673333333333332
warpAR10P,r_cf_alpha_0.01,100,0.8526666666666666,0.9796728395061729,0.8526666666666667
pixraw10P,r_cf_alpha_0.99,5,0.4790000000000001,0.8137777777777778,0.4790000000000001
pixraw10P,r_cf_alpha_0.99,10,0.694,0.9183333333333332,0.694
pixraw10P,r_cf_alpha_0.99,15,0.741,0.9545555555555556,0.741
pixraw10P,r_cf_alpha_0.99,20,0.8389999999999999,0.9652777777777777,0.8389999999999999
pixraw10P,r_cf_alpha_0.99,25,0.8360000000000001,0.961888888888889,0.8360000000000001
pixraw10P,r_cf_alpha_0.99,30,0.884,0.9751666666666667,0.884
pixraw10P,r_cf_alpha_0.99,35,0.8870000000000001,0.9772222222222222,0.8870000000000001
pixraw10P,r_cf_alpha_0.99,40,0.8699999999999999,0.9781666666666666,0.8700000000000001
pixraw10P,r_cf_alpha_0.99,45,0.8719999999999999,0.9786666666666667,0.8719999999999999
pixraw10P,r_cf_alpha_0.99,50,0.866,0.9811111111111112,0.866
pixraw10P,r_cf_alpha_0.99,55,0.8780000000000001,0.9799999999999999,0.8780000000000001
pixraw10P,r_cf_alpha_0.99,60,0.867,0.9836666666666666,0.867
pixraw10P,r_cf_alpha_0.99,65,0.925,0.9893888888888889,0.925
pixraw10P,r_cf_alpha_0.99,70,0.944,0.9925,0.944
pixraw10P,r_cf_alpha_0.99,75,0.943,0.9911666666666668,0.943
pixraw10P,r_cf_alpha_0.99,80,0.938,0.9906111111111112,0.938
pixraw10P,r_cf_alpha_0.99,85,0.943,0.9902777777777777,0.943
pixraw10P,r_cf_alpha_0.99,90,0.9399999999999998,0.9886111111111111,0.9400000000000001
pixraw10P,r_cf_alpha_0.99,95,0.9339999999999999,0.989888888888889,0.9339999999999999
pixraw10P,r_cf_alpha_0.99,100,0.9259999999999999,0.9901666666666668,0.9259999999999999
pixraw10P,r_cf_alpha_0.95,5,0.6090000000000001,0.8985,0.6090000000000001
pixraw10P,r_cf_alpha_0.95,10,0.764,0.9582777777777778,0.764
pixraw10P,r_cf_alpha_0.95,15,0.7739999999999999,0.951611111111111,0.7739999999999999
pixraw10P,r_cf_alpha_0.95,20,0.795,0.9576666666666667,0.7950000000000002
pixraw10P,r_cf_alpha_0.95,25,0.7830000000000001,0.9627222222222223,0.7830000000000001
pixraw10P,r_cf_alpha_0.95,30,0.772,0.9555555555555555,0.772
pixraw10P,r_cf_alpha_0.95,35,0.764,0.9590000000000002,0.764
pixraw10P,r_cf_alpha_0.95,40,0.8389999999999999,0.975,0.8390000000000001
pixraw10P,r_cf_alpha_0.95,45,0.845,0.9765,0.845
pixraw10P,r_cf_alpha_0.95,50,0.8310000000000002,0.9775,0.8310000000000002
pixraw10P,r_cf_alpha_0.95,55,0.9229999999999998,0.9872777777777777,0.9229999999999998
pixraw10P,r_cf_alpha_0.95,60,0.9359999999999999,0.9876666666666667,0.9359999999999999
pixraw10P,r_cf_alpha_0.95,65,0.9299999999999999,0.9875,0.9299999999999999
pixraw10P,r_cf_alpha_0.95,70,0.9109999999999999,0.9835555555555555,0.9110000000000001
pixraw10P,r_cf_alpha_0.95,75,0.924,0.9840555555555556,0.924
pixraw10P,r_cf_alpha_0.95,80,0.931,0.9841111111111113,0.931
pixraw10P,r_cf_alpha_0.95,85,0.9289999999999999,0.9855,0.9289999999999999
pixraw10P,r_cf_alpha_0.95,90,0.938,0.9864444444444445,0.9380000000000001
pixraw10P,r_cf_alpha_0.95,95,0.946,0.9887777777777778,0.946
pixraw10P,r_cf_alpha_0.95,100,0.943,0.9898333333333333,0.943
pixraw10P,r_cf_alpha_0.05,5,0.5840000000000001,0.8379444444444445,0.5840000000000001
pixraw10P,r_cf_alpha_0.05,10,0.721,0.9200555555555555,0.721
pixraw10P,r_cf_alpha_0.05,15,0.7319999999999999,0.9322222222222223,0.7319999999999999
pixraw10P,r_cf_alpha_0.05,20,0.8560000000000001,0.9817777777777777,0.8560000000000001
pixraw10P,r_cf_alpha_0.05,25,0.9030000000000001,0.9831111111111112,0.9030000000000001
pixraw10P,r_cf_alpha_0.05,30,0.938,0.9889444444444443,0.938
pixraw10P,r_cf_alpha_0.05,35,0.9359999999999999,0.9862222222222222,0.9359999999999999
pixraw10P,r_cf_alpha_0.05,40,0.9299999999999999,0.9863888888888889,0.9299999999999999
pixraw10P,r_cf_alpha_0.05,45,0.9259999999999999,0.9846111111111112,0.9259999999999999
pixraw10P,r_cf_alpha_0.05,50,0.9190000000000002,0.9862777777777778,0.9190000000000002
pixraw10P,r_cf_alpha_0.05,55,0.9349999999999999,0.9886111111111111,0.9349999999999999
pixraw10P,r_cf_alpha_0.05,60,0.9259999999999999,0.9888888888888889,0.9260000000000002
pixraw10P,r_cf_alpha_0.05,65,0.9359999999999999,0.9902777777777778,0.9359999999999999
pixraw10P,r_cf_alpha_0.05,70,0.9489999999999998,0.99,0.9490000000000001
pixraw10P,r_cf_alpha_0.05,75,0.9400000000000001,0.9905555555555556,0.9400000000000001
pixraw10P,r_cf_alpha_0.05,80,0.9359999999999999,0.9876111111111111,0.9359999999999999
pixraw10P,r_cf_alpha_0.05,85,0.952,0.9931666666666669,0.952
pixraw10P,r_cf_alpha_0.05,90,0.9429999999999998,0.993,0.943
pixraw10P,r_cf_alpha_0.05,95,0.9540000000000001,0.9936111111111112,0.9540000000000001
pixraw10P,r_cf_alpha_0.05,100,0.951,0.9945,0.951
pixraw10P,r_cf_alpha_0.01,5,0.608,0.8879444444444445,0.608
pixraw10P,r_cf_alpha_0.01,10,0.687,0.9212222222222222,0.687
pixraw10P,r_cf_alpha_0.01,15,0.721,0.9486666666666667,0.721
pixraw10P,r_cf_alpha_0.01,20,0.77,0.9608333333333332,0.77
pixraw10P,r_cf_alpha_0.01,25,0.8150000000000001,0.9636666666666667,0.8150000000000001
pixraw10P,r_cf_alpha_0.01,30,0.792,0.9641666666666667,0.792
pixraw10P,r_cf_alpha_0.01,35,0.792,0.9659444444444445,0.792
pixraw10P,r_cf_alpha_0.01,40,0.8220000000000001,0.9686666666666666,0.8220000000000001
pixraw10P,r_cf_alpha_0.01,45,0.826,0.970722222222222,0.8260000000000002
pixraw10P,r_cf_alpha_0.01,50,0.9040000000000001,0.9835,0.9040000000000001
pixraw10P,r_cf_alpha_0.01,55,0.889,0.9817222222222222,0.889
pixraw10P,r_cf_alpha_0.01,60,0.8939999999999999,0.9840555555555556,0.8940000000000001
pixraw10P,r_cf_alpha_0.01,65,0.907,0.986111111111111,0.907
pixraw10P,r_cf_alpha_0.01,70,0.901,0.9843888888888888,0.901
pixraw10P,r_cf_alpha_0.01,75,0.907,0.9790555555555557,0.907
pixraw10P,r_cf_alpha_0.01,80,0.915,0.9886111111111111,0.915
pixraw10P,r_cf_alpha_0.01,85,0.9189999999999999,0.9874444444444445,0.9189999999999999
pixraw10P,r_cf_alpha_0.01,90,0.9339999999999999,0.989388888888889,0.9339999999999999
pixraw10P,r_cf_alpha_0.01,95,0.9349999999999999,0.9883333333333333,0.9349999999999999
pixraw10P,r_cf_alpha_0.01,100,0.9299999999999999,0.9895555555555555,0.9299999999999999
ALLAML,r_cf_alpha_0.99,5,0.8965714285714286,0.9667555555555556,0.8965714285714288
ALLAML,r_cf_alpha_0.99,10,0.9142857142857144,0.9621777777777778,0.9142857142857144
ALLAML,r_cf_alpha_0.99,15,0.922,0.9770666666666665,0.922
ALLAML,r_cf_alpha_0.99,20,0.9346666666666668,0.9817777777777777,0.9346666666666668
ALLAML,r_cf_alpha_0.99,25,0.9440952380952382,0.9886666666666667,0.9440952380952382
ALLAML,r_cf_alpha_0.99,30,0.9513333333333334,0.9940000000000001,0.9513333333333334
ALLAML,r_cf_alpha_0.99,35,0.9598095238095239,0.9943111111111109,0.9598095238095239
ALLAML,r_cf_alpha_0.99,40,0.9486666666666667,0.9930222222222224,0.9486666666666667
ALLAML,r_cf_alpha_0.99,45,0.9566666666666667,0.9930666666666665,0.9566666666666667
ALLAML,r_cf_alpha_0.99,50,0.9695238095238097,0.9978666666666667,0.9695238095238097
ALLAML,r_cf_alpha_0.99,55,0.9611428571428572,0.9951999999999999,0.9611428571428572
ALLAML,r_cf_alpha_0.99,60,0.9609523809523809,0.9960888888888888,0.9609523809523809
ALLAML,r_cf_alpha_0.99,65,0.9567619047619047,0.9960888888888888,0.9567619047619047
ALLAML,r_cf_alpha_0.99,70,0.9565714285714286,0.993911111111111,0.9565714285714286
ALLAML,r_cf_alpha_0.99,75,0.956952380952381,0.9917333333333334,0.956952380952381
ALLAML,r_cf_alpha_0.99,80,0.9484761904761905,0.9895111111111113,0.9484761904761905
ALLAML,r_cf_alpha_0.99,85,0.9540000000000001,0.9920888888888889,0.9540000000000001
ALLAML,r_cf_alpha_0.99,90,0.946952380952381,0.9933777777777777,0.946952380952381
ALLAML,r_cf_alpha_0.99,95,0.9440952380952382,0.9917333333333334,0.9440952380952382
ALLAML,r_cf_alpha_0.99,100,0.9498095238095239,0.9943111111111111,0.9498095238095239
ALLAML,r_cf_alpha_0.95,5,0.9103809523809524,0.9615111111111112,0.9103809523809524
ALLAML,r_cf_alpha_0.95,10,0.9261904761904762,0.979688888888889,0.9261904761904762
ALLAML,r_cf_alpha_0.95,15,0.9262857142857144,0.9796444444444443,0.9262857142857144
ALLAML,r_cf_alpha_0.95,20,0.9345714285714285,0.9716888888888888,0.9345714285714285
ALLAML,r_cf_alpha_0.95,25,0.9387619047619047,0.9835111111111111,0.9387619047619047
ALLAML,r_cf_alpha_0.95,30,0.942952380952381,0.974311111111111,0.942952380952381
ALLAML,r_cf_alpha_0.95,35,0.945809523809524,0.9852888888888888,0.945809523809524
ALLAML,r_cf_alpha_0.95,40,0.9499047619047619,0.9835555555555555,0.9499047619047619
ALLAML,r_cf_alpha_0.95,45,0.9427619047619048,0.9849777777777777,0.9427619047619048
ALLAML,r_cf_alpha_0.95,50,0.9481904761904761,0.9869777777777777,0.9481904761904761
ALLAML,r_cf_alpha_0.95,55,0.9483809523809523,0.989111111111111,0.9483809523809523
ALLAML,r_cf_alpha_0.95,60,0.9483809523809524,0.985511111111111,0.9483809523809524
ALLAML,r_cf_alpha_0.95,65,0.9556190476190476,0.9892444444444445,0.9556190476190476
ALLAML,r_cf_alpha_0.95,70,0.9472380952380952,0.9834222222222223,0.9472380952380952
ALLAML,r_cf_alpha_0.95,75,0.9443809523809523,0.9883555555555554,0.9443809523809523
ALLAML,r_cf_alpha_0.95,80,0.9371428571428572,0.9833777777777778,0.9371428571428572
ALLAML,r_cf_alpha_0.95,85,0.9415238095238095,0.9856,0.9415238095238095
ALLAML,r_cf_alpha_0.95,90,0.9456190476190477,0.9898666666666666,0.9456190476190477
ALLAML,r_cf_alpha_0.95,95,0.9496190476190478,0.9867111111111111,0.9496190476190478
ALLAML,r_cf_alpha_0.95,100,0.9413333333333334,0.9857777777777779,0.9413333333333334
ALLAML,r_cf_alpha_0.05,5,0.9413333333333334,0.9947555555555556,0.9413333333333334
ALLAML,r_cf_alpha_0.05,10,0.9511428571428573,0.9914222222222222,0.9511428571428573
ALLAML,r_cf_alpha_0.05,15,0.9344761904761905,0.9884444444444445,0.9344761904761905
ALLAML,r_cf_alpha_0.05,20,0.9484761904761905,0.9888,0.9484761904761905
ALLAML,r_cf_alpha_0.05,25,0.9555238095238096,0.9952,0.9555238095238096
ALLAML,r_cf_alpha_0.05,30,0.9610476190476192,0.9947555555555556,0.9610476190476192
ALLAML,r_cf_alpha_0.05,35,0.9498095238095239,0.9956888888888888,0.9498095238095239
ALLAML,r_cf_alpha_0.05,40,0.9553333333333335,0.9979111111111111,0.9553333333333335
ALLAML,r_cf_alpha_0.05,45,0.9582857142857144,0.9943111111111111,0.9582857142857144
ALLAML,r_cf_alpha_0.05,50,0.9541904761904763,0.9947555555555555,0.9541904761904763
ALLAML,r_cf_alpha_0.05,55,0.9541904761904763,0.9759555555555556,0.9541904761904764
ALLAML,r_cf_alpha_0.05,60,0.9513333333333334,0.9755111111111112,0.9513333333333334
ALLAML,r_cf_alpha_0.05,65,0.9496190476190476,0.9750666666666667,0.9496190476190476
ALLAML,r_cf_alpha_0.05,70,0.9459047619047618,0.9737777777777777,0.9459047619047618
ALLAML,r_cf_alpha_0.05,75,0.9499047619047619,0.9736888888888888,0.9499047619047619
ALLAML,r_cf_alpha_0.05,80,0.9441904761904762,0.9728,0.9441904761904762
ALLAML,r_cf_alpha_0.05,85,0.9483809523809524,0.9722666666666665,0.9483809523809524
ALLAML,r_cf_alpha_0.05,90,0.9457142857142857,0.974,0.9457142857142857
ALLAML,r_cf_alpha_0.05,95,0.9441904761904762,0.9773333333333334,0.9441904761904762
ALLAML,r_cf_alpha_0.05,100,0.9387619047619047,0.9795999999999999,0.9387619047619047
ALLAML,r_cf_alpha_0.01,5,0.939904761904762,0.9872,0.939904761904762
ALLAML,r_cf_alpha_0.01,10,0.9386666666666666,0.9939555555555556,0.9386666666666666
ALLAML,r_cf_alpha_0.01,15,0.9484761904761905,0.9931111111111111,0.9484761904761905
ALLAML,r_cf_alpha_0.01,20,0.9695238095238097,0.9970666666666667,0.9695238095238097
ALLAML,r_cf_alpha_0.01,25,0.956857142857143,0.993511111111111,0.956857142857143
ALLAML,r_cf_alpha_0.01,30,0.9529523809523811,0.9953333333333333,0.9529523809523811
ALLAML,r_cf_alpha_0.01,35,0.958,0.9952888888888889,0.958
ALLAML,r_cf_alpha_0.01,40,0.9666666666666668,0.9966222222222223,0.9666666666666668
ALLAML,r_cf_alpha_0.01,45,0.9694285714285715,0.9987111111111112,0.9694285714285715
ALLAML,r_cf_alpha_0.01,50,0.968,0.9982666666666666,0.968
ALLAML,r_cf_alpha_0.01,55,0.9664761904761905,0.9978666666666667,0.9664761904761905
ALLAML,r_cf_alpha_0.01,60,0.9609523809523809,0.9974666666666666,0.9609523809523809
ALLAML,r_cf_alpha_0.01,65,0.9651428571428571,0.998311111111111,0.9651428571428571
ALLAML,r_cf_alpha_0.01,70,0.9580952380952381,0.9961333333333334,0.9580952380952381
ALLAML,r_cf_alpha_0.01,75,0.9721904761904762,0.9974222222222222,0.9721904761904762
ALLAML,r_cf_alpha_0.01,80,0.9609523809523811,0.9973777777777778,0.9609523809523811
ALLAML,r_cf_alpha_0.01,85,0.9622857142857143,0.9955999999999999,0.9622857142857143
ALLAML,r_cf_alpha_0.01,90,0.9594285714285714,0.9943555555555555,0.9594285714285714
ALLAML,r_cf_alpha_0.01,95,0.9554285714285715,0.9930222222222221,0.9554285714285715
ALLAML,r_cf_alpha_0.01,100,0.9497142857142856,0.9895111111111113,0.9497142857142856
CLL_SUB_111,r_cf_alpha_0.99,5,0.641504329004329,0.7818731268731269,0.641504329004329
CLL_SUB_111,r_cf_alpha_0.99,10,0.6259632034632034,0.7987592777592778,0.6259632034632034
CLL_SUB_111,r_cf_alpha_0.99,15,0.6210281385281384,0.7789439819439818,0.6210281385281384
CLL_SUB_111,r_cf_alpha_0.99,20,0.6350974025974025,0.7999487026943167,0.6350974025974025
CLL_SUB_111,r_cf_alpha_0.99,25,0.6403787878787879,0.8038212774879442,0.6403787878787879
CLL_SUB_111,r_cf_alpha_0.99,30,0.7005194805194805,0.8487033460366794,0.7005194805194805
CLL_SUB_111,r_cf_alpha_0.99,35,0.7396969696969696,0.8668899372232705,0.7396969696969696
CLL_SUB_111,r_cf_alpha_0.99,40,0.7395670995670995,0.8687091550424885,0.7395670995670995
CLL_SUB_111,r_cf_alpha_0.99,45,0.7417316017316017,0.8781420184753518,0.7417316017316017
CLL_SUB_111,r_cf_alpha_0.99,50,0.750443722943723,0.8818369963369964,0.750443722943723
CLL_SUB_111,r_cf_alpha_0.99,55,0.7617424242424243,0.8811378498045166,0.7617424242424243
CLL_SUB_111,r_cf_alpha_0.99,60,0.7457683982683981,0.8699404916071585,0.7457683982683981
CLL_SUB_111,r_cf_alpha_0.99,65,0.7504220779220779,0.8662363870697203,0.7504220779220779
CLL_SUB_111,r_cf_alpha_0.99,70,0.75508658008658,0.8632351907351907,0.75508658008658
CLL_SUB_111,r_cf_alpha_0.99,75,0.7649350649350649,0.8793437180103847,0.7649350649350649
CLL_SUB_111,r_cf_alpha_0.99,80,0.7629761904761906,0.8751927886927886,0.7629761904761906
CLL_SUB_111,r_cf_alpha_0.99,85,0.7667207792207793,0.8837000653667321,0.7667207792207793
CLL_SUB_111,r_cf_alpha_0.99,90,0.7677056277056278,0.8791861656861657,0.7677056277056278
CLL_SUB_111,r_cf_alpha_0.99,95,0.7824675324675325,0.8876330706330707,0.7824675324675325
CLL_SUB_111,r_cf_alpha_0.99,100,0.7753138528138528,0.8861353708020374,0.7753138528138528
CLL_SUB_111,r_cf_alpha_0.95,5,0.5482034632034631,0.7295036013369346,0.5482034632034631
CLL_SUB_111,r_cf_alpha_0.95,10,0.5709199134199134,0.7287731281064614,0.5709199134199134
CLL_SUB_111,r_cf_alpha_0.95,15,0.6041774891774893,0.757237435404102,0.6041774891774893
CLL_SUB_111,r_cf_alpha_0.95,20,0.5789177489177489,0.7555700287366954,0.5789177489177489
CLL_SUB_111,r_cf_alpha_0.95,25,0.6761796536796537,0.8297037407037408,0.6761796536796537
CLL_SUB_111,r_cf_alpha_0.95,30,0.6999891774891774,0.8509471331137999,0.6999891774891774
CLL_SUB_111,r_cf_alpha_0.95,35,0.7432575757575758,0.8625973347640015,0.7432575757575758
CLL_SUB_111,r_cf_alpha_0.95,40,0.7485497835497836,0.8706736781736781,0.7485497835497836
CLL_SUB_111,r_cf_alpha_0.95,45,0.7418939393939393,0.8641205584538918,0.7418939393939393
CLL_SUB_111,r_cf_alpha_0.95,50,0.7316883116883115,0.8612463647463647,0.7316883116883115
CLL_SUB_111,r_cf_alpha_0.95,55,0.7394588744588744,0.8593211849878518,0.7394588744588744
CLL_SUB_111,r_cf_alpha_0.95,60,0.7313636363636363,0.8524334061000728,0.7313636363636363
CLL_SUB_111,r_cf_alpha_0.95,65,0.7331277056277056,0.8558324083324085,0.7331277056277056
CLL_SUB_111,r_cf_alpha_0.95,70,0.7392965367965367,0.8605003453336785,0.7392965367965367
CLL_SUB_111,r_cf_alpha_0.95,75,0.7232467532467532,0.8548399131732465,0.7232467532467532
CLL_SUB_111,r_cf_alpha_0.95,80,0.7311471861471861,0.8592206373873041,0.7311471861471861
CLL_SUB_111,r_cf_alpha_0.95,85,0.7335064935064936,0.86125760659094,0.7335064935064936
CLL_SUB_111,r_cf_alpha_0.95,90,0.7477489177489177,0.8707895129561797,0.7477489177489177
CLL_SUB_111,r_cf_alpha_0.95,95,0.741969696969697,0.8715292978626312,0.741969696969697
CLL_SUB_111,r_cf_alpha_0.95,100,0.7492640692640692,0.8701898780232113,0.7492640692640692
CLL_SUB_111,r_cf_alpha_0.05,5,0.6048809523809524,0.7670523118856452,0.6048809523809524
CLL_SUB_111,r_cf_alpha_0.05,10,0.6553138528138528,0.8125056733390066,0.6553138528138528
CLL_SUB_111,r_cf_alpha_0.05,15,0.6742207792207793,0.8383428115094782,0.6742207792207793
CLL_SUB_111,r_cf_alpha_0.05,20,0.6682900432900432,0.8280748387415053,0.6682900432900432
CLL_SUB_111,r_cf_alpha_0.05,25,0.6634090909090908,0.8217344815678148,0.6634090909090908
CLL_SUB_111,r_cf_alpha_0.05,30,0.6462445887445887,0.8070031141697808,0.6462445887445887
CLL_SUB_111,r_cf_alpha_0.05,35,0.6531818181818181,0.80442562992563,0.6531818181818181
CLL_SUB_111,r_cf_alpha_0.05,40,0.6573809523809524,0.8161720316720317,0.6573809523809524
CLL_SUB_111,r_cf_alpha_0.05,45,0.6611688311688311,0.8254511969511971,0.6611688311688311
CLL_SUB_111,r_cf_alpha_0.05,50,0.7227705627705628,0.8607077675411009,0.7227705627705628
CLL_SUB_111,r_cf_alpha_0.05,55,0.7101190476190476,0.8547620650953984,0.7101190476190476
CLL_SUB_111,r_cf_alpha_0.05,60,0.6998376623376623,0.8532241647241647,0.6998376623376623
CLL_SUB_111,r_cf_alpha_0.05,65,0.7002922077922078,0.8503584501917836,0.7002922077922078
CLL_SUB_111,r_cf_alpha_0.05,70,0.690573593073593,0.8447589385922718,0.690573593073593
CLL_SUB_111,r_cf_alpha_0.05,75,0.7413095238095238,0.8764818884818885,0.7413095238095238
CLL_SUB_111,r_cf_alpha_0.05,80,0.7333116883116882,0.8788783808783809,0.7333116883116882
CLL_SUB_111,r_cf_alpha_0.05,85,0.7703463203463203,0.9042377622377622,0.7703463203463203
CLL_SUB_111,r_cf_alpha_0.05,90,0.7565151515151516,0.8977373737373735,0.7565151515151516
CLL_SUB_111,r_cf_alpha_0.05,95,0.7608982683982684,0.8984629691296357,0.7608982683982684
CLL_SUB_111,r_cf_alpha_0.05,100,0.7694372294372295,0.899099758266425,0.7694372294372295
CLL_SUB_111,r_cf_alpha_0.01,5,0.6191450216450216,0.7746851975185309,0.6191450216450216
CLL_SUB_111,r_cf_alpha_0.01,10,0.6096645021645021,0.7670479088812422,0.6096645021645021
CLL_SUB_111,r_cf_alpha_0.01,15,0.5953463203463203,0.7753474365141032,0.5953463203463203
CLL_SUB_111,r_cf_alpha_0.01,20,0.6778354978354978,0.8209160345827012,0.6778354978354978
CLL_SUB_111,r_cf_alpha_0.01,25,0.7276948051948051,0.870954224787558,0.7276948051948051
CLL_SUB_111,r_cf_alpha_0.01,30,0.7072619047619046,0.8665097680097681,0.7072619047619046
CLL_SUB_111,r_cf_alpha_0.01,35,0.7495129870129871,0.8750107978441312,0.7495129870129871
CLL_SUB_111,r_cf_alpha_0.01,40,0.7506493506493506,0.8786835020080634,0.7506493506493506
CLL_SUB_111,r_cf_alpha_0.01,45,0.7356168831168832,0.8706745538412205,0.7356168831168832
CLL_SUB_111,r_cf_alpha_0.01,50,0.733051948051948,0.8657701249367916,0.733051948051948
CLL_SUB_111,r_cf_alpha_0.01,55,0.7177705627705627,0.8685176181842849,0.7177705627705627
CLL_SUB_111,r_cf_alpha_0.01,60,0.7159956709956711,0.8603737250403917,0.7159956709956711
CLL_SUB_111,r_cf_alpha_0.01,65,0.7612445887445887,0.8763343015009681,0.7612445887445887
CLL_SUB_111,r_cf_alpha_0.01,70,0.7429545454545454,0.8727097778764445,0.7429545454545454
CLL_SUB_111,r_cf_alpha_0.01,75,0.7438095238095238,0.8767548747548748,0.7438095238095238
CLL_SUB_111,r_cf_alpha_0.01,80,0.7325324675324676,0.8762093955427289,0.7325324675324676
CLL_SUB_111,r_cf_alpha_0.01,85,0.7329870129870131,0.8701644836644835,0.7329870129870131
CLL_SUB_111,r_cf_alpha_0.01,90,0.7396320346320346,0.8755390967057635,0.7396320346320346
CLL_SUB_111,r_cf_alpha_0.01,95,0.745573593073593,0.8838964985631652,0.745573593073593
CLL_SUB_111,r_cf_alpha_0.01,100,0.7595454545454545,0.893853843687177,0.7595454545454545
ORL,r_cf_alpha_0.99,5,0.20800000000000002,0.8067211538461537,0.20800000000000002
ORL,r_cf_alpha_0.99,10,0.29525,0.856919871794872,0.29525
ORL,r_cf_alpha_0.99,15,0.45924999999999994,0.9165608974358974,0.45925000000000005
ORL,r_cf_alpha_0.99,20,0.5752499999999998,0.9357115384615385,0.5752499999999998
ORL,r_cf_alpha_0.99,25,0.6612500000000001,0.9533237179487181,0.6612500000000001
ORL,r_cf_alpha_0.99,30,0.67725,0.9590416666666666,0.67725
ORL,r_cf_alpha_0.99,35,0.70125,0.9643044871794872,0.70125
ORL,r_cf_alpha_0.99,40,0.715,0.9687820512820512,0.715
ORL,r_cf_alpha_0.99,45,0.7370000000000001,0.9700897435897435,0.7370000000000001
ORL,r_cf_alpha_0.99,50,0.74525,0.9718429487179486,0.74525
ORL,r_cf_alpha_0.99,55,0.76575,0.9736891025641027,0.76575
ORL,r_cf_alpha_0.99,60,0.769,0.9741314102564103,0.769
ORL,r_cf_alpha_0.99,65,0.7874999999999999,0.9767756410256411,0.7875
ORL,r_cf_alpha_0.99,70,0.7987500000000001,0.978772435897436,0.7987500000000001
ORL,r_cf_alpha_0.99,75,0.819,0.9804711538461539,0.819
ORL,r_cf_alpha_0.99,80,0.82325,0.980823717948718,0.82325
ORL,r_cf_alpha_0.99,85,0.8387499999999999,0.9827403846153846,0.8387499999999999
ORL,r_cf_alpha_0.99,90,0.83675,0.9835865384615385,0.83675
ORL,r_cf_alpha_0.99,95,0.842,0.9832756410256411,0.842
ORL,r_cf_alpha_0.99,100,0.8484999999999999,0.9837692307692307,0.8484999999999999
ORL,r_cf_alpha_0.95,5,0.20125,0.8178782051282052,0.20125
ORL,r_cf_alpha_0.95,10,0.38849999999999996,0.898298076923077,0.3885
ORL,r_cf_alpha_0.95,15,0.49725,0.9159294871794874,0.49725
ORL,r_cf_alpha_0.95,20,0.6085,0.9328429487179488,0.6085
ORL,r_cf_alpha_0.95,25,0.651,0.9451762820512821,0.651
ORL,r_cf_alpha_0.95,30,0.68575,0.952676282051282,0.68575
ORL,r_cf_alpha_0.95,35,0.70525,0.9566698717948718,0.70525
ORL,r_cf_alpha_0.95,40,0.7342500000000001,0.9666538461538462,0.7342500000000001
ORL,r_cf_alpha_0.95,45,0.74625,0.969022435897436,0.74625
ORL,r_cf_alpha_0.95,50,0.7715,0.972727564102564,0.7715
ORL,r_cf_alpha_0.95,55,0.7965000000000001,0.9757179487179487,0.7965000000000001
ORL,r_cf_alpha_0.95,60,0.8167500000000001,0.9790288461538463,0.8167500000000002
ORL,r_cf_alpha_0.95,65,0.8147500000000001,0.9809070512820511,0.8147500000000001
ORL,r_cf_alpha_0.95,70,0.8255000000000001,0.9811314102564103,0.8255000000000001
ORL,r_cf_alpha_0.95,75,0.8345,0.9818044871794871,0.8345
ORL,r_cf_alpha_0.95,80,0.84575,0.9835897435897435,0.84575
ORL,r_cf_alpha_0.95,85,0.8350000000000002,0.983121794871795,0.8350000000000002
ORL,r_cf_alpha_0.95,90,0.8375,0.9821634615384613,0.8375
ORL,r_cf_alpha_0.95,95,0.8375,0.9827564102564104,0.8375
ORL,r_cf_alpha_0.95,100,0.84825,0.9841025641025641,0.84825
ORL,r_cf_alpha_0.05,5,0.2085,0.8082307692307692,0.2085
ORL,r_cf_alpha_0.05,10,0.31725,0.8594583333333332,0.31725
ORL,r_cf_alpha_0.05,15,0.5057499999999998,0.9224134615384616,0.5057499999999998
ORL,r_cf_alpha_0.05,20,0.5584999999999999,0.9338525641025639,0.5584999999999999
ORL,r_cf_alpha_0.05,25,0.64275,0.9497596153846155,0.64275
ORL,r_cf_alpha_0.05,30,0.6735,0.9520673076923079,0.6735
ORL,r_cf_alpha_0.05,35,0.742,0.9674775641025641,0.742
ORL,r_cf_alpha_0.05,40,0.7427499999999999,0.9706955128205127,0.7427499999999999
ORL,r_cf_alpha_0.05,45,0.7645000000000001,0.9727820512820514,0.7645000000000001
ORL,r_cf_alpha_0.05,50,0.7585,0.9724038461538462,0.7585000000000001
ORL,r_cf_alpha_0.05,55,0.76325,0.9733525641025642,0.76325
ORL,r_cf_alpha_0.05,60,0.79375,0.9759102564102564,0.7937500000000001
ORL,r_cf_alpha_0.05,65,0.7875,0.9765096153846153,0.7875000000000001
ORL,r_cf_alpha_0.05,70,0.7997500000000001,0.9760544871794871,0.7997500000000001
ORL,r_cf_alpha_0.05,75,0.8032499999999999,0.9805320512820511,0.80325
ORL,r_cf_alpha_0.05,80,0.8167500000000001,0.9795224358974359,0.8167500000000001
ORL,r_cf_alpha_0.05,85,0.8230000000000001,0.9815673076923076,0.8230000000000001
ORL,r_cf_alpha_0.05,90,0.8325000000000001,0.9801858974358975,0.8325000000000001
ORL,r_cf_alpha_0.05,95,0.8265,0.981022435897436,0.8265
ORL,r_cf_alpha_0.05,100,0.8285,0.981919871794872,0.8285
ORL,r_cf_alpha_0.01,5,0.18825,0.7742756410256411,0.18825
ORL,r_cf_alpha_0.01,10,0.31700000000000006,0.8707371794871797,0.31700000000000006
ORL,r_cf_alpha_0.01,15,0.4225,0.9033269230769232,0.42250000000000004
ORL,r_cf_alpha_0.01,20,0.60325,0.9405256410256412,0.60325
ORL,r_cf_alpha_0.01,25,0.60875,0.9445064102564104,0.60875
ORL,r_cf_alpha_0.01,30,0.6679999999999999,0.9550897435897436,0.6679999999999999
ORL,r_cf_alpha_0.01,35,0.6797500000000001,0.9593717948717948,0.6797500000000001
ORL,r_cf_alpha_0.01,40,0.73625,0.9660897435897435,0.7362500000000001
ORL,r_cf_alpha_0.01,45,0.7452500000000001,0.9659262820512821,0.7452500000000001
ORL,r_cf_alpha_0.01,50,0.75975,0.9700544871794872,0.75975
ORL,r_cf_alpha_0.01,55,0.7747499999999999,0.9729871794871794,0.77475
ORL,r_cf_alpha_0.01,60,0.7847500000000001,0.9769166666666667,0.7847500000000001
ORL,r_cf_alpha_0.01,65,0.7950000000000002,0.9763974358974359,0.7950000000000002
ORL,r_cf_alpha_0.01,70,0.80375,0.9766153846153847,0.80375
ORL,r_cf_alpha_0.01,75,0.8150000000000001,0.978721153846154,0.8150000000000001
ORL,r_cf_alpha_0.01,80,0.819,0.979496794871795,0.819
ORL,r_cf_alpha_0.01,85,0.8190000000000002,0.9784839743589743,0.8190000000000002
ORL,r_cf_alpha_0.01,90,0.821,0.9798589743589743,0.8210000000000001
ORL,r_cf_alpha_0.01,95,0.8237500000000001,0.9794198717948719,0.8237500000000001
ORL,r_cf_alpha_0.01,100,0.8274999999999999,0.9813269230769232,0.8275
TOX_171,r_cf_alpha_0.99,5,0.5328764960529667,0.7698153998778998,0.5328764960529667
TOX_171,r_cf_alpha_0.99,10,0.6003728036669214,0.8421024165649167,0.6003728036669214
TOX_171,r_cf_alpha_0.99,15,0.6030954927425516,0.8236984483109483,0.6030954927425516
TOX_171,r_cf_alpha_0.99,20,0.62559867583397,0.8540881562881563,0.62559867583397
TOX_171,r_cf_alpha_0.99,25,0.639474917239623,0.8600919973544974,0.639474917239623
TOX_171,r_cf_alpha_0.99,30,0.6578314234784823,0.8684613502238502,0.6578314234784823
TOX_171,r_cf_alpha_0.99,35,0.6733149987267635,0.8794902625152625,0.6733149987267635
TOX_171,r_cf_alpha_0.99,40,0.7167374586198115,0.9042877849002849,0.7167374586198115
TOX_171,r_cf_alpha_0.99,45,0.7313425006366183,0.9157076668701668,0.7313425006366183
TOX_171,r_cf_alpha_0.99,50,0.7592706900942195,0.9277937372812373,0.7592706900942195
TOX_171,r_cf_alpha_0.99,55,0.7688260758848995,0.9327973137973139,0.7688260758848995
TOX_171,r_cf_alpha_0.99,60,0.7886243952126305,0.9401610856735857,0.7886243952126305
TOX_171,r_cf_alpha_0.99,65,0.7805434173669468,0.9404145146520146,0.7805434173669468
TOX_171,r_cf_alpha_0.99,70,0.7781349630761395,0.9364247761497762,0.7781349630761396
TOX_171,r_cf_alpha_0.99,75,0.7793292589763178,0.9368348239723241,0.7793292589763178
TOX_171,r_cf_alpha_0.99,80,0.8028540870893812,0.9406185286935287,0.8028540870893812
TOX_171,r_cf_alpha_0.99,85,0.8061757066462947,0.9485420940170941,0.8061757066462949
TOX_171,r_cf_alpha_0.99,90,0.8126671759612936,0.950418203093203,0.8126671759612936
TOX_171,r_cf_alpha_0.99,95,0.8150557677616501,0.9524016483516483,0.8150557677616501
TOX_171,r_cf_alpha_0.99,100,0.8272625413801883,0.9581920736670739,0.8272625413801883
TOX_171,r_cf_alpha_0.95,5,0.531003819709702,0.7894524063899063,0.531003819709702
TOX_171,r_cf_alpha_0.95,10,0.5610022918258212,0.8127511955636957,0.5610022918258212
TOX_171,r_cf_alpha_0.95,15,0.6315900178253119,0.8487992928367929,0.6315900178253119
TOX_171,r_cf_alpha_0.95,20,0.6438502673796792,0.8664350172975173,0.6438502673796792
TOX_171,r_cf_alpha_0.95,25,0.6571255411255412,0.8631780677655676,0.6571255411255412
TOX_171,r_cf_alpha_0.95,30,0.6648805704099823,0.8740229700854701,0.6648805704099823
TOX_171,r_cf_alpha_0.95,35,0.681756557168322,0.8899318376068377,0.681756557168322
TOX_171,r_cf_alpha_0.95,40,0.7257046091163739,0.9125168905168903,0.7257046091163739
TOX_171,r_cf_alpha_0.95,45,0.7490089126559716,0.9324792582417583,0.7490089126559716
TOX_171,r_cf_alpha_0.95,50,0.7623891010949835,0.9330890567765568,0.7623891010949835
TOX_171,r_cf_alpha_0.95,55,0.742584670231729,0.9298561711436711,0.742584670231729
TOX_171,r_cf_alpha_0.95,60,0.7483009931245226,0.9313672771672771,0.7483009931245226
TOX_171,r_cf_alpha_0.95,65,0.7611937866055513,0.932199058811559,0.7611937866055513
TOX_171,r_cf_alpha_0.95,70,0.7564145658263306,0.9314888176638176,0.7564145658263306
TOX_171,r_cf_alpha_0.95,75,0.7741074611662847,0.9400952279202279,0.7741074611662847
TOX_171,r_cf_alpha_0.95,80,0.8010409982174688,0.9495077228327228,0.8010409982174688
TOX_171,r_cf_alpha_0.95,85,0.80109243697479,0.9487622507122507,0.80109243697479
TOX_171,r_cf_alpha_0.95,90,0.8190430353959766,0.9500423026048026,0.8190430353959766
TOX_171,r_cf_alpha_0.95,95,0.8189075630252102,0.9525198972323972,0.8189075630252102
TOX_171,r_cf_alpha_0.95,100,0.8163295136236313,0.9523962657712659,0.8163295136236313
TOX_171,r_cf_alpha_0.05,5,0.6240152788388083,0.837634706959707,0.6240152788388083
TOX_171,r_cf_alpha_0.05,10,0.5967613954672778,0.8394084554334554,0.5967613954672778
TOX_171,r_cf_alpha_0.05,15,0.5898212375859434,0.8431698361823361,0.5898212375859434
TOX_171,r_cf_alpha_0.05,20,0.6328428826075886,0.8641124643874644,0.6328428826075886
TOX_171,r_cf_alpha_0.05,25,0.6842765469824293,0.8900634615384615,0.6842765469824293
TOX_171,r_cf_alpha_0.05,30,0.7086335625159156,0.8943084757834757,0.7086335625159156
TOX_171,r_cf_alpha_0.05,35,0.7012783295136237,0.8942049247049247,0.7012783295136237
TOX_171,r_cf_alpha_0.05,40,0.7230430353959766,0.9032958180708179,0.7230430353959766
TOX_171,r_cf_alpha_0.05,45,0.7501288515406163,0.9121857193732194,0.7501288515406163
TOX_171,r_cf_alpha_0.05,50,0.7548209829386299,0.9196363603988603,0.7548209829386299
TOX_171,r_cf_alpha_0.05,55,0.7461981156098803,0.9155251170126171,0.7461981156098805
TOX_171,r_cf_alpha_0.05,60,0.7488632543926662,0.9257075752950754,0.7488632543926662
TOX_171,r_cf_alpha_0.05,65,0.7666106442577031,0.9289396927146927,0.7666106442577031
TOX_171,r_cf_alpha_0.05,70,0.7683386809269162,0.9299935490435491,0.7683386809269164
TOX_171,r_cf_alpha_0.05,75,0.7653776419658773,0.9303989774114776,0.7653776419658773
TOX_171,r_cf_alpha_0.05,80,0.7640636618283677,0.9291797262922262,0.7640636618283677
TOX_171,r_cf_alpha_0.05,85,0.7724415584415585,0.9283997303622303,0.7724415584415585
TOX_171,r_cf_alpha_0.05,90,0.7763020117137763,0.9290121286121286,0.7763020117137764
TOX_171,r_cf_alpha_0.05,95,0.7945077667430609,0.939091671754172,0.7945077667430609
TOX_171,r_cf_alpha_0.05,100,0.7856557168321874,0.9387289936914938,0.7856557168321874
TOX_171,r_cf_alpha_0.01,5,0.4763432645785587,0.7320307641432642,0.4763432645785587
TOX_171,r_cf_alpha_0.01,10,0.48894117647058816,0.7405522283272283,0.48894117647058816
TOX_171,r_cf_alpha_0.01,15,0.5594076903488668,0.8168132783882782,0.5594076903488668
TOX_171,r_cf_alpha_0.01,20,0.611423987776929,0.8461327431827431,0.611423987776929
TOX_171,r_cf_alpha_0.01,25,0.6759108734402852,0.8880080484330485,0.6759108734402852
TOX_171,r_cf_alpha_0.01,30,0.7264721161191751,0.9088607295482296,0.7264721161191751
TOX_171,r_cf_alpha_0.01,35,0.7256511331805451,0.9103179232804234,0.7256511331805451
TOX_171,r_cf_alpha_0.01,40,0.7456266870384518,0.9192536477411476,0.7456266870384518
TOX_171,r_cf_alpha_0.01,45,0.7286972243442833,0.9211248473748475,0.7286972243442833
TOX_171,r_cf_alpha_0.01,50,0.7508902470078941,0.9305546041921042,0.7508902470078941
TOX_171,r_cf_alpha_0.01,55,0.7613134708428826,0.9319087352462354,0.7613134708428828
TOX_171,r_cf_alpha_0.01,60,0.7739689330277566,0.9315676332926331,0.7739689330277566
TOX_171,r_cf_alpha_0.01,65,0.807615482556659,0.9457464489214489,0.807615482556659
TOX_171,r_cf_alpha_0.01,70,0.7881441303794244,0.9426788207163209,0.7881441303794245
TOX_171,r_cf_alpha_0.01,75,0.7863962312197607,0.9416304894179894,0.7863962312197607
TOX_171,r_cf_alpha_0.01,80,0.7975294117647059,0.9477089133089134,0.797529411764706
TOX_171,r_cf_alpha_0.01,85,0.809519735166794,0.9455959096459097,0.809519735166794
TOX_171,r_cf_alpha_0.01,90,0.8151637382225617,0.9458838420838422,0.8151637382225617
TOX_171,r_cf_alpha_0.01,95,0.8302633053221289,0.9504530016280015,0.8302633053221289
TOX_171,r_cf_alpha_0.01,100,0.820409472880061,0.9501881613756613,0.820409472880061
Yale,r_cf_alpha_0.99,5,0.196,0.6596587301587302,0.196
Yale,r_cf_alpha_0.99,10,0.31555555555555553,0.7566666666666666,0.31555555555555553
Yale,r_cf_alpha_0.99,15,0.3366666666666667,0.7751984126984126,0.3366666666666667
Yale,r_cf_alpha_0.99,20,0.3884444444444445,0.808616402116402,0.3884444444444445
Yale,r_cf_alpha_0.99,25,0.39333333333333337,0.8070238095238095,0.3933333333333334
Yale,r_cf_alpha_0.99,30,0.4415555555555555,0.8230767195767195,0.4415555555555555
Yale,r_cf_alpha_0.99,35,0.4346666666666666,0.8411084656084655,0.43466666666666676
Yale,r_cf_alpha_0.99,40,0.4724444444444444,0.8514444444444444,0.4724444444444444
Yale,r_cf_alpha_0.99,45,0.5142222222222222,0.8711693121693121,0.5142222222222222
Yale,r_cf_alpha_0.99,50,0.5331111111111111,0.8818941798941801,0.5331111111111111
Yale,r_cf_alpha_0.99,55,0.5831111111111111,0.9076005291005291,0.5831111111111111
Yale,r_cf_alpha_0.99,60,0.574,0.9036851851851851,0.574
Yale,r_cf_alpha_0.99,65,0.58,0.903674603174603,0.58
Yale,r_cf_alpha_0.99,70,0.6064444444444443,0.910857142857143,0.6064444444444443
Yale,r_cf_alpha_0.99,75,0.5897777777777777,0.9141031746031747,0.5897777777777777
Yale,r_cf_alpha_0.99,80,0.5815555555555555,0.9098095238095238,0.5815555555555555
Yale,r_cf_alpha_0.99,85,0.6073333333333333,0.9131481481481482,0.6073333333333333
Yale,r_cf_alpha_0.99,90,0.6106666666666667,0.921904761904762,0.6106666666666667
Yale,r_cf_alpha_0.99,95,0.6431111111111111,0.9272804232804234,0.6431111111111111
Yale,r_cf_alpha_0.99,100,0.6564444444444445,0.9343571428571428,0.6564444444444445
Yale,r_cf_alpha_0.95,5,0.1942222222222222,0.6470052910052909,0.19422222222222224
Yale,r_cf_alpha_0.95,10,0.2464444444444444,0.6702936507936508,0.2464444444444444
Yale,r_cf_alpha_0.95,15,0.31955555555555554,0.7320476190476191,0.3195555555555556
Yale,r_cf_alpha_0.95,20,0.37955555555555553,0.7622857142857142,0.37955555555555553
Yale,r_cf_alpha_0.95,25,0.4017777777777778,0.800074074074074,0.4017777777777778
Yale,r_cf_alpha_0.95,30,0.44666666666666666,0.8322539682539682,0.44666666666666666
Yale,r_cf_alpha_0.95,35,0.4726666666666667,0.8467830687830687,0.4726666666666667
Yale,r_cf_alpha_0.95,40,0.5015555555555556,0.8634576719576719,0.5015555555555556
Yale,r_cf_alpha_0.95,45,0.6066666666666667,0.903010582010582,0.6066666666666667
Yale,r_cf_alpha_0.95,50,0.5991111111111111,0.9054708994708994,0.5991111111111111
Yale,r_cf_alpha_0.95,55,0.5971111111111111,0.9030185185185186,0.5971111111111111
Yale,r_cf_alpha_0.95,60,0.6062222222222222,0.9058095238095237,0.6062222222222222
Yale,r_cf_alpha_0.95,65,0.6157777777777778,0.9118121693121692,0.6157777777777778
Yale,r_cf_alpha_0.95,70,0.6386666666666666,0.9183174603174603,0.6386666666666666
Yale,r_cf_alpha_0.95,75,0.6555555555555557,0.9180978835978836,0.6555555555555557
Yale,r_cf_alpha_0.95,80,0.6568888888888889,0.9261296296296295,0.6568888888888889
Yale,r_cf_alpha_0.95,85,0.6613333333333332,0.9229153439153439,0.6613333333333332
Yale,r_cf_alpha_0.95,90,0.6564444444444445,0.9258227513227514,0.6564444444444445
Yale,r_cf_alpha_0.95,95,0.6524444444444445,0.9246772486772488,0.6524444444444445
Yale,r_cf_alpha_0.95,100,0.650888888888889,0.9214550264550265,0.650888888888889
Yale,r_cf_alpha_0.05,5,0.1768888888888889,0.6652671957671957,0.1768888888888889
Yale,r_cf_alpha_0.05,10,0.2786666666666667,0.7118148148148148,0.2786666666666667
Yale,r_cf_alpha_0.05,15,0.31733333333333336,0.7515264550264551,0.31733333333333336
Yale,r_cf_alpha_0.05,20,0.3733333333333333,0.7896269841269842,0.3733333333333333
Yale,r_cf_alpha_0.05,25,0.39711111111111114,0.8143783068783069,0.39711111111111114
Yale,r_cf_alpha_0.05,30,0.4482222222222223,0.8348280423280423,0.4482222222222223
Yale,r_cf_alpha_0.05,35,0.45155555555555554,0.8384761904761906,0.45155555555555554
Yale,r_cf_alpha_0.05,40,0.48533333333333334,0.8522089947089947,0.48533333333333334
Yale,r_cf_alpha_0.05,45,0.5157777777777777,0.8592857142857143,0.5157777777777778
Yale,r_cf_alpha_0.05,50,0.5277777777777779,0.8655714285714285,0.5277777777777779
Yale,r_cf_alpha_0.05,55,0.5522222222222222,0.8793068783068783,0.5522222222222222
Yale,r_cf_alpha_0.05,60,0.5582222222222223,0.8844179894179895,0.5582222222222223
Yale,r_cf_alpha_0.05,65,0.5782222222222222,0.8896269841269842,0.5782222222222222
Yale,r_cf_alpha_0.05,70,0.6000000000000001,0.8975873015873017,0.6000000000000001
Yale,r_cf_alpha_0.05,75,0.6177777777777778,0.9070264550264552,0.6177777777777778
Yale,r_cf_alpha_0.05,80,0.6315555555555555,0.9080264550264548,0.6315555555555555
Yale,r_cf_alpha_0.05,85,0.6288888888888889,0.9106878306878308,0.6288888888888889
Yale,r_cf_alpha_0.05,90,0.6446666666666666,0.9145740740740742,0.6446666666666666
Yale,r_cf_alpha_0.05,95,0.6524444444444444,0.916595238095238,0.6524444444444444
Yale,r_cf_alpha_0.05,100,0.6513333333333333,0.9201984126984126,0.6513333333333333
Yale,r_cf_alpha_0.01,5,0.20044444444444448,0.6637513227513228,0.20044444444444448
Yale,r_cf_alpha_0.01,10,0.24755555555555558,0.7116481481481481,0.24755555555555558
Yale,r_cf_alpha_0.01,15,0.31755555555555554,0.767526455026455,0.31755555555555554
Yale,r_cf_alpha_0.01,20,0.3828888888888889,0.8038703703703703,0.38288888888888895
Yale,r_cf_alpha_0.01,25,0.4417777777777777,0.8497751322751321,0.4417777777777777
Yale,r_cf_alpha_0.01,30,0.46177777777777773,0.8488994708994708,0.46177777777777773
Yale,r_cf_alpha_0.01,35,0.49000000000000005,0.8637380952380953,0.49000000000000005
Yale,r_cf_alpha_0.01,40,0.534,0.8776375661375662,0.534
Yale,r_cf_alpha_0.01,45,0.5348888888888887,0.8806560846560846,0.5348888888888887
Yale,r_cf_alpha_0.01,50,0.5371111111111111,0.8856402116402118,0.5371111111111111
Yale,r_cf_alpha_0.01,55,0.546888888888889,0.8872037037037037,0.546888888888889
Yale,r_cf_alpha_0.01,60,0.5435555555555556,0.8865925925925925,0.5435555555555556
Yale,r_cf_alpha_0.01,65,0.5695555555555555,0.8887698412698413,0.5695555555555555
Yale,r_cf_alpha_0.01,70,0.574888888888889,0.8953597883597884,0.574888888888889
Yale,r_cf_alpha_0.01,75,0.5773333333333333,0.9002248677248677,0.5773333333333333
Yale,r_cf_alpha_0.01,80,0.586,0.9025608465608466,0.586
Yale,r_cf_alpha_0.01,85,0.6233333333333333,0.9122486772486773,0.6233333333333333
Yale,r_cf_alpha_0.01,90,0.6288888888888888,0.9193597883597884,0.6288888888888889
Yale,r_cf_alpha_0.01,95,0.6344444444444446,0.9243492063492063,0.6344444444444446
Yale,r_cf_alpha_0.01,100,0.62,0.9222910052910052,0.62
vowel-context,r_cf_alpha_0.99,1,0.21474747474747474,0.6104719416386084,0.21474747474747474
vowel-context,r_cf_alpha_0.99,2,0.30383838383838385,0.7482087542087542,0.30383838383838385
vowel-context,r_cf_alpha_0.99,3,0.32808080808080803,0.7324079685746352,0.32808080808080803
vowel-context,r_cf_alpha_0.99,4,0.3709090909090909,0.7652413019079686,0.3709090909090909
vowel-context,r_cf_alpha_0.99,5,0.4136363636363637,0.7977654320987655,0.4136363636363637
vowel-context,r_cf_alpha_0.99,6,0.44080808080808087,0.8098529741863075,0.44080808080808087
vowel-context,r_cf_alpha_0.99,7,0.4601010101010101,0.8162710437710438,0.4601010101010101
vowel-context,r_cf_alpha_0.99,8,0.45585858585858585,0.8134618406285072,0.45585858585858585
vowel-context,r_cf_alpha_0.99,9,0.46252525252525245,0.8135931537598206,0.46252525252525245
vowel-context,r_cf_alpha_0.99,10,0.4732323232323233,0.8228978675645342,0.4732323232323233
vowel-context,r_cf_alpha_0.95,1,0.21474747474747474,0.6104719416386084,0.21474747474747474
vowel-context,r_cf_alpha_0.95,2,0.30383838383838385,0.7482087542087542,0.30383838383838385
vowel-context,r_cf_alpha_0.95,3,0.32808080808080803,0.7324079685746352,0.32808080808080803
vowel-context,r_cf_alpha_0.95,4,0.3709090909090909,0.7652413019079686,0.3709090909090909
vowel-context,r_cf_alpha_0.95,5,0.4136363636363637,0.7977654320987655,0.4136363636363637
vowel-context,r_cf_alpha_0.95,6,0.44080808080808087,0.8098529741863075,0.44080808080808087
vowel-context,r_cf_alpha_0.95,7,0.43686868686868685,0.8033204264870932,0.43686868686868685
vowel-context,r_cf_alpha_0.95,8,0.45585858585858585,0.8134618406285072,0.45585858585858585
vowel-context,r_cf_alpha_0.95,9,0.46252525252525245,0.8135931537598206,0.46252525252525245
vowel-context,r_cf_alpha_0.95,10,0.4732323232323233,0.8228978675645342,0.4732323232323233
vowel-context,r_cf_alpha_0.05,1,0.21474747474747474,0.6104719416386084,0.21474747474747474
vowel-context,r_cf_alpha_0.05,2,0.30383838383838385,0.7482087542087542,0.30383838383838385
vowel-context,r_cf_alpha_0.05,3,0.32808080808080803,0.7324079685746352,0.32808080808080803
vowel-context,r_cf_alpha_0.05,4,0.3709090909090909,0.7652413019079686,0.3709090909090909
vowel-context,r_cf_alpha_0.05,5,0.4136363636363637,0.7977654320987655,0.4136363636363637
vowel-context,r_cf_alpha_0.05,6,0.44080808080808087,0.8098529741863075,0.44080808080808087
vowel-context,r_cf_alpha_0.05,7,0.43686868686868685,0.8033204264870932,0.43686868686868685
vowel-context,r_cf_alpha_0.05,8,0.45585858585858585,0.8134618406285072,0.45585858585858585
vowel-context,r_cf_alpha_0.05,9,0.46252525252525245,0.8135931537598206,0.46252525252525245
vowel-context,r_cf_alpha_0.05,10,0.4732323232323233,0.8228978675645342,0.4732323232323233
vowel-context,r_cf_alpha_0.01,1,0.21474747474747474,0.6104719416386084,0.21474747474747474
vowel-context,r_cf_alpha_0.01,2,0.30383838383838385,0.7482087542087542,0.30383838383838385
vowel-context,r_cf_alpha_0.01,3,0.32808080808080803,0.7324079685746352,0.32808080808080803
vowel-context,r_cf_alpha_0.01,4,0.36595959595959593,0.7688782267115599,0.36595959595959593
vowel-context,r_cf_alpha_0.01,5,0.4136363636363637,0.7977654320987655,0.4136363636363637
vowel-context,r_cf_alpha_0.01,6,0.44080808080808087,0.8098529741863075,0.44080808080808087
vowel-context,r_cf_alpha_0.01,7,0.43686868686868685,0.8033204264870932,0.43686868686868685
vowel-context,r_cf_alpha_0.01,8,0.45585858585858585,0.8134618406285072,0.45585858585858585
vowel-context,r_cf_alpha_0.01,9,0.46252525252525245,0.8135931537598206,0.46252525252525245
vowel-context,r_cf_alpha_0.01,10,0.4732323232323233,0.8228978675645342,0.4732323232323233
