summary_scope,task,dataset_source,dataset_type,method_family,variant,n_runs,n_success,n_datasets,elapsed_seconds_mean,elapsed_seconds_median,elapsed_seconds_std,elapsed_ratio_vs_family_default_mean,elapsed_ratio_vs_family_default_median,mean_depth_mean,max_depth_mean,mean_features_used_per_tree_mean,importance_nonzero_count_mean,precision_at_10_mean,recall_at_10_mean,f1_at_10_mean
dataset_source,clf,real,__all__,cit,cit_default,35,35,7,15.714177655857176,1.345695891000105,26.565471046735066,1.0,1.0,8.371428571428572,8.371428571428572,17.542857142857144,17.542857142857144,,,
dataset_source,clf,real,__all__,cit,cit_exact_thresholds,35,35,7,21.687469388000032,1.3003428869997151,33.562175052535764,1.188771828782253,0.982513031615594,8.457142857142857,8.457142857142857,17.571428571428573,17.571428571428573,,,
dataset_source,clf,real,__all__,cit,cit_no_adaptive,35,35,7,31.39637741737145,7.597610963000079,46.28471137414097,5.42399903822964,3.2613234053579143,12.285714285714286,12.285714285714286,19.685714285714287,19.685714285714287,,,
dataset_source,clf,real,__all__,cit,cit_no_feature_scan,35,35,7,15.492774098714328,2.2212893680002708,21.430998662079684,2.867259381808825,1.4174302061509403,9.457142857142857,9.457142857142857,20.257142857142856,20.257142857142856,,,
dataset_source,clf,synthetic,__all__,cit,cit_default,40,40,8,7.67142730945001,2.96619727150005,11.47357559153498,1.0,1.0,4.825,4.825,5.3,5.3,0.43,0.49749999999999994,0.4525
dataset_source,clf,synthetic,__all__,cit,cit_exact_thresholds,40,40,8,8.145168263824985,2.8671598904999485,11.990381089583295,1.6624677004312622,1.0091557114113634,4.975,4.975,5.5,5.5,0.4325,0.5,0.45499999999999996
dataset_source,clf,synthetic,__all__,cit,cit_no_adaptive,40,40,8,13.45258930877498,14.778658966999984,5.609066944178621,3.923014008800682,4.048657667118517,7.725,7.725,6.5,6.5,0.40499999999999997,0.46749999999999997,0.4258333333333334
dataset_source,clf,synthetic,__all__,cit,cit_no_feature_scan,40,40,8,7.4044452437749895,3.848602528499896,7.499500777822888,1.741264538197235,1.0115666138214658,5.6,5.6,7.175,7.175,0.44000000000000006,0.5025000000000001,0.4608333333333333
dataset_source,reg,real,__all__,cit,cit_default,10,10,2,3.130712713200137,1.3429353824999453,3.6528812522406926,1.0,1.0,8.0,8.0,5.6,5.6,,,
dataset_source,reg,real,__all__,cit,cit_exact_thresholds,10,10,2,2.4467799767999168,1.781161174999852,2.6273461032059706,0.9379740766310987,0.9122685581110463,8.2,8.2,5.1,5.1,,,
dataset_source,reg,real,__all__,cit,cit_no_adaptive,10,10,2,19.377711186299894,16.903924432499934,19.365651899952766,9.146517096345267,8.406742657362177,9.6,9.6,5.9,5.9,,,
dataset_source,reg,real,__all__,cit,cit_no_feature_scan,10,10,2,2.9100065217999145,1.7259255679996386,2.858180428748784,2.6289128643227793,1.4254598307695812,8.1,8.1,6.0,6.0,,,
dataset_source,reg,synthetic,__all__,cit,cit_default,30,30,6,7.460824132100007,4.852768941499903,6.680060655669198,1.0,1.0,7.1,7.1,6.7,6.7,0.47333333333333333,0.58,0.508888888888889
dataset_source,reg,synthetic,__all__,cit,cit_exact_thresholds,30,30,6,7.678721842466659,4.664231975500115,7.44577926693622,1.0507348138656363,1.0751121659881273,7.2,7.2,6.4,6.4,0.4766666666666667,0.5866666666666667,0.5133333333333333
dataset_source,reg,synthetic,__all__,cit,cit_no_adaptive,30,30,6,13.72394674060002,14.689422101000105,5.7947184927257975,3.2913609311890526,3.4085997267663855,10.633333333333333,10.633333333333333,8.033333333333333,8.033333333333333,0.5133333333333333,0.6166666666666667,0.5477777777777778
dataset_source,reg,synthetic,__all__,cit,cit_no_feature_scan,30,30,6,4.36177017156665,3.5987539804998505,2.790948769220957,0.8834151878964939,0.5364621763187513,8.2,8.2,8.566666666666666,8.566666666666666,0.5233333333333333,0.6333333333333333,0.56
dataset,clf,real,real_breast_cancer,cit,cit_default,5,5,1,1.1167351273998976,0.37536841500013907,1.701647166692485,1.0,1.0,5.0,5.0,4.6,4.6,,,
dataset,clf,real,real_breast_cancer,cit,cit_exact_thresholds,5,5,1,0.44974989799993637,0.4610432889999174,0.016409791637010212,1.0317689263540308,1.1540493393739213,5.0,5.0,5.4,5.4,,,
dataset,clf,real,real_breast_cancer,cit,cit_no_adaptive,5,5,1,8.32522004499997,7.597610963000079,1.9823892986964455,19.601327181559217,22.682959762178072,10.6,10.6,13.2,13.2,,,
dataset,clf,real,real_breast_cancer,cit,cit_no_feature_scan,5,5,1,5.472408253800131,2.2212893680002708,6.340023987169237,12.680594077959835,5.899242305720339,5.4,5.4,6.8,6.8,,,
dataset,clf,real,real_digits,cit,cit_default,5,5,1,1.3338116087999878,1.3278431509997972,0.04468383014888759,1.0,1.0,13.0,13.0,39.8,39.8,,,
dataset,clf,real,real_digits,cit,cit_exact_thresholds,5,5,1,1.3109883641999658,1.3003428869997151,0.0498779952889121,0.9827829488527516,0.982513031615594,13.0,13.0,39.8,39.8,,,
dataset,clf,real,real_digits,cit,cit_no_adaptive,5,5,1,4.505922184600058,4.330525946999842,0.5942284420223877,3.3809613436276833,3.186090901755175,16.2,16.2,43.6,43.6,,,
dataset,clf,real,real_digits,cit,cit_no_feature_scan,5,5,1,1.9438676730000224,1.9522356600000421,0.07296688324768066,1.458126328645981,1.4593777687906295,13.0,13.0,41.6,41.6,,,
dataset,clf,real,real_iris,cit,cit_default,5,5,1,0.0201376616001653,0.013566085000093153,0.014771498939831587,1.0,1.0,4.0,4.0,2.0,2.0,,,
dataset,clf,real,real_iris,cit,cit_exact_thresholds,5,5,1,0.019118233199878886,0.01321528899961777,0.013223260837095801,0.964402061458666,0.9741416922809363,4.0,4.0,2.0,2.0,,,
dataset,clf,real,real_iris,cit,cit_no_adaptive,5,5,1,0.044145610600025975,0.044770188000256894,0.010028792515103926,2.7946146112461983,3.003661548521685,5.0,5.0,2.4,2.4,,,
dataset,clf,real,real_iris,cit,cit_no_feature_scan,5,5,1,0.023038176000045495,0.018335889999889332,0.010602205291881469,1.4873558581870643,1.301590163057501,4.8,4.8,3.8,3.8,,,
dataset,clf,real,real_openml_madelon,cit,cit_default,5,5,1,75.10830822879998,77.4902796350002,3.5583863128755477,1.0,1.0,7.0,7.0,11.6,11.6,,,
dataset,clf,real,real_openml_madelon,cit,cit_exact_thresholds,5,5,1,77.3228635038001,77.33862266400001,0.08556172070814315,1.031378603352406,0.997031565557855,7.0,7.0,12.0,12.0,,,
dataset,clf,real,real_openml_madelon,cit,cit_no_adaptive,5,5,1,58.0811118118002,61.15279026500002,5.256563482826348,0.7762488114698611,0.8028593968722746,7.4,7.4,6.8,6.8,,,
dataset,clf,real,real_openml_madelon,cit,cit_no_feature_scan,5,5,1,46.77801395240003,45.29621003200009,4.3365359375811465,0.6224443297962599,0.6365076855674034,8.4,8.4,17.6,17.6,,,
dataset,clf,real,real_openml_optdigits,cit,cit_default,5,5,1,3.015865075000147,3.005281238999487,0.06694605736981879,1.0,1.0,14.6,14.6,45.0,45.0,,,
dataset,clf,real,real_openml_optdigits,cit,cit_exact_thresholds,5,5,1,2.9064958372000547,2.89779845799967,0.058821393936731435,0.9637763012737807,0.9638625356150722,14.8,14.8,45.0,45.0,,,
dataset,clf,real,real_openml_optdigits,cit,cit_no_adaptive,5,5,1,15.705357097999876,14.615415466999366,1.829919466669233,5.2165393744702895,4.853201703537944,20.0,20.0,47.4,47.4,,,
dataset,clf,real,real_openml_optdigits,cit,cit_no_feature_scan,5,5,1,4.8178123329998925,4.838848300999416,0.25407758007704845,1.597585495516125,1.5536637518006966,17.6,17.6,48.0,48.0,,,
dataset,clf,real,real_openml_waveform,cit,cit_default,5,5,1,29.172614124600024,29.90774681200037,3.630761299928556,1.0,1.0,11.0,11.0,15.8,15.8,,,
dataset,clf,real,real_openml_waveform,cit,cit_exact_thresholds,5,5,1,69.58053706740029,70.68643839000015,12.317246087439878,2.387152375438916,2.179140398238304,11.4,11.4,14.8,14.8,,,
dataset,clf,real,real_openml_waveform,cit,cit_no_adaptive,5,5,1,132.7382689346,136.38652080300017,11.73140960362814,4.581586060927213,4.694505674515322,19.6,19.6,17.6,17.6,,,
dataset,clf,real,real_openml_waveform,cit,cit_no_feature_scan,5,5,1,49.30257304720017,47.628590341000745,10.012725473149994,1.7425593472357863,1.553520049175283,12.0,12.0,19.2,19.2,,,
dataset,clf,real,real_wine,cit,cit_default,5,5,1,0.23177176480003253,0.23181421500021315,0.0004323126719533484,1.0,1.0,4.0,4.0,4.0,4.0,,,
dataset,clf,real,real_wine,cit,cit_exact_thresholds,5,5,1,0.22253281220000645,0.2225730999998632,0.0004083664029645778,0.96014158474522,0.9595381230255676,4.0,4.0,4.0,4.0,,,
dataset,clf,real,real_wine,cit,cit_no_adaptive,5,5,1,0.3746162370000093,0.38055788000019675,0.08819371084906667,1.616715884307018,1.6416503189843075,7.2,7.2,6.8,6.8,,,
dataset,clf,real,real_wine,cit,cit_no_feature_scan,5,5,1,0.11170525560000896,0.1278955779998796,0.04098850234293701,0.48215023532072276,0.5524444418960608,5.0,5.0,4.8,4.8,,,
dataset,clf,synthetic,clf_bias,cit,cit_default,5,5,1,4.4801517802000035,2.637621524999986,4.02261562582665,1.0,1.0,6.6,6.6,8.6,8.6,0.78,0.78,0.78
dataset,clf,synthetic,clf_bias,cit,cit_exact_thresholds,5,5,1,2.7927035771999726,2.686314858999822,0.3154094411933604,0.8971073365384947,1.0593294085449314,6.8,6.8,8.6,8.6,0.82,0.82,0.8200000000000001
dataset,clf,synthetic,clf_bias,cit,cit_no_adaptive,5,5,1,14.403731013399966,11.969294778999938,4.111750906565645,4.362507577977022,4.588851204046541,9.0,9.0,6.4,6.4,0.64,0.64,0.64
dataset,clf,synthetic,clf_bias,cit,cit_no_feature_scan,5,5,1,3.2116324333999726,2.9994810319999488,1.8961871595882531,1.0598783022019849,1.1790234673641955,7.2,7.2,8.2,8.2,0.78,0.78,0.78
dataset,clf,synthetic,clf_confounder,cit,cit_default,5,5,1,5.498926011000049,3.508994075000146,4.554496699413635,1.0,1.0,6.8,6.8,11.4,11.4,0.58,0.58,0.58
dataset,clf,synthetic,clf_confounder,cit,cit_exact_thresholds,5,5,1,4.276273993599989,4.298604783999963,0.9087961717372331,1.1074722889671382,1.1040426342501652,7.0,7.0,12.4,12.4,0.52,0.52,0.52
dataset,clf,synthetic,clf_confounder,cit,cit_no_adaptive,5,5,1,15.711244021399988,15.639365963000046,1.8198665536271452,3.7885290954271484,4.397547689288966,10.2,10.2,13.8,13.8,0.33999999999999997,0.33999999999999997,0.34
dataset,clf,synthetic,clf_confounder,cit,cit_no_feature_scan,5,5,1,5.234802615399985,5.953017005999982,1.5895123899931178,1.2201037907911256,1.4370075925811139,7.8,7.8,15.4,15.4,0.36,0.36,0.36
dataset,clf,synthetic,clf_nonlinear,cit,cit_default,5,5,1,2.7961115529999914,2.5310179829999697,0.7438035398936776,1.0,1.0,6.0,6.0,4.8,4.8,0.4,0.8,0.5333333333333333
dataset,clf,synthetic,clf_nonlinear,cit,cit_exact_thresholds,5,5,1,2.8248869883999985,2.778960344999973,0.12164845105705573,1.0620913566987273,1.1957297444456996,6.4,6.4,4.6,4.6,0.4,0.8,0.5333333333333333
dataset,clf,synthetic,clf_nonlinear,cit,cit_no_adaptive,5,5,1,14.757847249599944,14.500439342999925,2.3119132512393574,5.44342330251384,4.781447720752971,9.8,9.8,4.0,4.0,0.4,0.8,0.5333333333333333
dataset,clf,synthetic,clf_nonlinear,cit,cit_no_feature_scan,5,5,1,4.989410177600007,2.580826424999941,4.240044514693163,1.604530143267968,1.0808830257010191,6.2,6.2,4.6,4.6,0.4,0.8,0.5333333333333333
dataset,clf,synthetic,clf_redundant,cit,cit_default,5,5,1,5.2194530084000235,3.0186825840000893,3.9014106612336086,1.0,1.0,6.6,6.6,6.8,6.8,0.38,0.38,0.38
dataset,clf,synthetic,clf_redundant,cit,cit_exact_thresholds,5,5,1,11.732169579199944,8.96562586999994,10.555780738668641,3.517996367007131,2.055222605112122,6.6,6.6,7.2,7.2,0.4,0.4,0.4
dataset,clf,synthetic,clf_redundant,cit,cit_no_adaptive,5,5,1,16.572601137199946,16.43768911899997,1.6392180159858565,5.129153439493441,5.445318830845146,11.4,11.4,11.2,11.2,0.4,0.4,0.4
dataset,clf,synthetic,clf_redundant,cit,cit_no_feature_scan,5,5,1,9.350232347799965,7.427095263999945,6.2885521276254694,3.6011864730906886,1.654928353672767,7.6,7.6,11.6,11.6,0.34,0.34,0.34
dataset,clf,synthetic,clf_standard_easy,cit,cit_default,5,5,1,4.380238951400003,2.665824614999991,3.0154929916603996,1.0,1.0,5.6,5.6,6.8,6.8,0.7,0.7,0.7
dataset,clf,synthetic,clf_standard_easy,cit,cit_exact_thresholds,5,5,1,6.48682292580001,2.774015531999993,8.798388205031769,2.9786992048854715,1.0111028036818375,5.6,5.6,6.8,6.8,0.7,0.7,0.7000000000000001
dataset,clf,synthetic,clf_standard_easy,cit,cit_no_adaptive,5,5,1,17.519811073,15.60002905899998,3.616221895819453,5.674421945731003,5.851858734900319,11.4,11.4,6.4,6.4,0.6599999999999999,0.6599999999999999,0.66
dataset,clf,synthetic,clf_standard_easy,cit,cit_no_feature_scan,5,5,1,10.751927993199995,11.530744980999998,6.761837920164028,3.5340256835580997,1.6584512101982523,7.4,7.4,7.6,7.6,0.76,0.76,0.76
dataset,clf,synthetic,clf_standard_hard,cit,cit_default,5,5,1,33.413538116400005,23.384750037999993,15.215063447622823,1.0,1.0,2.2,2.2,1.2,1.2,0.13999999999999999,0.27999999999999997,0.18666666666666668
dataset,clf,synthetic,clf_standard_hard,cit,cit_exact_thresholds,5,5,1,33.1539572976,23.61002436299998,14.620405685753049,0.9966385985356876,1.000375645034707,2.4,2.4,1.4,1.4,0.13999999999999999,0.27999999999999997,0.18666666666666668
dataset,clf,synthetic,clf_standard_hard,cit,cit_no_adaptive,5,5,1,14.82901477759999,14.883191532000012,0.43459685007385157,0.5154017914545227,0.60869283921592,2.4,2.4,0.8,0.8,0.1,0.2,0.13333333333333333
dataset,clf,synthetic,clf_standard_hard,cit,cit_no_feature_scan,5,5,1,22.626893578200008,23.288301612000055,2.7447102900253446,0.7863576513712973,0.9891704849998344,1.8,1.8,0.8,0.8,0.1,0.2,0.13333333333333333
dataset,clf,synthetic,clf_toeplitz,cit,cit_default,5,5,1,4.870950244799974,1.9058459499999572,4.7082148339233445,1.0,1.0,3.8,3.8,2.8,2.8,0.3,0.3,0.3
dataset,clf,synthetic,clf_toeplitz,cit,cit_exact_thresholds,5,5,1,3.1820616303999487,1.934787439000047,2.6734163782232803,1.7391438251481166,1.5280131628686668,4.0,4.0,3.0,3.0,0.32,0.32,0.32
dataset,clf,synthetic,clf_toeplitz,cit,cit_no_adaptive,5,5,1,13.257574863399963,13.717249894999895,3.584456619930918,5.671741254503943,7.254324381254558,6.6,6.6,9.4,9.4,0.54,0.54,0.54
dataset,clf,synthetic,clf_toeplitz,cit,cit_no_feature_scan,5,5,1,2.3584505889999945,2.1968506729999717,0.33166466791856536,1.1238037524046738,1.1350212051504487,5.8,5.8,9.2,9.2,0.62,0.62,0.62
dataset,clf,synthetic,clf_weak_signal,cit,cit_default,5,5,1,0.7120488104000288,0.7117401680000057,0.0011063685855425072,1.0,1.0,1.0,1.0,0.0,0.0,0.16,0.16,0.16
dataset,clf,synthetic,clf_weak_signal,cit,cit_exact_thresholds,5,5,1,0.712470118400006,0.7124230790000183,0.0009350378712240275,1.0005926256693316,1.0009594948138612,1.0,1.0,0.0,0.0,0.16,0.16,0.16
dataset,clf,synthetic,clf_weak_signal,cit,cit_no_adaptive,5,5,1,0.5688903346000416,0.5668377199999668,0.009591312556976978,0.798933663304536,0.7964110295935444,1.0,1.0,0.0,0.0,0.16,0.16,0.16
dataset,clf,synthetic,clf_weak_signal,cit,cit_no_feature_scan,5,5,1,0.7122122155999933,0.7122013489999972,0.0009091947515179013,1.0002305088920425,0.9999772818112914,1.0,1.0,0.0,0.0,0.16,0.16,0.16
dataset,reg,real,real_california,cit,cit_default,5,5,1,6.10744182460021,5.760833479000212,2.8025750234051983,1.0,1.0,11.0,11.0,7.4,7.4,,,
dataset,reg,real,real_california,cit,cit_exact_thresholds,5,5,1,4.805054341199866,4.847068694999507,1.275925944492409,1.099296139116611,0.7272274406350608,11.4,11.4,7.2,7.2,,,
dataset,reg,real,real_california,cit,cit_no_adaptive,5,5,1,37.622029356999704,38.91199730900007,3.391733240599551,8.003707898272827,7.012786672495616,13.0,13.0,5.6,5.6,,,
dataset,reg,real,real_california,cit,cit_no_feature_scan,5,5,1,5.3763552140000685,6.03128055399975,1.767207997957064,1.104480808051877,1.2626954891457187,11.0,11.0,7.0,7.0,,,
dataset,reg,real,real_diabetes,cit,cit_default,5,5,1,0.1539836018000642,0.09701364900047338,0.12747932471437873,1.0,1.0,5.0,5.0,3.8,3.8,,,
dataset,reg,real,real_diabetes,cit,cit_exact_thresholds,5,5,1,0.0885056123999675,0.08852146099980018,0.0001351935295041509,0.7766520141455862,0.9125291328741257,5.0,5.0,3.0,3.0,,,
dataset,reg,real,real_diabetes,cit,cit_no_adaptive,5,5,1,1.133393015600086,0.9287710939997851,0.4151472487185527,10.289326294417707,9.563292810568473,6.2,6.2,6.2,6.2,,,
dataset,reg,real,real_diabetes,cit,cit_no_feature_scan,5,5,1,0.4436578295997606,0.49074484599987045,0.22466815650837726,4.153344920593682,5.066490616238655,5.2,5.2,5.0,5.0,,,
dataset,reg,synthetic,reg_confounder,cit,cit_default,5,5,1,6.823493275599867,6.67775292899978,0.561294699009073,1.0,1.0,9.2,9.2,14.6,14.6,0.5599999999999999,0.5599999999999999,0.5599999999999999
dataset,reg,synthetic,reg_confounder,cit,cit_exact_thresholds,5,5,1,7.24650543459993,7.480255548000059,0.7438399324560151,1.065164489593474,1.031661944239529,9.2,9.2,13.0,13.0,0.5599999999999999,0.5599999999999999,0.5599999999999999
dataset,reg,synthetic,reg_confounder,cit,cit_no_adaptive,5,5,1,16.32644148420004,16.13267863200008,2.7359500967579606,2.408941205757886,2.5244532407631617,12.0,12.0,14.4,14.4,0.38,0.38,0.38000000000000006
dataset,reg,synthetic,reg_confounder,cit,cit_no_feature_scan,5,5,1,3.928500233399973,4.1315042569999605,0.414878990489059,0.5817554170082859,0.6186967833233077,10.4,10.4,16.4,16.4,0.44000000000000006,0.44000000000000006,0.44000000000000006
dataset,reg,synthetic,reg_friedman,cit,cit_default,5,5,1,4.426823677000039,3.6789725900000576,1.6992274121217397,1.0,1.0,6.8,6.8,4.8,4.8,0.4,0.8,0.5333333333333333
dataset,reg,synthetic,reg_friedman,cit,cit_exact_thresholds,5,5,1,4.09814437140003,4.245210561000022,0.3273657482409281,0.9978375427897366,1.0929580905556098,7.0,7.0,5.2,5.2,0.4,0.8,0.5333333333333333
dataset,reg,synthetic,reg_friedman,cit,cit_no_adaptive,5,5,1,15.940626039400058,13.400095345000182,5.793532266661675,3.622399433533147,3.5467494794687275,10.4,10.4,4.0,4.0,0.4,0.8,0.5333333333333333
dataset,reg,synthetic,reg_friedman,cit,cit_no_feature_scan,5,5,1,1.5143649969999842,1.3242936620001728,0.5423566173705867,0.386949270222494,0.3599629052958375,7.4,7.4,4.6,4.6,0.4,0.8,0.5333333333333333
dataset,reg,synthetic,reg_highdim,cit,cit_default,5,5,1,20.964718136400098,22.49774557700016,4.823005199685841,1.0,1.0,4.8,4.8,2.8,2.8,0.24000000000000005,0.4800000000000001,0.32
dataset,reg,synthetic,reg_highdim,cit,cit_exact_thresholds,5,5,1,23.13984330079993,22.64488058400002,5.10914105251806,1.1117950885277623,1.1451011177675892,4.8,4.8,3.2,3.2,0.26,0.52,0.3466666666666667
dataset,reg,synthetic,reg_highdim,cit,cit_no_adaptive,5,5,1,2.8218197825999596,2.9170110340000974,0.43939965809085574,0.14143534302049302,0.1300490908156446,6.4,6.4,2.2,2.2,0.22000000000000003,0.44000000000000006,0.29333333333333333
dataset,reg,synthetic,reg_highdim,cit,cit_no_feature_scan,5,5,1,6.7070427789999485,6.3692637970000305,2.2899061558504332,0.32064597411645523,0.28310675730600493,5.8,5.8,3.2,3.2,0.26,0.52,0.3466666666666667
dataset,reg,synthetic,reg_linear,cit,cit_default,5,5,1,4.929218294800012,4.751593717999867,0.3975192608581628,1.0,1.0,9.0,9.0,7.6,7.6,0.6599999999999999,0.6599999999999999,0.6599999999999999
dataset,reg,synthetic,reg_linear,cit,cit_exact_thresholds,5,5,1,5.297922857999993,5.357135671999913,0.3816475376750726,1.0771571095105428,1.1030677492999312,9.6,9.6,6.8,6.8,0.6799999999999999,0.6799999999999999,0.6799999999999999
dataset,reg,synthetic,reg_linear,cit,cit_no_adaptive,5,5,1,16.235599717200056,16.592945506999968,2.5728087465657232,3.3288045824825803,3.463542582368646,13.4,13.4,7.2,7.2,0.7,0.7,0.7
dataset,reg,synthetic,reg_linear,cit,cit_no_feature_scan,5,5,1,3.5246461472000647,2.438189878000003,2.093510117627763,0.7053170277283852,0.5151777397119363,9.8,9.8,8.2,8.2,0.6799999999999999,0.6799999999999999,0.68
dataset,reg,synthetic,reg_toeplitz,cit,cit_default,5,5,1,3.9199821239999437,2.5177366180000718,3.8679678697976105,1.0,1.0,5.4,5.4,3.6,3.6,0.33999999999999997,0.33999999999999997,0.34
dataset,reg,synthetic,reg_toeplitz,cit,cit_exact_thresholds,5,5,1,2.5386986354000327,2.414147691999915,0.6907190331033497,1.011883891786042,1.1935953796513636,5.2,5.2,3.2,3.2,0.3,0.3,0.3
dataset,reg,synthetic,reg_toeplitz,cit,cit_no_adaptive,5,5,1,15.920227093199992,15.29866901000014,3.31058297459533,6.022837481983965,5.739759006039388,11.2,11.2,14.0,14.0,0.74,0.74,0.74
dataset,reg,synthetic,reg_toeplitz,cit,cit_no_feature_scan,5,5,1,3.7730776893999973,2.3821559369998795,3.210860795554577,1.4559092811362053,1.1110785796338125,8.0,8.0,11.8,11.8,0.72,0.72,0.72
dataset,reg,synthetic,reg_weak_signal,cit,cit_default,5,5,1,3.7007092848000864,3.5704395380003007,0.7879262189621161,1.0,1.0,7.4,7.4,6.8,6.8,0.64,0.64,0.64
dataset,reg,synthetic,reg_weak_signal,cit,cit_exact_thresholds,5,5,1,3.751216454600035,3.8683730979996653,0.303428225135611,1.0405707609862607,1.0111096181794714,7.4,7.4,7.0,7.0,0.6599999999999999,0.6599999999999999,0.6599999999999999
dataset,reg,synthetic,reg_weak_signal,cit,cit_no_adaptive,5,5,1,15.098966327000017,14.100501838000127,2.2728903307516837,4.223747540356245,4.410929537290568,10.4,10.4,6.4,6.4,0.64,0.64,0.64
dataset,reg,synthetic,reg_weak_signal,cit,cit_no_feature_scan,5,5,1,6.722989183399932,6.968450948999816,3.247724609660756,1.8499141571671374,2.1111178456328066,7.8,7.8,7.2,7.2,0.64,0.64,0.64
