task,signal,method,informative_share_at_5_mean,informative_share_at_5_std,informative_share_at_5_count,noise_highcard_share_at_5_mean,noise_highcard_share_at_5_std,noise_highcard_share_at_5_count,noise_binary_share_at_5_mean,noise_binary_share_at_5_std,noise_binary_share_at_5_count,noise_gaussian_share_at_5_mean,noise_gaussian_share_at_5_std,noise_gaussian_share_at_5_count,informative_share_at_10_mean,informative_share_at_10_std,informative_share_at_10_count,noise_highcard_share_at_10_mean,noise_highcard_share_at_10_std,noise_highcard_share_at_10_count,noise_binary_share_at_10_mean,noise_binary_share_at_10_std,noise_binary_share_at_10_count,noise_gaussian_share_at_10_mean,noise_gaussian_share_at_10_std,noise_gaussian_share_at_10_count,informative_share_at_25_mean,informative_share_at_25_std,informative_share_at_25_count,noise_highcard_share_at_25_mean,noise_highcard_share_at_25_std,noise_highcard_share_at_25_count,noise_binary_share_at_25_mean,noise_binary_share_at_25_std,noise_binary_share_at_25_count,noise_gaussian_share_at_25_mean,noise_gaussian_share_at_25_std,noise_gaussian_share_at_25_count,support_size_mean,support_size_std,support_size_count,informative_share_at_5_se,noise_highcard_share_at_5_se,noise_binary_share_at_5_se,noise_gaussian_share_at_5_se,informative_share_at_10_se,noise_highcard_share_at_10_se,noise_binary_share_at_10_se,noise_gaussian_share_at_10_se,informative_share_at_25_se,noise_highcard_share_at_25_se,noise_binary_share_at_25_se,noise_gaussian_share_at_25_se,support_size_se,downstream_at_5,downstream_at_10,downstream_at_25
classification,0.05,cif,0.48,0.16329931618554522,25,0.192,0.1869046102516825,25,0.20800000000000002,0.1869046102516825,25,0.12,0.14142135623730953,25,0.308,0.09539392014169458,25,0.26,0.11547005383792516,25,0.312,0.10535653752852739,25,0.12,0.09574271077563382,25,0.20800000000000002,0.043204937989385746,25,0.3328,0.06705221845696085,25,0.31200000000000006,0.06429100507328635,25,0.1472,0.06803920438492306,25,37.12,3.9085376634576083,25,0.032659863237109045,0.0373809220503365,0.0373809220503365,0.028284271247461905,0.019078784028338916,0.023094010767585032,0.02107130750570548,0.019148542155126763,0.00864098759787715,0.01341044369139217,0.01285820101465727,0.013607840876984611,0.7817075326915217,0.5122984489275529,0.5192191826625374,0.5261262315983984
classification,0.05,cif_maxt,0.488,0.17397317800933182,25,0.24,0.19148542155126763,25,0.17600000000000002,0.16653327995729064,25,0.09600000000000002,0.13063945294843618,25,0.336,0.10360180178613367,25,0.276,0.09695359714832658,25,0.256,0.10832051206181278,25,0.132,0.09882644720249063,25,0.2288,0.044000000000000004,25,0.3264,0.068,25,0.2912,0.06482797749943049,25,0.1536,0.0512249938994628,25,45.88,6.273754856543248,25,0.03479463560186637,0.038297084310253526,0.03330665599145813,0.026127890589687237,0.020720360357226734,0.019390719429665314,0.02166410241236256,0.019765289440498126,0.0088,0.013600000000000001,0.012965595499886098,0.01024499877989256,1.2547509713086495,0.5079134449647741,0.5143870029070541,0.5181406987063648
classification,0.05,cif_noadjust,0.536,0.16041612554021287,25,0.23199999999999998,0.19731531449264988,25,0.128,0.14,25,0.10400000000000001,0.14282856857085702,25,0.32799999999999996,0.09797958971132714,25,0.32,0.09128709291752769,25,0.23199999999999998,0.11075498483890767,25,0.12,0.09999999999999999,25,0.2192,0.05179446559881342,25,0.3456,0.052763623833091675,25,0.2848,0.05923962637739483,25,0.1504,0.068585712797929,25,45.68,5.90705792534095,25,0.032083225108042575,0.03946306289852998,0.028000000000000004,0.028565713714171402,0.01959591794226543,0.01825741858350554,0.022150996967781535,0.019999999999999997,0.010358893119762683,0.010552724766618334,0.011847925275478965,0.0137171425595858,1.1814115850681899,0.5174898696105852,0.5178463401059544,0.5181228038243537
classification,0.05,cit,0.09600000000000002,0.11718930554164632,25,0.384,0.1907878402833891,25,0.44,0.3055050463303893,25,0.08,0.10000000000000002,25,0.18400000000000002,0.07461009761866462,25,0.348,0.15577761927397227,25,0.38799999999999996,0.20066555924389884,25,0.08,0.04082482904638631,25,0.1456,0.056426943918663534,25,0.37920000000000004,0.05552176750308538,25,0.37920000000000004,0.09389355675444401,25,0.096,0.06633249580710801,25,0.16,0.37416573867739417,25,0.023437861108329263,0.03815756805667782,0.06110100926607785,0.020000000000000004,0.014922019523732923,0.031155523854794455,0.04013311184877977,0.008164965809277263,0.011285388783732708,0.011104353500617076,0.0187787113508888,0.013266499161421603,0.07483314773547883,0.5122861181487183,0.5069622735903281,0.5075644711205317
classification,0.05,lgbm,0.40800000000000003,0.2343786110832926,25,0.392,0.22715633383201095,25,0.0,0.0,25,0.2,0.18257418583505539,25,0.36,0.11902380714238084,25,0.44,0.11902380714238084,25,0.0,0.0,25,0.2,0.10408329997330665,25,0.28,0.04898979485566357,25,0.5024000000000001,0.08089499366462674,25,0.0,0.0,25,0.21760000000000002,0.07031358332498779,25,69.96,0.20000000000000012,25,0.04687572221665852,0.04543126676640219,0.0,0.03651483716701108,0.02380476142847617,0.02380476142847617,0.0,0.02081665999466133,0.009797958971132715,0.01617899873292535,0.0,0.014062716664997556,0.04000000000000002,0.512754437124937,0.5154634297535224,0.5157509667459902
classification,0.05,rf,0.568,0.17009801096230764,25,0.28800000000000003,0.1641137816678823,25,0.0,0.0,25,0.14400000000000002,0.1781385228784985,25,0.41600000000000004,0.10677078252031312,25,0.376,0.10115993936995678,25,0.0,0.0,25,0.20800000000000002,0.10376254944182255,25,0.2784,0.05096403960964371,25,0.4912,0.07350283441246787,25,0.0,0.0,25,0.2304,0.06354001363970058,25,70.0,0.0,25,0.03401960219246153,0.03282275633357646,0.0,0.0356277045756997,0.021354156504062624,0.020231987873991355,0.0,0.02075250988836451,0.010192807921928743,0.014700566882493573,0.0,0.012708002727940116,0.0,0.5194778620497774,0.5185114405890915,0.5161357626435126
classification,0.05,rf_oobperm,0.36800000000000005,0.12489995996796796,25,0.424,0.1854723699099141,25,0.024000000000000004,0.06633249580710801,25,0.18400000000000002,0.16248076809271922,25,0.304,0.08888194417315588,25,0.472,0.13076696830622017,25,0.05600000000000001,0.08205689083394115,25,0.168,0.08999999999999998,25,0.1984,0.0547479071137275,25,0.3664,0.07364781055808786,25,0.2752,0.0819105202848409,25,0.16,0.06733003292241385,25,34.24,5.0767443635989125,25,0.024979991993593593,0.03709447398198282,0.013266499161421603,0.03249615361854384,0.017776388834631177,0.026153393661244036,0.01641137816678823,0.017999999999999995,0.0109495814227455,0.014729562111617573,0.01638210405696818,0.01346600658448277,1.0153488727197826,0.5038039277017488,0.5085078009762227,0.5100901633815758
classification,0.05,xgb,0.15200000000000002,0.1661324772583615,25,0.20800000000000002,0.1869046102516825,25,0.5760000000000001,0.24027761721253468,25,0.064,0.11135528725660045,25,0.244,0.07681145747868608,25,0.292,0.12220201853215573,25,0.368,0.1519868415357066,25,0.096,0.08406346808612328,25,0.2096,0.05805744281887265,25,0.4192,0.07313913681014654,25,0.22560000000000002,0.08073000268384323,25,0.1456,0.04454211490264018,25,69.4,0.6454972243679021,25,0.0332264954516723,0.0373809220503365,0.04805552344250694,0.02227105745132009,0.015362291495737215,0.024440403706431146,0.03039736830714132,0.016812693617224657,0.01161148856377453,0.014627827362029309,0.016146000536768644,0.008908422980528036,0.12909944487358044,0.5081584881646025,0.5195529581231455,0.5122997284142253
classification,0.1,cif,0.8640000000000001,0.16041612554021284,25,0.064,0.11135528725660043,25,0.032,0.07483314773547883,25,0.04,0.1,25,0.636,0.14966629547095767,25,0.16400000000000003,0.10754843869934451,25,0.132,0.09451631252505216,25,0.068,0.08524474568362947,25,0.32,0.04760952285695234,25,0.29600000000000004,0.07023769168568493,25,0.26880000000000004,0.07617523657112373,25,0.1152,0.053316664061685885,25,44.56,5.172684667236797,25,0.03208322510804257,0.022271057451320086,0.014966629547095767,0.02,0.029933259094191533,0.021509687739868902,0.018903262505010433,0.017048949136725895,0.009521904571390467,0.014047538337136987,0.015235047314224745,0.010663332812337178,1.0345369334473593,0.5592892732512699,0.5572183090290449,0.5531409652039898
classification,0.1,cif_maxt,0.872,0.19043809142780935,25,0.064,0.11135528725660045,25,0.032,0.07483314773547883,25,0.032,0.07483314773547883,25,0.6559999999999999,0.1445683229480096,25,0.204,0.11357816691600547,25,0.064,0.08602325267042626,25,0.07600000000000001,0.10908712114635714,25,0.32799999999999996,0.04898979485566356,25,0.3184,0.0687798420081543,25,0.22080000000000002,0.07582435844326897,25,0.1328,0.06997142273814361,25,53.2,5.4696130271406425,25,0.03808761828556187,0.02227105745132009,0.014966629547095767,0.014966629547095767,0.028913664589601918,0.022715633383201095,0.017204650534085254,0.02181742422927143,0.009797958971132711,0.013755968401630861,0.015164871688653794,0.013994284547628721,1.0939226054281286,0.5561562087694932,0.5531967683702989,0.5546707759222297
classification,0.1,cif_noadjust,0.856,0.1781385228784985,25,0.08,0.11547005383792516,25,0.008,0.04,25,0.05600000000000001,0.1083205120618128,25,0.64,0.158113883008419,25,0.2,0.10801234497346436,25,0.084,0.08,25,0.076,0.09255628917943214,25,0.336,0.043204937989385725,25,0.34240000000000004,0.06437390775772434,25,0.2,0.06110100926607787,25,0.1216,0.05828664798505172,25,52.84,4.441095960833692,25,0.0356277045756997,0.023094010767585032,0.008,0.02166410241236256,0.0316227766016838,0.021602468994692873,0.016,0.018511257835886426,0.008640987597877145,0.012874781551544867,0.012220201853215575,0.011657329597010343,0.8882191921667385,0.5544702448544575,0.554496021080667,0.5587182257844431
classification,0.1,cit,0.256,0.1781385228784985,25,0.29600000000000004,0.17435595774162693,25,0.408,0.27373953556863745,25,0.04,0.08164965809277261,25,0.228,0.08906926143924926,25,0.324,0.1614517471774978,25,0.37200000000000005,0.20518284528683192,25,0.07600000000000001,0.04358898943540675,25,0.1648,0.06764613810115105,25,0.3696,0.05450382249591915,25,0.3696,0.10474095028529512,25,0.096,0.06633249580710801,25,1.16,0.7461009761866464,25,0.0356277045756997,0.03487119154832539,0.05474790711372749,0.016329931618554522,0.017813852287849853,0.03229034943549956,0.041036569057366384,0.008717797887081349,0.01352922762023021,0.01090076449918383,0.020948190057059023,0.013266499161421603,0.14922019523732927,0.5279346041587231,0.5247877077325447,0.5447021175456841
classification,0.1,lgbm,0.68,0.17320508075688773,25,0.19200000000000003,0.1469693845669907,25,0.0,0.0,25,0.128,0.1514375558880073,25,0.588,0.13329166015421468,25,0.26,0.1,25,0.0,0.0,25,0.15200000000000002,0.0918331820930394,25,0.3472,0.03780652501002086,25,0.4592,0.05787342510456191,25,0.0,0.0,25,0.1936,0.05376492040974921,25,69.96,0.19999999999999996,25,0.034641016151377546,0.02939387691339814,0.0,0.03028751117760146,0.026658332030842936,0.02,0.0,0.01836663641860788,0.007561305002004172,0.01157468502091238,0.0,0.010752984081949841,0.039999999999999994,0.5447259361609308,0.5573943823977497,0.5610259841890978
classification,0.1,rf,0.904,0.11718930554164628,25,0.064,0.09521904571390467,25,0.0,0.0,25,0.032,0.07483314773547883,25,0.72,0.10408329997330665,25,0.192,0.09092121131323902,25,0.0,0.0,25,0.08800000000000001,0.10535653752852739,25,0.3648,0.04052982440952178,25,0.43520000000000003,0.04519587001780877,25,0.0,0.0,25,0.2,0.05291502622129181,25,70.0,0.0,25,0.023437861108329256,0.019043809142780935,0.0,0.014966629547095767,0.02081665999466133,0.018184242262647803,0.0,0.02107130750570548,0.008105964881904355,0.009039174003561754,0.0,0.010583005244258361,0.0,0.557076139453021,0.5634622620202566,0.5620148862268048
classification,0.1,rf_oobperm,0.728,0.15143755588800734,25,0.2,0.1527525231651947,25,0.008,0.04,25,0.064,0.11135528725660043,25,0.488,0.09712534856222307,25,0.35600000000000004,0.1044030650891055,25,0.02,0.040824829046386304,25,0.136,0.08103497187428813,25,0.2704,0.045136829012828686,25,0.3696,0.08428523002282191,25,0.2048,0.09403545430669577,25,0.1552,0.059239626377394834,25,36.04,4.825971404805461,25,0.030287511177601468,0.03055050463303894,0.008,0.022271057451320086,0.019425069712444613,0.0208806130178211,0.008164965809277261,0.016206994374857626,0.009027365802565737,0.016857046004564384,0.018807090861339155,0.011847925275478966,0.9651942809610923,0.5521454979463731,0.5579860579752748,0.5548654460768929
classification,0.1,xgb,0.384,0.23036203390894658,25,0.128,0.14,25,0.44800000000000006,0.2181742422927143,25,0.04,0.08164965809277262,25,0.364,0.12206555615733702,25,0.22,0.1224744871391589,25,0.324,0.1267543556122103,25,0.092,0.10770329614269007,25,0.2864,0.05619015334854794,25,0.3456,0.10058495580022558,25,0.2048,0.076,25,0.1632,0.07476184410067299,25,69.24,0.8793937305515277,25,0.04607240678178932,0.028000000000000004,0.04363484845854286,0.016329931618554526,0.024413111231467405,0.02449489742783178,0.02535087112244206,0.021540659228538015,0.011238030669709588,0.020116991160045117,0.0152,0.014952368820134598,0.17587874611030554,0.535546431163248,0.5403970701185966,0.5556546100951895
classification,0.2,cif,1.0,0.0,25,0.0,0.0,25,0.0,0.0,25,0.0,0.0,25,0.9520000000000001,0.050990195135927854,25,0.036000000000000004,0.04898979485566357,25,0.012000000000000002,0.033166247903554,25,0.0,0.0,25,0.3968,0.011075498483890769,25,0.3136,0.05851495535331116,25,0.19039999999999999,0.06458069887099913,25,0.0992,0.04182503237695499,25,58.68,3.859188170241682,25,0.0,0.0,0.0,0.0,0.01019803902718557,0.009797958971132715,0.0066332495807108,0.0,0.0022150996967781537,0.011702991070662232,0.012916139774199826,0.008365006475390999,0.7718376340483364,0.6323292121560774,0.6833830234965823,0.6728816474194623
classification,0.2,cif_maxt,1.0,0.0,25,0.0,0.0,25,0.0,0.0,25,0.0,0.0,25,0.956,0.05066228051190219,25,0.04,0.05,25,0.004,0.020000000000000004,25,0.0,0.0,25,0.4,0.0,25,0.31679999999999997,0.082397410962562,25,0.15839999999999999,0.07614022152143592,25,0.12480000000000001,0.05455272678794342,25,64.72,2.389560629069703,25,0.0,0.0,0.0,0.0,0.010132456102380439,0.01,0.004000000000000001,0.0,0.0,0.016479482192512402,0.015228044304287184,0.010910545357588685,0.4779121258139406,0.6303719750524337,0.6857132767296847,0.6714818994586008
classification,0.2,cif_noadjust,1.0,0.0,25,0.0,0.0,25,0.0,0.0,25,0.0,0.0,25,0.94,0.04999999999999998,25,0.044000000000000004,0.05066228051190221,25,0.0,0.0,25,0.016,0.03741657386773942,25,0.4,0.0,25,0.3344,0.05642694391866353,25,0.14400000000000002,0.0541602560309064,25,0.1216,0.04687572221665852,25,64.36,2.307234997422959,25,0.0,0.0,0.0,0.0,0.009999999999999997,0.010132456102380442,0.0,0.007483314773547883,0.0,0.011285388783732706,0.01083205120618128,0.009375144443331703,0.46144699948459184,0.6295971898836017,0.6812962423079103,0.6766346117733326
classification,0.2,cit,0.8240000000000001,0.1451436070471816,25,0.09600000000000002,0.1306394529484362,25,0.08,0.11547005383792516,25,0.0,0.0,25,0.48,0.12909944487358058,25,0.22400000000000003,0.14224392195567914,25,0.26,0.18257418583505536,25,0.036000000000000004,0.04898979485566357,25,0.2624,0.0712554091513994,25,0.3328,0.041182520563948,25,0.3296,0.09680220383166215,25,0.07519999999999999,0.050754310161798086,25,4.72,1.4583095236151573,25,0.02902872140943632,0.02612789058968724,0.023094010767585032,0.0,0.025819888974716116,0.02844878439113583,0.03651483716701107,0.009797958971132715,0.01425108183027988,0.0082365041127896,0.019360440766332428,0.010150862032359617,0.29166190472303144,0.6186462796414444,0.6137354084853495,0.6260543241964801
classification,0.2,lgbm,1.0,0.0,25,0.0,0.0,25,0.0,0.0,25,0.0,0.0,25,0.956,0.05830951894845299,25,0.036000000000000004,0.056862407030773277,25,0.0,0.0,25,0.008,0.027688746209726917,25,0.4,0.0,25,0.4304,0.04513682901282869,25,0.0,0.0,25,0.1696,0.04513682901282869,25,69.84,0.3741657386773941,25,0.0,0.0,0.0,0.0,0.011661903789690597,0.011372481406154655,0.0,0.005537749241945384,0.0,0.009027365802565739,0.0,0.009027365802565739,0.07483314773547882,0.6268720337862282,0.6826465727906229,0.672002778091289
classification,0.2,rf,1.0,0.0,25,0.0,0.0,25,0.0,0.0,25,0.0,0.0,25,0.988,0.03316624790355399,25,0.008,0.027688746209726917,25,0.0,0.0,25,0.004,0.02,25,0.4,0.0,25,0.42560000000000003,0.04144072071445346,25,0.0,0.0,25,0.1744,0.04144072071445348,25,70.0,0.0,25,0.0,0.0,0.0,0.0,0.006633249580710798,0.005537749241945384,0.0,0.004,0.0,0.008288144142890693,0.0,0.008288144142890697,0.0,0.6344735478053626,0.6899151027430787,0.6729216965480287
classification,0.2,rf_oobperm,0.992,0.04000000000000001,25,0.008,0.04,25,0.0,0.0,25,0.0,0.0,25,0.868,0.05567764362830024,25,0.08800000000000001,0.0725718035235908,25,0.004,0.02,25,0.04,0.05000000000000001,25,0.38880000000000003,0.018330302779823386,25,0.33759999999999996,0.06332982446420223,25,0.1456,0.06205374015050718,25,0.128,0.041633319989322654,25,39.28,5.44303836718672,25,0.008000000000000002,0.008,0.0,0.0,0.011135528725660048,0.01451436070471816,0.004,0.010000000000000002,0.003666060555964677,0.012665964892840446,0.012410748030101436,0.00832666399786453,1.088607673437344,0.6318089615900396,0.6735866861433044,0.6737070551771948
classification,0.2,xgb,0.632,0.24953289696283867,25,0.032,0.07483314773547883,25,0.336,0.26907248094147423,25,0.0,0.0,25,0.684,0.12476644848141936,25,0.07600000000000001,0.08306623862918075,25,0.20800000000000002,0.14977761292440647,25,0.032,0.06904105059069326,25,0.38880000000000003,0.027129319932501075,25,0.30560000000000004,0.07561305002004172,25,0.1696,0.08585258683736131,25,0.136,0.050332229568471665,25,68.48,1.0847426730182006,25,0.049906579392567735,0.014966629547095767,0.05381449618829485,0.0,0.024953289696283874,0.01661324772583615,0.029955522584881294,0.013808210118138653,0.005425863986500215,0.015122610004008344,0.017170517367472264,0.010066445913694332,0.2169485346036401,0.5932296113569048,0.6472806680660554,0.6696027036857121
regression,0.05,cif,0.36,0.18257418583505536,25,0.18400000000000002,0.14047538337136986,25,0.344,0.20428737928059418,25,0.11200000000000002,0.10132456102380442,25,0.256,0.11930353445448853,25,0.23600000000000002,0.13808210118138653,25,0.396,0.17435595774162693,25,0.11200000000000002,0.0725718035235908,25,0.1984,0.06681317235396027,25,0.2912,0.0648279774994305,25,0.392,0.07118052168020876,25,0.1184,0.0482769786406178,25,17.04,4.513682901282868,25,0.03651483716701107,0.028095076674273974,0.04085747585611883,0.020264912204760885,0.023860706890897705,0.027616420236277306,0.03487119154832539,0.01451436070471816,0.013362634470792053,0.012965595499886101,0.014236104336041753,0.00965539572812356,0.9027365802565737,-0.10331353619467498,-0.11431922181396496,-0.10489360083900263
regression,0.05,cif_maxt,0.44800000000000006,0.18511257835886427,25,0.136,0.13808210118138653,25,0.29600000000000004,0.2169485346036397,25,0.12,0.11547005383792516,25,0.34,0.10801234497346433,25,0.22399999999999998,0.11284207253207171,25,0.3,0.18257418583505536,25,0.136,0.10754843869934452,25,0.2336,0.0512249938994628,25,0.2992,0.0567097875150313,25,0.3344,0.0701237002256251,25,0.1328,0.05381449618829485,25,21.28,5.342596122984904,25,0.03702251567177285,0.027616420236277306,0.04338970692072794,0.023094010767585032,0.021602468994692866,0.022568414506414343,0.03651483716701107,0.021509687739868905,0.01024499877989256,0.01134195750300626,0.014024740045125019,0.01076289923765897,1.0685192245969808,-0.10220253539946635,-0.10578010331461367,-0.10513670533667817
regression,0.05,cif_noadjust,0.47200000000000003,0.16206994374857625,25,0.15200000000000002,0.1446835627614047,25,0.24,0.2081665999466133,25,0.136,0.09521904571390467,25,0.332,0.11803954139750515,25,0.252,0.11224972160321824,25,0.29600000000000004,0.16703293088490068,25,0.12,0.09574271077563382,25,0.2352,0.04052982440952178,25,0.3072,0.05503937984146744,25,0.3328,0.06605048574133776,25,0.12480000000000001,0.04805552344250694,25,22.16,5.273202695389839,25,0.03241398874971525,0.02893671255228094,0.04163331998932266,0.019043809142780935,0.02360790827950103,0.022449944320643647,0.033406586176980134,0.019148542155126763,0.008105964881904355,0.011007875968293487,0.013210097148267552,0.009611104688501387,1.0546405390779678,-0.0924136743573387,-0.11549403891560618,-0.11132608664150924
regression,0.05,cit,0.136,0.1604161255402129,25,0.4,0.12909944487358058,25,0.384,0.12806248474865697,25,0.08,0.10000000000000002,25,0.132,0.08020806277010643,25,0.436,0.10360180178613367,25,0.35600000000000004,0.05066228051190226,25,0.07600000000000001,0.07234178138070235,25,0.1312,0.08526038548665692,25,0.376,0.07571877794400365,25,0.3968,0.05764257685657944,25,0.096,0.041633319989322654,25,0.12,0.33166247903553997,25,0.03208322510804258,0.025819888974716116,0.025612496949731396,0.020000000000000004,0.016041612554021287,0.020720360357226734,0.010132456102380453,0.01446835627614047,0.017052077097331385,0.01514375558880073,0.011528515371315887,0.00832666399786453,0.066332495807108,-0.09303526827220751,-0.10596041367871792,-0.10670794444769612
regression,0.05,lgbm,0.248,0.1661324772583615,25,0.52,0.19148542155126763,25,0.0,0.0,25,0.23200000000000004,0.16,25,0.24,0.11547005383792514,25,0.504,0.11718930554164628,25,0.0,0.0,25,0.256,0.11930353445448853,25,0.2368,0.058787753826796275,25,0.528,0.08164965809277261,25,0.0,0.0,25,0.2352,0.04805552344250693,25,69.96,0.19999999999999848,25,0.0332264954516723,0.038297084310253526,0.0,0.032,0.02309401076758503,0.023437861108329256,0.0,0.023860706890897705,0.011757550765359255,0.016329931618554522,0.0,0.009611104688501387,0.039999999999999696,-0.11021814156161057,-0.12349802145794231,-0.1076680668441218
regression,0.05,rf,0.584,0.1518771433319269,25,0.248,0.1446835627614047,25,0.0,0.0,25,0.168,0.13759844960366863,25,0.43200000000000005,0.0988264472024906,25,0.376,0.09695359714832658,25,0.0,0.0,25,0.192,0.10376254944182252,25,0.28800000000000003,0.056568542494923796,25,0.49439999999999995,0.06721111019268566,25,0.0,0.0,25,0.21760000000000002,0.05301572093885613,25,70.0,0.0,25,0.03037542866638538,0.02893671255228094,0.0,0.027519689920733725,0.019765289440498122,0.019390719429665314,0.0,0.020752509888364502,0.011313708498984758,0.013442222038537132,0.0,0.010603144187771226,0.0,-0.09240262633131409,-0.10670996338891399,-0.1022387520812942
regression,0.05,rf_oobperm,0.52,0.22360679774997896,25,0.32799999999999996,0.22271057451320087,25,0.016,0.05537749241945383,25,0.136,0.14966629547095767,25,0.37200000000000005,0.13391539617733778,25,0.43200000000000005,0.174928556845359,25,0.052000000000000005,0.07141428428542851,25,0.14400000000000002,0.1083205120618128,25,0.20800000000000002,0.05887840577551899,25,0.38079999999999997,0.10399999999999997,25,0.2576,0.09243376006633075,25,0.1536,0.05619015334854793,25,33.84,6.0462109346818735,25,0.044721359549995794,0.04454211490264017,0.011075498483890767,0.029933259094191533,0.026783079235467556,0.0349857113690718,0.014282856857085701,0.02166410241236256,0.011775681155103798,0.020799999999999992,0.01848675201326615,0.011238030669709586,1.2092421869363748,-0.09550611542051099,-0.10416974958742674,-0.11829515076831534
regression,0.05,xgb,0.20800000000000002,0.1869046102516825,25,0.17600000000000002,0.16653327995729061,25,0.47200000000000003,0.2508651696296904,25,0.14400000000000002,0.1685229954635272,25,0.22400000000000003,0.14224392195567914,25,0.276,0.1451436070471816,25,0.348,0.1610382977224155,25,0.15200000000000002,0.1004987562112089,25,0.2192,0.06544208635630948,25,0.39840000000000003,0.07701082175036614,25,0.21600000000000003,0.058878405775518984,25,0.1664,0.05851495535331118,25,70.0,0.0,25,0.0373809220503365,0.03330665599145812,0.05017303392593808,0.03370459909270544,0.02844878439113583,0.02902872140943632,0.032207659544483104,0.02009975124224178,0.013088417271261896,0.015402164350073227,0.011775681155103798,0.011702991070662236,0.0,-0.11571843813467114,-0.12132398836766735,-0.11926695616977982
regression,0.1,cif,0.8640000000000001,0.11135528725660042,25,0.0,0.0,25,0.12,0.11547005383792518,25,0.016,0.05537749241945383,25,0.636,0.10360180178613365,25,0.11200000000000002,0.08812869377601523,25,0.2,0.09574271077563382,25,0.052000000000000005,0.05859465277082316,25,0.3296,0.049369356217529636,25,0.2576,0.05425863986500214,25,0.3136,0.060750857332770754,25,0.0992,0.0448998886412873,25,23.68,3.997082269189197,25,0.022271057451320082,0.0,0.023094010767585035,0.011075498483890767,0.02072036035722673,0.017625738755203048,0.019148542155126763,0.011718930554164632,0.009873871243505927,0.010851727973000427,0.01215017146655415,0.00897997772825746,0.7994164538378394,-0.05416499338964569,-0.0476721709610429,-0.03552349033938649
regression,0.1,cif_maxt,0.9279999999999999,0.0979795897113271,25,0.008,0.04000000000000001,25,0.04800000000000001,0.08717797887081348,25,0.016,0.05537749241945383,25,0.652,0.10456258094238749,25,0.132,0.07483314773547883,25,0.15200000000000002,0.09626352718795768,25,0.064,0.05686240703077328,25,0.34240000000000004,0.03843609414773218,25,0.26080000000000003,0.05670978751503129,25,0.2768,0.07564830908002285,25,0.12,0.05291502622129182,25,28.36,5.098038838612353,25,0.01959591794226542,0.008000000000000002,0.017435595774162697,0.011075498483890767,0.020912516188477497,0.014966629547095767,0.019252705437591534,0.011372481406154657,0.007687218829546436,0.011341957503006258,0.015129661816004569,0.010583005244258365,1.0196077677224706,-0.05509706926348597,-0.03684449130394411,-0.03172728912887515
regression,0.1,cif_noadjust,0.9279999999999999,0.11372481406154651,25,0.008,0.04000000000000001,25,0.04,0.08164965809277262,25,0.024000000000000004,0.06633249580710801,25,0.6759999999999999,0.08793937305515281,25,0.11599999999999999,0.08504900548115384,25,0.14400000000000002,0.08205689083394115,25,0.064,0.05686240703077328,25,0.3408,0.038505410875183055,25,0.2928,0.05856051001599398,25,0.25120000000000003,0.08207313811473275,25,0.1152,0.05075431016179808,25,29.28,4.8263167460635366,25,0.022744962812309304,0.008000000000000002,0.016329931618554526,0.013266499161421603,0.017587874611030563,0.017009801096230768,0.01641137816678823,0.011372481406154657,0.007701082175036611,0.011712102003198796,0.01641462762294655,0.010150862032359615,0.9652633492127073,-0.05656153823057854,-0.04260167362199574,-0.03796519192244655
regression,0.1,cit,0.256,0.19595917942265423,25,0.36,0.14142135623730948,25,0.336,0.11135528725660042,25,0.04800000000000001,0.0871779788708135,25,0.188,0.08326663997864531,25,0.4,0.1,25,0.344,0.05066228051190223,25,0.068,0.06904105059069326,25,0.1472,0.07807688518377255,25,0.3728,0.07368401002478987,25,0.384,0.056568542494923824,25,0.096,0.041633319989322654,25,0.76,0.8793937305515279,25,0.039191835884530846,0.028284271247461894,0.022271057451320082,0.017435595774162697,0.01665332799572906,0.02,0.010132456102380446,0.013808210118138653,0.01561537703675451,0.014736802004957975,0.011313708498984765,0.00832666399786453,0.17587874611030557,-0.08556909407316399,-0.08811663908876512,-0.08443573247489596
regression,0.1,lgbm,0.43200000000000005,0.2135415650406262,25,0.424,0.16653327995729061,25,0.0,0.0,25,0.14400000000000002,0.1781385228784985,25,0.384,0.13441230102437304,25,0.408,0.14696938456699069,25,0.0,0.0,25,0.20800000000000002,0.1255653880122491,25,0.3088,0.037452191747168385,25,0.48160000000000003,0.053516352641038614,25,0.0,0.0,25,0.2096,0.06354001363970056,25,70.0,0.0,25,0.04270831300812524,0.03330665599145812,0.0,0.0356277045756997,0.026882460204874607,0.029393876913398138,0.0,0.025113077602449817,0.007490438349433677,0.010703270528207723,0.0,0.012708002727940112,0.0,-0.08453272799780248,-0.08652740054754877,-0.04767780435141507
regression,0.1,rf,0.9520000000000001,0.08717797887081348,25,0.04,0.08164965809277261,25,0.0,0.0,25,0.008,0.04,25,0.728,0.12754084313139324,25,0.172,0.1173314393786536,25,0.0,0.0,25,0.1,0.08660254037844387,25,0.3728,0.0320832251080426,25,0.43520000000000003,0.05694441734416699,25,0.0,0.0,25,0.192,0.05163977794943223,25,70.0,0.0,25,0.017435595774162697,0.016329931618554522,0.0,0.008,0.025508168626278648,0.02346628787573072,0.0,0.017320508075688773,0.006416645021608521,0.011388883468833398,0.0,0.010327955589886447,0.0,-0.04994468035897503,-0.038154420166544176,-0.012636412246671433
regression,0.1,rf_oobperm,0.792,0.1351542328847553,25,0.15200000000000002,0.1446835627614047,25,0.0,0.0,25,0.05600000000000001,0.1083205120618128,25,0.572,0.08906926143924926,25,0.268,0.09882644720249062,25,0.012000000000000002,0.033166247903554005,25,0.14800000000000002,0.10456258094238748,25,0.3008,0.047777260979117095,25,0.3728,0.064,25,0.1824,0.07666376806114693,25,0.14400000000000002,0.058878405775518984,25,36.76,5.317267468665961,25,0.02703084657695106,0.02893671255228094,0.0,0.02166410241236256,0.017813852287849853,0.019765289440498122,0.006633249580710801,0.020912516188477497,0.009555452195823419,0.0128,0.015332753612229386,0.011775681155103798,1.0634534937331923,-0.05239279376629908,-0.05601027958291828,-0.04561103722441085
regression,0.1,xgb,0.504,0.25897232799406705,25,0.05600000000000001,0.09165151389911681,25,0.4,0.30550504633038933,25,0.04,0.08164965809277262,25,0.44799999999999995,0.12622730819174324,25,0.188,0.12013880860626733,25,0.292,0.1730125236314797,25,0.07200000000000001,0.061373175465073225,25,0.3104,0.052000000000000005,25,0.3456,0.09083318042800587,25,0.2064,0.06601010023726168,25,0.1376,0.0384360941477322,25,69.92,0.27688746209727133,25,0.05179446559881341,0.018330302779823362,0.061101009266077866,0.016329931618554526,0.02524546163834865,0.024027761721253465,0.03460250472629594,0.012274635093014645,0.010400000000000001,0.018166636085601172,0.013202020047452337,0.007687218829546439,0.05537749241945426,-0.08472059233127442,-0.0705768700793205,-0.04250800434339203
regression,0.2,cif,1.0,0.0,25,0.0,0.0,25,0.0,0.0,25,0.0,0.0,25,0.948,0.050990195135927854,25,0.032,0.04760952285695234,25,0.016,0.03741657386773942,25,0.004,0.02,25,0.3968,0.011075498483890764,25,0.2704,0.05689756878227167,25,0.2656,0.062053740150507186,25,0.0672,0.03953057888099625,25,36.36,4.653672384973685,25,0.0,0.0,0.0,0.0,0.01019803902718557,0.009521904571390467,0.007483314773547883,0.004,0.002215099696778153,0.011379513756454334,0.012410748030101438,0.00790611577619925,0.930734476994737,0.114593417223272,0.2815172206496167,0.25966586319049734
regression,0.2,cif_maxt,1.0,0.0,25,0.0,0.0,25,0.0,0.0,25,0.0,0.0,25,0.948,0.05099019513592784,25,0.024000000000000004,0.04358898943540674,25,0.024000000000000004,0.04358898943540674,25,0.004,0.02,25,0.39840000000000003,0.008000000000000014,25,0.25920000000000004,0.062311047709588924,25,0.2416,0.06162250671088716,25,0.1008,0.041825032376954986,25,43.88,6.078102774166734,25,0.0,0.0,0.0,0.0,0.010198039027185569,0.008717797887081349,0.008717797887081349,0.004,0.001600000000000003,0.012462209541917785,0.012324501342177432,0.008365006475390997,1.2156205548333467,0.11550981339531131,0.27644392296558384,0.2596962613645875
regression,0.2,cif_noadjust,1.0,0.0,25,0.0,0.0,25,0.0,0.0,25,0.0,0.0,25,0.9640000000000001,0.04898979485566354,25,0.02,0.040824829046386304,25,0.008,0.027688746209726913,25,0.008,0.027688746209726917,25,0.39840000000000003,0.008000000000000014,25,0.2816,0.057131427428342804,25,0.2192,0.06337191807101945,25,0.1008,0.05179446559881342,25,46.36,3.7735924528226406,25,0.0,0.0,0.0,0.0,0.009797958971132708,0.008164965809277261,0.005537749241945383,0.005537749241945384,0.001600000000000003,0.01142628548566856,0.01267438361420389,0.010358893119762683,0.7547184905645281,0.11242181473253603,0.284225334129975,0.25778805571673713
regression,0.2,cit,0.768,0.23579652245103191,25,0.10400000000000001,0.15405626677721793,25,0.11200000000000002,0.11661903789690602,25,0.016,0.05537749241945383,25,0.46,0.15545631755148023,25,0.228,0.11733143937865362,25,0.272,0.10214368964029708,25,0.04,0.05000000000000001,25,0.24,0.08326663997864531,25,0.32159999999999994,0.05941941321375251,25,0.35200000000000004,0.06324555320336755,25,0.0864,0.05251031644670724,25,3.96,1.42828568570857,25,0.04715930449020638,0.030811253355443585,0.023323807579381205,0.011075498483890767,0.031091263510296046,0.023466287875730723,0.020428737928059416,0.010000000000000002,0.01665332799572906,0.011883882642750502,0.01264911064067351,0.010502063289341449,0.285657137141714,0.06859060275416864,0.07363186890007593,0.10711816638507415
regression,0.2,lgbm,1.0,0.0,25,0.0,0.0,25,0.0,0.0,25,0.0,0.0,25,0.88,0.06454972243679027,25,0.09200000000000001,0.07023769168568493,25,0.0,0.0,25,0.028000000000000004,0.0541602560309064,25,0.4,0.0,25,0.4368,0.04607240678178933,25,0.0,0.0,25,0.1632,0.04607240678178933,25,70.0,0.0,25,0.0,0.0,0.0,0.0,0.012909944487358055,0.014047538337136987,0.0,0.01083205120618128,0.0,0.009214481356357867,0.0,0.009214481356357867,0.0,0.11386865322506395,0.24591888370592638,0.2622761723803526
regression,0.2,rf,1.0,0.0,25,0.0,0.0,25,0.0,0.0,25,0.0,0.0,25,0.988,0.033166247903553984,25,0.012000000000000002,0.033166247903554,25,0.0,0.0,25,0.0,0.0,25,0.4,0.0,25,0.4128,0.049959983987187206,25,0.0,0.0,25,0.18719999999999998,0.04995998398718718,25,70.0,0.0,25,0.0,0.0,0.0,0.0,0.006633249580710797,0.0066332495807108,0.0,0.0,0.0,0.009991996797437442,0.0,0.009991996797437435,0.0,0.11706740280795301,0.2904698472698155,0.2583313907180989
regression,0.2,rf_oobperm,1.0,0.0,25,0.0,0.0,25,0.0,0.0,25,0.0,0.0,25,0.9520000000000001,0.05859465277082314,25,0.032,0.05567764362830022,25,0.0,0.0,25,0.016,0.03741657386773942,25,0.3968,0.011075498483890773,25,0.35200000000000004,0.07023769168568493,25,0.1328,0.064,25,0.1184,0.04963869458396343,25,38.84,3.636390151418481,25,0.0,0.0,0.0,0.0,0.011718930554164628,0.011135528725660045,0.0,0.007483314773547883,0.0022150996967781546,0.014047538337136987,0.0128,0.009927738916792685,0.7272780302836962,0.1224105476327036,0.27625435775457985,0.2528693542609738
regression,0.2,xgb,0.9279999999999999,0.1137248140615465,25,0.0,0.0,25,0.07200000000000001,0.11372481406154657,25,0.0,0.0,25,0.852,0.0871779788708135,25,0.02,0.05,25,0.128,0.0842614977317636,25,0.0,0.0,25,0.3872,0.01904380914278097,25,0.2944,0.07200000000000001,25,0.1776,0.06118823416311343,25,0.1408,0.0567097875150313,25,69.96,0.20000000000000187,25,0.0227449628123093,0.0,0.022744962812309314,0.0,0.017435595774162697,0.01,0.01685229954635272,0.0,0.003808761828556194,0.014400000000000001,0.012237646832622686,0.01134195750300626,0.040000000000000376,0.0922296687272671,0.2420871030647985,0.24527689093002858
