study,task,n,k,threshold_test,stopping,repeats,censored,timeout_seconds,seconds_per_fit,seconds_min,seconds_max,depth
synthetic_scaling,classification,1000,16,bonferroni,adaptive,3,False,1200.0,0.041775887,0.0415123870000115,0.0422063669999914,5.0
synthetic_scaling,classification,1000,16,bonferroni,exhaustive,3,False,1200.0,0.0532801989999995,0.0522506830000111,0.0540284999999869,5.0
synthetic_scaling,classification,1000,16,bonferroni_fixed,adaptive,3,False,1200.0,0.037046604999972,0.0365393939999876,0.0382871780000186,5.0
synthetic_scaling,classification,1000,16,bonferroni_fixed,exhaustive,3,False,1200.0,0.0456408560000056,0.0455193740000083,0.0474418520000199,5.0
synthetic_scaling,classification,1000,16,maxt,adaptive,3,False,1200.0,0.0412895249999962,0.0403882020000025,0.0415965839999898,6.0
synthetic_scaling,classification,1000,16,maxt,exhaustive,3,False,1200.0,0.0600558429999864,0.0599695420000045,0.0626212149999787,5.0
synthetic_scaling,classification,1000,64,bonferroni,adaptive,3,False,1200.0,0.1167720429999974,0.1163676859999895,0.1218572570000162,4.0
synthetic_scaling,classification,1000,64,bonferroni,exhaustive,3,False,1200.0,0.4727936170000077,0.4584261119999837,0.4749507439999831,4.0
synthetic_scaling,classification,1000,64,bonferroni_fixed,adaptive,3,False,1200.0,0.0841433850000044,0.0832321010000214,0.0851537899999925,4.0
synthetic_scaling,classification,1000,64,bonferroni_fixed,exhaustive,3,False,1200.0,0.0625909729999989,0.0625414410000075,0.0631885479999994,0.0
synthetic_scaling,classification,1000,64,maxt,adaptive,3,False,1200.0,0.0405680590000088,0.0404721670000185,0.0412100860000066,4.0
synthetic_scaling,classification,1000,64,maxt,exhaustive,3,False,1200.0,0.1105892520000111,0.1100771090000023,0.1116170669999974,5.0
synthetic_scaling,classification,1000,256,bonferroni,adaptive,3,False,1200.0,0.1399699989999874,0.1388320620000058,0.1417886579999958,5.0
synthetic_scaling,classification,1000,256,bonferroni,exhaustive,3,False,1200.0,0.3878733759999875,0.3604948359999866,0.3978377180000052,5.0
synthetic_scaling,classification,1000,256,bonferroni_fixed,adaptive,3,False,1200.0,0.0805506009999987,0.0790093230000081,0.081158006999999,5.0
synthetic_scaling,classification,1000,256,bonferroni_fixed,exhaustive,3,False,1200.0,0.2357996540000044,0.235265021999993,0.2385780760000102,0.0
synthetic_scaling,classification,1000,256,maxt,adaptive,3,False,1200.0,0.0859563209999976,0.0852231400000107,0.088796402000014,5.666666666666667
synthetic_scaling,classification,1000,256,maxt,exhaustive,3,False,1200.0,0.3082908979999956,0.2938587600000062,0.3177563399999883,5.0
synthetic_scaling,classification,4000,16,bonferroni,adaptive,3,False,1200.0,0.1224546939999982,0.1212553830000047,0.1275685749999979,8.0
synthetic_scaling,classification,4000,16,bonferroni,exhaustive,3,False,1200.0,0.2003775290000078,0.1938124790000017,0.2038191549999908,8.0
synthetic_scaling,classification,4000,16,bonferroni_fixed,adaptive,3,False,1200.0,0.1130578970000044,0.1119458789999896,0.1144857939999894,8.0
synthetic_scaling,classification,4000,16,bonferroni_fixed,exhaustive,3,False,1200.0,0.1401968700000111,0.1396723669999744,0.1445111310000015,8.0
synthetic_scaling,classification,4000,16,maxt,adaptive,3,False,1200.0,0.1007147020000047,0.0995828529999585,0.1037582000000156,8.0
synthetic_scaling,classification,4000,16,maxt,exhaustive,3,False,1200.0,0.2407042570000044,0.2401260519999937,0.242067770999995,7.0
synthetic_scaling,classification,4000,64,bonferroni,adaptive,3,False,1200.0,0.2948213090000422,0.2939811879999752,0.3236218849999659,6.0
synthetic_scaling,classification,4000,64,bonferroni,exhaustive,3,False,1200.0,0.8752526819999957,0.8707093969999846,0.9071764669999992,6.0
synthetic_scaling,classification,4000,64,bonferroni_fixed,adaptive,3,False,1200.0,0.1937344350000103,0.1745043249999867,0.2002137910000101,8.0
synthetic_scaling,classification,4000,64,bonferroni_fixed,exhaustive,3,False,1200.0,0.2218171230000507,0.2205873419999875,0.2236370899999542,0.0
synthetic_scaling,classification,4000,64,maxt,adaptive,3,False,1200.0,0.1542845680000368,0.1517636560000141,0.1641222200000243,7.333333333333333
synthetic_scaling,classification,4000,64,maxt,exhaustive,3,False,1200.0,0.5071258670000134,0.5033061889999999,0.5303688809999585,7.333333333333333
synthetic_scaling,classification,4000,256,bonferroni,adaptive,3,False,1200.0,1.8264709219999984,1.8232503849999944,1.844685216000016,8.0
synthetic_scaling,classification,4000,256,bonferroni,exhaustive,3,False,1200.0,14.151192788000005,14.150874746999987,14.602054599999974,8.0
synthetic_scaling,classification,4000,256,bonferroni_fixed,adaptive,3,False,1200.0,1.4730836150000073,1.4710241629999814,1.4733332619999828,8.0
synthetic_scaling,classification,4000,256,bonferroni_fixed,exhaustive,3,False,1200.0,0.8708945949999816,0.8639753290000272,0.8740510760000006,0.0
synthetic_scaling,classification,4000,256,maxt,adaptive,3,False,1200.0,0.3143101480000041,0.3076386729999854,0.3144464019999873,7.0
synthetic_scaling,classification,4000,256,maxt,exhaustive,3,False,1200.0,1.403205162000006,1.394492968999998,1.4038291100000038,6.0
synthetic_scaling,classification,16000,16,bonferroni,adaptive,3,False,1200.0,0.4744950029999586,0.4640386419999913,0.4784509639999896,8.0
synthetic_scaling,classification,16000,16,bonferroni,exhaustive,3,False,1200.0,0.7883212699999831,0.7838291730000151,0.7922894760000077,8.0
synthetic_scaling,classification,16000,16,bonferroni_fixed,adaptive,3,False,1200.0,0.4385445050000385,0.4305072610000025,0.440663121,8.0
synthetic_scaling,classification,16000,16,bonferroni_fixed,exhaustive,3,False,1200.0,0.5519941830000334,0.5448041289999992,0.5575279529999762,8.0
synthetic_scaling,classification,16000,16,maxt,adaptive,3,False,1200.0,0.3863783520000083,0.3758671029999618,0.4229736369999841,9.0
synthetic_scaling,classification,16000,16,maxt,exhaustive,3,False,1200.0,0.933942860000002,0.9162854859999924,0.9382762030000436,9.0
synthetic_scaling,classification,16000,64,bonferroni,adaptive,3,False,1200.0,1.0292389489999323,1.022902212999952,1.0392873800000189,8.0
synthetic_scaling,classification,16000,64,bonferroni,exhaustive,3,False,1200.0,3.2605205789999445,3.257467197999972,3.3088736389998985,8.0
synthetic_scaling,classification,16000,64,bonferroni_fixed,adaptive,3,False,1200.0,0.7486499420000428,0.7435184070000105,0.7493006580000383,8.0
synthetic_scaling,classification,16000,64,bonferroni_fixed,exhaustive,3,False,1200.0,0.911580688000072,0.9095285009999544,0.9145106810000244,0.0
synthetic_scaling,classification,16000,64,maxt,adaptive,3,False,1200.0,0.5944182650000585,0.5692402549999542,0.6043097409999518,9.0
synthetic_scaling,classification,16000,64,maxt,exhaustive,3,False,1200.0,2.100193555000033,2.0992850519999138,2.1026206980000097,8.0
synthetic_scaling,classification,16000,256,bonferroni,adaptive,3,False,1200.0,7.511504338000009,7.511090843000034,7.686070050000012,7.0
synthetic_scaling,classification,16000,256,bonferroni,exhaustive,3,False,1200.0,53.01575478199993,52.66692362599997,53.37681532299996,7.0
synthetic_scaling,classification,16000,256,bonferroni_fixed,adaptive,3,False,1200.0,6.437386399999923,6.404167506000022,6.514842004999991,7.0
synthetic_scaling,classification,16000,256,bonferroni_fixed,exhaustive,3,False,1200.0,3.470189403000063,3.4651275409999016,3.493877944000019,0.0
synthetic_scaling,classification,16000,256,maxt,adaptive,3,False,1200.0,1.2118558870001834,1.2021806559998822,1.2224675319998823,8.666666666666666
synthetic_scaling,classification,16000,256,maxt,exhaustive,3,False,1200.0,6.519758409000133,6.443122710999887,6.539783710000165,9.0
synthetic_scaling,regression,1000,16,bonferroni,adaptive,3,False,1200.0,0.0588073569999778,0.0576251349998528,0.0597521899999264,6.0
synthetic_scaling,regression,1000,16,bonferroni,exhaustive,3,False,1200.0,0.0722094430000197,0.07052646000011,0.0725084119999337,6.0
synthetic_scaling,regression,1000,16,bonferroni_fixed,adaptive,3,False,1200.0,0.0532496519999767,0.0530057649998525,0.054852652999898,6.0
synthetic_scaling,regression,1000,16,bonferroni_fixed,exhaustive,3,False,1200.0,0.0581171779999749,0.0571131520000562,0.059995057000151,6.0
synthetic_scaling,regression,1000,16,maxt,adaptive,3,False,1200.0,0.0516638080000575,0.0512700070000846,0.0525513899999623,7.333333333333333
synthetic_scaling,regression,1000,16,maxt,exhaustive,3,False,1200.0,0.0804012210001019,0.0798832580001089,0.0818122069999844,6.0
synthetic_scaling,regression,1000,64,bonferroni,adaptive,3,False,1200.0,0.099800223000102,0.0986174020001726,0.1000779189998866,6.0
synthetic_scaling,regression,1000,64,bonferroni,exhaustive,3,False,1200.0,0.2234217509999325,0.22181009000019,0.2248006680001708,6.0
synthetic_scaling,regression,1000,64,bonferroni_fixed,adaptive,3,False,1200.0,0.086302508000017,0.0848428540000441,0.0863058469999487,7.0
synthetic_scaling,regression,1000,64,bonferroni_fixed,exhaustive,3,False,1200.0,0.0573036260000208,0.0568618549998518,0.0577444079999622,0.0
synthetic_scaling,regression,1000,64,maxt,adaptive,3,False,1200.0,0.0758577579999837,0.0730870160000449,0.0760064720000173,7.333333333333333
synthetic_scaling,regression,1000,64,maxt,exhaustive,3,False,1200.0,0.1530623339999692,0.1518539430001055,0.1538021589999516,7.0
synthetic_scaling,regression,1000,256,bonferroni,adaptive,3,False,1200.0,0.2533545439998761,0.2480233480000606,0.2584688279998772,6.0
synthetic_scaling,regression,1000,256,bonferroni,exhaustive,3,False,1200.0,1.254901301000018,1.2485900259998743,1.442217932999938,6.0
synthetic_scaling,regression,1000,256,bonferroni_fixed,adaptive,3,False,1200.0,0.1927962610000122,0.1925432440000349,0.1935033470001599,6.0
synthetic_scaling,regression,1000,256,bonferroni_fixed,exhaustive,3,False,1200.0,0.2284121559998766,0.2180571790001977,0.2350490329999957,0.0
synthetic_scaling,regression,1000,256,maxt,adaptive,3,False,1200.0,0.108168692999925,0.1054682830001638,0.1219087399999807,7.0
synthetic_scaling,regression,1000,256,maxt,exhaustive,3,False,1200.0,0.3744951000001038,0.3371418589999848,0.3863251579998632,7.0
synthetic_scaling,regression,4000,16,bonferroni,adaptive,3,False,1200.0,0.1841903999998067,0.1806182359998729,0.186707436000006,9.0
synthetic_scaling,regression,4000,16,bonferroni,exhaustive,3,False,1200.0,0.2592785129997992,0.2496363119998932,0.2597048530001302,9.0
synthetic_scaling,regression,4000,16,bonferroni_fixed,adaptive,3,False,1200.0,0.1690548859999125,0.1630502699999851,0.1727843940000184,9.0
synthetic_scaling,regression,4000,16,bonferroni_fixed,exhaustive,3,False,1200.0,0.1998375260000102,0.1956274950000534,0.2016999429999941,9.0
synthetic_scaling,regression,4000,16,maxt,adaptive,3,False,1200.0,0.1485251340000104,0.1484335110001211,0.1530675520000386,8.333333333333334
synthetic_scaling,regression,4000,16,maxt,exhaustive,3,False,1200.0,0.2681274280000707,0.2680206339998676,0.2697079780000422,8.0
synthetic_scaling,regression,4000,64,bonferroni,adaptive,3,False,1200.0,0.3653893309999603,0.3621359469998424,0.4156989210000574,9.0
synthetic_scaling,regression,4000,64,bonferroni,exhaustive,3,False,1200.0,0.9438589920000596,0.9347805229999722,0.9500144220000948,9.0
synthetic_scaling,regression,4000,64,bonferroni_fixed,adaptive,3,False,1200.0,0.2861068080001132,0.2791647369999737,0.29070456799991,7.0
synthetic_scaling,regression,4000,64,bonferroni_fixed,exhaustive,3,False,1200.0,0.2107039049999457,0.2040602719998787,0.212052500000027,0.0
synthetic_scaling,regression,4000,64,maxt,adaptive,3,False,1200.0,0.2327024880000863,0.2256664849999197,0.2378823909998573,9.0
synthetic_scaling,regression,4000,64,maxt,exhaustive,3,False,1200.0,0.5469690390000324,0.5379472279998936,0.5666857129999698,8.0
synthetic_scaling,regression,4000,256,bonferroni,adaptive,3,False,1200.0,1.2857476789999964,1.2849796959999369,1.2883305119999022,8.0
synthetic_scaling,regression,4000,256,bonferroni,exhaustive,3,False,1200.0,8.181522185999938,8.132188049999968,8.283622811999976,8.0
synthetic_scaling,regression,4000,256,bonferroni_fixed,adaptive,3,False,1200.0,1.2423213900001429,1.23318723400007,1.2476018170000316,8.0
synthetic_scaling,regression,4000,256,bonferroni_fixed,exhaustive,3,False,1200.0,0.8123286400000325,0.8097246019999602,0.8199684390001494,0.0
synthetic_scaling,regression,4000,256,maxt,adaptive,3,False,1200.0,0.4143845039998268,0.3846650010000303,0.4363685270000133,9.0
synthetic_scaling,regression,4000,256,maxt,exhaustive,3,False,1200.0,1.388489257999936,1.3872373029998926,1.4025464629999078,8.0
synthetic_scaling,regression,16000,16,bonferroni,adaptive,3,False,1200.0,0.5893177670000114,0.5812998099997913,0.5916653399999632,10.0
synthetic_scaling,regression,16000,16,bonferroni,exhaustive,3,False,1200.0,0.8160634589999063,0.811931020999964,0.8163747870000861,10.0
synthetic_scaling,regression,16000,16,bonferroni_fixed,adaptive,3,False,1200.0,0.5234094120000918,0.5167073799998434,0.5234794039999997,10.0
synthetic_scaling,regression,16000,16,bonferroni_fixed,exhaustive,3,False,1200.0,0.6473798629999692,0.6403344699999707,0.6483851590000995,10.0
synthetic_scaling,regression,16000,16,maxt,adaptive,3,False,1200.0,0.4992022830001588,0.4840631309998571,0.5116764459999104,11.0
synthetic_scaling,regression,16000,16,maxt,exhaustive,3,False,1200.0,1.0252491720000307,1.0102084089999153,1.0420863720000852,10.0
synthetic_scaling,regression,16000,64,bonferroni,adaptive,3,False,1200.0,1.0813299330000063,1.058876672999986,1.0913291630001822,9.0
synthetic_scaling,regression,16000,64,bonferroni,exhaustive,3,False,1200.0,2.6894173299999693,2.6888674829999673,2.7688633719999416,9.0
synthetic_scaling,regression,16000,64,bonferroni_fixed,adaptive,3,False,1200.0,0.7452216859999226,0.7443300650002129,0.7454384740001387,9.0
synthetic_scaling,regression,16000,64,bonferroni_fixed,exhaustive,3,False,1200.0,0.8698653240001022,0.8657831600000918,0.8761233870000069,0.0
synthetic_scaling,regression,16000,64,maxt,adaptive,3,False,1200.0,0.6969115219999367,0.6872640640001464,0.6983529689998704,10.333333333333334
synthetic_scaling,regression,16000,64,maxt,exhaustive,3,False,1200.0,2.168536786000004,2.163761343000033,2.1837714400001005,10.0
synthetic_scaling,regression,16000,256,bonferroni,adaptive,3,False,1200.0,7.509074089000023,7.49078435499996,7.542569860999947,9.0
synthetic_scaling,regression,16000,256,bonferroni,exhaustive,3,False,1200.0,54.47738618099993,53.935443506999945,55.41850230399996,9.0
synthetic_scaling,regression,16000,256,bonferroni_fixed,adaptive,3,False,1200.0,5.278780732000087,5.262228496000034,5.390875956999935,9.0
synthetic_scaling,regression,16000,256,bonferroni_fixed,exhaustive,3,False,1200.0,3.368284655000025,3.352933380999957,3.3979910079999627,0.0
synthetic_scaling,regression,16000,256,maxt,adaptive,3,False,1200.0,1.387935784000092,1.37506809599995,1.3966132059999836,10.0
synthetic_scaling,regression,16000,256,maxt,exhaustive,3,False,1200.0,6.29691452499992,6.267392130999951,6.469461856999942,9.0
synthetic_scaling,classification,1000,16,bonferroni,adaptive,3,False,1200.0,0.0356592589999991,0.0352941339999972,0.0366450670000091,4.0
synthetic_scaling,classification,1000,16,bonferroni,exhaustive,3,False,1200.0,0.0560720210000056,0.0549525760000051,0.0567753320000008,4.0
synthetic_scaling,classification,1000,16,bonferroni_fixed,adaptive,3,False,1200.0,0.0327602870000021,0.0327157739999961,0.0341934330000128,4.0
synthetic_scaling,classification,1000,16,bonferroni_fixed,exhaustive,3,False,1200.0,0.0390037049999989,0.0386319019999916,0.0411957130000075,4.0
synthetic_scaling,classification,1000,16,maxt,adaptive,3,False,1200.0,0.0357070389999876,0.035045537000002,0.0363477479999971,5.0
synthetic_scaling,classification,1000,16,maxt,exhaustive,3,False,1200.0,0.058270455000013,0.0582239750000042,0.0583577189999857,5.0
synthetic_scaling,classification,1000,64,bonferroni,adaptive,3,False,1200.0,0.0711026539999863,0.0708923079999976,0.0717597560000058,5.0
synthetic_scaling,classification,1000,64,bonferroni,exhaustive,3,False,1200.0,0.1989403460000005,0.1964938970000105,0.2013856339999904,5.0
synthetic_scaling,classification,1000,64,bonferroni_fixed,adaptive,3,False,1200.0,0.0517801679999934,0.0517693180000264,0.0537003989999789,5.0
synthetic_scaling,classification,1000,64,bonferroni_fixed,exhaustive,3,False,1200.0,0.0622600920000024,0.061811318999986,0.0623630059999982,0.0
synthetic_scaling,classification,1000,64,maxt,adaptive,3,False,1200.0,0.0416430359999822,0.038346190999988,0.044109173999999,5.0
synthetic_scaling,classification,1000,64,maxt,exhaustive,3,False,1200.0,0.1111709099999984,0.1108074379999948,0.1126306959999965,5.0
synthetic_scaling,classification,1000,256,bonferroni,adaptive,3,False,1200.0,0.64030262899999,0.6378854140000101,0.6439197560000025,4.0
synthetic_scaling,classification,1000,256,bonferroni,exhaustive,3,False,1200.0,5.635649240999982,5.600474883999993,5.6848887780000155,4.0
synthetic_scaling,classification,1000,256,bonferroni_fixed,adaptive,3,False,1200.0,0.5941287880000061,0.5687392049999858,0.5997817859999941,4.0
synthetic_scaling,classification,1000,256,bonferroni_fixed,exhaustive,3,False,1200.0,0.2368818959999998,0.2358616329999847,0.237629308999999,0.0
synthetic_scaling,classification,1000,256,maxt,adaptive,3,False,1200.0,0.0809900900000002,0.0741197389999683,0.0980230260000212,5.0
synthetic_scaling,classification,1000,256,maxt,exhaustive,3,False,1200.0,0.2837657379999996,0.2826040109999894,0.2839494940000122,5.0
synthetic_scaling,classification,4000,16,bonferroni,adaptive,3,False,1200.0,0.1233994689999917,0.1225086229999874,0.1244265830000017,6.0
synthetic_scaling,classification,4000,16,bonferroni,exhaustive,3,False,1200.0,0.1938649890000192,0.1929382489999511,0.1983051820000128,6.0
synthetic_scaling,classification,4000,16,bonferroni_fixed,adaptive,3,False,1200.0,0.1145523860000139,0.1137245300000131,0.1150969629999849,6.0
synthetic_scaling,classification,4000,16,bonferroni_fixed,exhaustive,3,False,1200.0,0.1426617540000165,0.142461566999998,0.1467562739999834,6.0
synthetic_scaling,classification,4000,16,maxt,adaptive,3,False,1200.0,0.106322294999984,0.1053541669999731,0.1087523669999654,9.0
synthetic_scaling,classification,4000,16,maxt,exhaustive,3,False,1200.0,0.2182828239999708,0.2173857359999829,0.2248796259999608,6.0
synthetic_scaling,classification,4000,64,bonferroni,adaptive,3,False,1200.0,0.3374754579999717,0.335969620999947,0.3535979270000098,7.0
synthetic_scaling,classification,4000,64,bonferroni,exhaustive,3,False,1200.0,1.134838626999965,1.1314242069999525,1.1380617859999802,7.0
synthetic_scaling,classification,4000,64,bonferroni_fixed,adaptive,3,False,1200.0,0.2657791599999655,0.2651097670000126,0.2661212450000221,6.0
synthetic_scaling,classification,4000,64,bonferroni_fixed,exhaustive,3,False,1200.0,0.2205726280000135,0.2196775019999677,0.2208476690000225,0.0
synthetic_scaling,classification,4000,64,maxt,adaptive,3,False,1200.0,0.1431736380000074,0.1412115839999614,0.1518775139999775,7.666666666666667
synthetic_scaling,classification,4000,64,maxt,exhaustive,3,False,1200.0,0.5047535369999991,0.4821896830000014,0.5189428859999907,7.0
synthetic_scaling,classification,4000,256,bonferroni,adaptive,3,False,1200.0,1.1780337839999788,1.1727309290000107,1.1799641840000277,7.0
synthetic_scaling,classification,4000,256,bonferroni,exhaustive,3,False,1200.0,7.563432334999959,7.509951901000022,7.6350172339999745,7.0
synthetic_scaling,classification,4000,256,bonferroni_fixed,adaptive,3,False,1200.0,1.791196317000015,1.7877554429999805,1.7976359099999968,6.0
synthetic_scaling,classification,4000,256,bonferroni_fixed,exhaustive,3,False,1200.0,0.8543848920000414,0.8534097129999623,0.8556696519999605,0.0
synthetic_scaling,classification,4000,256,maxt,adaptive,3,False,1200.0,0.341965928000036,0.3386988679999945,0.3421444120000387,7.0
synthetic_scaling,classification,4000,256,maxt,exhaustive,3,False,1200.0,1.3068669979999754,1.3026429430000237,1.3152945009999826,7.0
synthetic_scaling,classification,16000,16,bonferroni,adaptive,3,False,1200.0,0.4605948509999962,0.4578822290000062,0.5220053529999973,8.0
synthetic_scaling,classification,16000,16,bonferroni,exhaustive,3,False,1200.0,0.7554724120000174,0.7537657399999489,0.8425234850000152,8.0
synthetic_scaling,classification,16000,16,bonferroni_fixed,adaptive,3,False,1200.0,0.4260158040000306,0.4152293889999896,0.4345040869999934,8.0
synthetic_scaling,classification,16000,16,bonferroni_fixed,exhaustive,3,False,1200.0,0.5443477190000294,0.54233268400003,0.5884564820000264,8.0
synthetic_scaling,classification,16000,16,maxt,adaptive,3,False,1200.0,0.3891431640000178,0.3665219030000344,0.4070488650000357,9.0
synthetic_scaling,classification,16000,16,maxt,exhaustive,3,False,1200.0,0.9001298929999848,0.8973651379999978,0.9076437310000074,8.0
synthetic_scaling,classification,16000,64,bonferroni,adaptive,3,False,1200.0,1.1597112679999668,1.1591356490000069,1.1658949989999885,7.0
synthetic_scaling,classification,16000,64,bonferroni,exhaustive,3,False,1200.0,4.164724267999986,4.092573560999995,4.176274316999979,7.0
synthetic_scaling,classification,16000,64,bonferroni_fixed,adaptive,3,False,1200.0,0.7719688470000392,0.7709896820000495,0.7736631299999317,8.0
synthetic_scaling,classification,16000,64,bonferroni_fixed,exhaustive,3,False,1200.0,0.8891143460000421,0.8847055659999796,0.8907495749999725,0.0
synthetic_scaling,classification,16000,64,maxt,adaptive,3,False,1200.0,0.5905135880000216,0.5427395359999991,0.5977805479999461,9.666666666666666
synthetic_scaling,classification,16000,64,maxt,exhaustive,3,False,1200.0,2.003987400000028,1.9978240460000052,2.03833988100007,8.0
synthetic_scaling,classification,16000,256,bonferroni,adaptive,3,False,1200.0,12.147560263999935,12.09156701500001,12.224453505000042,8.0
synthetic_scaling,classification,16000,256,bonferroni,exhaustive,3,False,1200.0,98.039992944,98.00896327200007,99.03650483299998,8.0
synthetic_scaling,classification,16000,256,bonferroni_fixed,adaptive,3,False,1200.0,8.843094274000123,8.827507341,8.894370121999827,7.0
synthetic_scaling,classification,16000,256,bonferroni_fixed,exhaustive,3,False,1200.0,3.539429173999906,3.4386189499998636,3.5647472759999346,0.0
synthetic_scaling,classification,16000,256,maxt,adaptive,3,False,1200.0,1.2128111720001016,1.1825232179999148,1.2187545249998948,9.333333333333334
synthetic_scaling,classification,16000,256,maxt,exhaustive,3,False,1200.0,6.282477513999993,6.269015606000039,6.296009527000024,8.0
synthetic_scaling,regression,1000,16,bonferroni,adaptive,3,False,1200.0,0.0461877469999763,0.0461816459999226,0.0464225340001576,6.0
synthetic_scaling,regression,1000,16,bonferroni,exhaustive,3,False,1200.0,0.0637200940000184,0.0635180770000261,0.0640700139999808,6.0
synthetic_scaling,regression,1000,16,bonferroni_fixed,adaptive,3,False,1200.0,0.0439559379999536,0.0428546739999546,0.0454638449998583,6.0
synthetic_scaling,regression,1000,16,bonferroni_fixed,exhaustive,3,False,1200.0,0.0495178119999764,0.0491907209998316,0.0497638389999792,6.0
synthetic_scaling,regression,1000,16,maxt,adaptive,3,False,1200.0,0.0564795290001711,0.0528170439999939,0.0570364760001211,7.0
synthetic_scaling,regression,1000,16,maxt,exhaustive,3,False,1200.0,0.0713826260000587,0.0712735090000933,0.0719998340000529,7.0
synthetic_scaling,regression,1000,64,bonferroni,adaptive,3,False,1200.0,0.0824708290001581,0.0819359310000891,0.0829311160000543,7.0
synthetic_scaling,regression,1000,64,bonferroni,exhaustive,3,False,1200.0,0.1447864829999616,0.1443217190001178,0.1448547160000544,7.0
synthetic_scaling,regression,1000,64,bonferroni_fixed,adaptive,3,False,1200.0,0.0670989320001353,0.0667715919998954,0.0672659920001024,7.0
synthetic_scaling,regression,1000,64,bonferroni_fixed,exhaustive,3,False,1200.0,0.0570827989999997,0.0570428690000426,0.0574739220000992,0.0
synthetic_scaling,regression,1000,64,maxt,adaptive,3,False,1200.0,0.0598311759999887,0.0588571259997934,0.0604058240000995,6.0
synthetic_scaling,regression,1000,64,maxt,exhaustive,3,False,1200.0,0.1509656059999997,0.1494577109999681,0.1552171700000144,6.0
synthetic_scaling,regression,1000,256,bonferroni,adaptive,3,False,1200.0,0.2248537160000978,0.2247700640000403,0.2256237210001472,6.0
synthetic_scaling,regression,1000,256,bonferroni,exhaustive,3,False,1200.0,1.1464256060000937,1.1407475380001415,1.1484178690000135,6.0
synthetic_scaling,regression,1000,256,bonferroni_fixed,adaptive,3,False,1200.0,0.1837204360001578,0.1830583749999732,0.1849842569999964,6.0
synthetic_scaling,regression,1000,256,bonferroni_fixed,exhaustive,3,False,1200.0,0.2180706259998714,0.2169635929999458,0.2185268609998729,0.0
synthetic_scaling,regression,1000,256,maxt,adaptive,3,False,1200.0,0.0979625270001633,0.0921483030001582,0.1006150200000774,6.666666666666667
synthetic_scaling,regression,1000,256,maxt,exhaustive,3,False,1200.0,0.2972045250000974,0.2968783250000797,0.2975189950000185,8.0
synthetic_scaling,regression,4000,16,bonferroni,adaptive,3,False,1200.0,0.1570152470001176,0.1564414189999752,0.1840869620000376,7.0
synthetic_scaling,regression,4000,16,bonferroni,exhaustive,3,False,1200.0,0.214702329000147,0.2130628170000363,0.2147880420000092,7.0
synthetic_scaling,regression,4000,16,bonferroni_fixed,adaptive,3,False,1200.0,0.1425912509998852,0.1420612849999543,0.1517581699999937,7.0
synthetic_scaling,regression,4000,16,bonferroni_fixed,exhaustive,3,False,1200.0,0.1741126879999228,0.171566969999958,0.1743079440000201,7.0
synthetic_scaling,regression,4000,16,maxt,adaptive,3,False,1200.0,0.1567945130000225,0.1543871769999896,0.1577960049999092,10.0
synthetic_scaling,regression,4000,16,maxt,exhaustive,3,False,1200.0,0.2565805389999696,0.2557855840000229,0.256854168000018,7.0
synthetic_scaling,regression,4000,64,bonferroni,adaptive,3,False,1200.0,0.4495524019998811,0.4487390369999957,0.4534101029998965,8.0
synthetic_scaling,regression,4000,64,bonferroni,exhaustive,3,False,1200.0,1.7375667829999202,1.6739607839999735,1.7861743329999626,8.0
synthetic_scaling,regression,4000,64,bonferroni_fixed,adaptive,3,False,1200.0,0.2780098110001745,0.2775004439999975,0.3636651330000404,8.0
synthetic_scaling,regression,4000,64,bonferroni_fixed,exhaustive,3,False,1200.0,0.2036017979999087,0.2035929579999447,0.204103785000143,0.0
synthetic_scaling,regression,4000,64,maxt,adaptive,3,False,1200.0,0.2213495910000347,0.2197122469999612,0.2254168590000063,9.0
synthetic_scaling,regression,4000,64,maxt,exhaustive,3,False,1200.0,0.5396465949997946,0.5388711000000512,0.5420364499998414,8.0
synthetic_scaling,regression,4000,256,bonferroni,adaptive,3,False,1200.0,1.5577772700000878,1.5524532209999506,1.5770735780001814,7.0
synthetic_scaling,regression,4000,256,bonferroni,exhaustive,3,False,1200.0,10.169822831999909,10.139218840000012,10.2160534919999,7.0
synthetic_scaling,regression,4000,256,bonferroni_fixed,adaptive,3,False,1200.0,0.9380064869999388,0.9342638379998788,0.9410209210000176,7.0
synthetic_scaling,regression,4000,256,bonferroni_fixed,exhaustive,3,False,1200.0,0.7885835519998636,0.7874545469999248,0.7942689330000121,0.0
synthetic_scaling,regression,4000,256,maxt,adaptive,3,False,1200.0,0.4124371399998381,0.3648652220001622,0.472342579999804,8.0
synthetic_scaling,regression,4000,256,maxt,exhaustive,3,False,1200.0,1.3967710360000185,1.3797297050000452,1.4012119379999604,7.0
synthetic_scaling,regression,16000,16,bonferroni,adaptive,3,False,1200.0,0.5635202909998043,0.5550143410000601,0.5702468939998653,9.0
synthetic_scaling,regression,16000,16,bonferroni,exhaustive,3,False,1200.0,0.8228418629998941,0.8190357150001546,0.8232628739999654,9.0
synthetic_scaling,regression,16000,16,bonferroni_fixed,adaptive,3,False,1200.0,0.5020136339999226,0.4984184620000178,0.510042841999848,9.0
synthetic_scaling,regression,16000,16,bonferroni_fixed,exhaustive,3,False,1200.0,0.6292438799998763,0.6245870149998609,0.630606901000192,9.0
synthetic_scaling,regression,16000,16,maxt,adaptive,3,False,1200.0,0.4888604699999632,0.4818259720000242,0.4940326120001828,11.0
synthetic_scaling,regression,16000,16,maxt,exhaustive,3,False,1200.0,1.050456567000083,1.036959965000051,1.1030330470000536,10.0
synthetic_scaling,regression,16000,64,bonferroni,adaptive,3,False,1200.0,1.103189810999993,1.0926244689999294,1.1214319189998605,10.0
synthetic_scaling,regression,16000,64,bonferroni,exhaustive,3,False,1200.0,2.9727545159998954,2.967202534999842,2.978188856000088,10.0
synthetic_scaling,regression,16000,64,bonferroni_fixed,adaptive,3,False,1200.0,0.7766760709998834,0.7748543650000101,0.77888817500002,10.0
synthetic_scaling,regression,16000,64,bonferroni_fixed,exhaustive,3,False,1200.0,0.8375162509998972,0.8358484239997779,0.8382185030000073,0.0
synthetic_scaling,regression,16000,64,maxt,adaptive,3,False,1200.0,0.7076220899998589,0.6784320680001201,0.7095505409999987,10.333333333333334
synthetic_scaling,regression,16000,64,maxt,exhaustive,3,False,1200.0,2.1400507790001484,2.1273441280000043,2.432724367999981,9.0
synthetic_scaling,regression,16000,256,bonferroni,adaptive,3,False,1200.0,6.016037433000065,6.004800973000101,6.057327557999997,10.0
synthetic_scaling,regression,16000,256,bonferroni,exhaustive,3,False,1200.0,39.385100162999834,39.3075484200001,40.017725403999975,10.0
synthetic_scaling,regression,16000,256,bonferroni_fixed,adaptive,3,False,1200.0,4.771035505999862,4.745191525999871,4.933951666000212,10.0
synthetic_scaling,regression,16000,256,bonferroni_fixed,exhaustive,3,False,1200.0,3.2857828480000535,3.212791069999639,3.5586964369999805,0.0
synthetic_scaling,regression,16000,256,maxt,adaptive,3,False,1200.0,1.3747710069997083,1.355659505999938,1.4576022569999625,11.0
synthetic_scaling,regression,16000,256,maxt,exhaustive,3,False,1200.0,6.156079511000371,6.1227780620001795,6.178500209000049,10.0
synthetic_scaling,classification,1000,16,bonferroni,adaptive,3,False,1200.0,0.0364685010000016,0.0359496079999956,0.0375833949999986,6.0
synthetic_scaling,classification,1000,16,bonferroni,exhaustive,3,False,1200.0,0.0478712649999977,0.0476061269999945,0.048242593999987,6.0
synthetic_scaling,classification,1000,16,bonferroni_fixed,adaptive,3,False,1200.0,0.0328815130000066,0.0322669740000094,0.0330375679999974,6.0
synthetic_scaling,classification,1000,16,bonferroni_fixed,exhaustive,3,False,1200.0,0.0398193949999949,0.0397261619999937,0.0423682159999998,6.0
synthetic_scaling,classification,1000,16,maxt,adaptive,3,False,1200.0,0.0374362619999999,0.035813963999999,0.03854643599999,6.0
synthetic_scaling,classification,1000,16,maxt,exhaustive,3,False,1200.0,0.0631450279999796,0.0630872969999813,0.0637922690000039,6.0
synthetic_scaling,classification,1000,64,bonferroni,adaptive,3,False,1200.0,0.0685133540000038,0.0681358239999951,0.0692673879999858,4.0
synthetic_scaling,classification,1000,64,bonferroni,exhaustive,3,False,1200.0,0.1922983149999879,0.1911333790000071,0.1931831520000173,4.0
synthetic_scaling,classification,1000,64,bonferroni_fixed,adaptive,3,False,1200.0,0.0484151809999957,0.0482322760000215,0.0491866750000156,4.0
synthetic_scaling,classification,1000,64,bonferroni_fixed,exhaustive,3,False,1200.0,0.0619845999999881,0.0618921869999837,0.0629872590000104,0.0
synthetic_scaling,classification,1000,64,maxt,adaptive,3,False,1200.0,0.0516574309999953,0.0504292040000109,0.0523263900000188,5.0
synthetic_scaling,classification,1000,64,maxt,exhaustive,3,False,1200.0,0.1057444300000156,0.1045678440000017,0.106505363000025,5.0
synthetic_scaling,classification,1000,256,bonferroni,adaptive,3,False,1200.0,0.44025275300001,0.4230468540000061,0.4470252600000037,4.0
synthetic_scaling,classification,1000,256,bonferroni,exhaustive,3,False,1200.0,3.516948310999993,3.4404494879999845,3.878606445999992,4.0
synthetic_scaling,classification,1000,256,bonferroni_fixed,adaptive,3,False,1200.0,0.3606984939999904,0.3568021430000101,0.397058095999995,4.0
synthetic_scaling,classification,1000,256,bonferroni_fixed,exhaustive,3,False,1200.0,0.2364753200000109,0.2363034029999937,0.2372912509999878,0.0
synthetic_scaling,classification,1000,256,maxt,adaptive,3,False,1200.0,0.0737971270000059,0.0727131129999918,0.0745604499999785,5.0
synthetic_scaling,classification,1000,256,maxt,exhaustive,3,False,1200.0,0.3423864439999988,0.3374469809999993,0.3448995920000186,6.0
synthetic_scaling,classification,4000,16,bonferroni,adaptive,3,False,1200.0,0.116766082999959,0.1167594030000032,0.1171370140000078,7.0
synthetic_scaling,classification,4000,16,bonferroni,exhaustive,3,False,1200.0,0.181056237000007,0.1788345990000266,0.1812437030000069,7.0
synthetic_scaling,classification,4000,16,bonferroni_fixed,adaptive,3,False,1200.0,0.10888202000001,0.1088805489999913,0.1091839790000221,6.0
synthetic_scaling,classification,4000,16,bonferroni_fixed,exhaustive,3,False,1200.0,0.1360447349999844,0.1354194989999655,0.1374996630000282,6.0
synthetic_scaling,classification,4000,16,maxt,adaptive,3,False,1200.0,0.1069867769999746,0.098641629000042,0.1073147160000189,7.0
synthetic_scaling,classification,4000,16,maxt,exhaustive,3,False,1200.0,0.2194162540000093,0.2185147149999693,0.2204944970000042,7.0
synthetic_scaling,classification,4000,64,bonferroni,adaptive,3,False,1200.0,0.2558776259999717,0.2550041680000277,0.2560152750000384,6.0
synthetic_scaling,classification,4000,64,bonferroni,exhaustive,3,False,1200.0,0.7886264659999824,0.7850043529999766,0.7946631319999824,6.0
synthetic_scaling,classification,4000,64,bonferroni_fixed,adaptive,3,False,1200.0,0.2159382440000286,0.2158489720000034,0.2204208829999743,6.0
synthetic_scaling,classification,4000,64,bonferroni_fixed,exhaustive,3,False,1200.0,0.2208103460000074,0.2207654530000127,0.2209054790000095,0.0
synthetic_scaling,classification,4000,64,maxt,adaptive,3,False,1200.0,0.1526645419999681,0.1519986619999827,0.1526939720000086,8.0
synthetic_scaling,classification,4000,64,maxt,exhaustive,3,False,1200.0,0.4419123220000074,0.4383603439999888,0.4425937340000132,6.0
synthetic_scaling,classification,4000,256,bonferroni,adaptive,3,False,1200.0,2.8266114889999585,2.7255881550000254,2.8731424389999916,6.0
synthetic_scaling,classification,4000,256,bonferroni,exhaustive,3,False,1200.0,23.460548673000005,23.367764275000013,23.583603950999983,6.0
synthetic_scaling,classification,4000,256,bonferroni_fixed,adaptive,3,False,1200.0,2.224344341999995,2.2200056649999738,2.2462845089999632,6.0
synthetic_scaling,classification,4000,256,bonferroni_fixed,exhaustive,3,False,1200.0,0.8710167890000093,0.8554437269999653,0.88017296299995,0.0
synthetic_scaling,classification,4000,256,maxt,adaptive,3,False,1200.0,0.2937395870000046,0.2764599619999899,0.3114616320000323,7.666666666666667
synthetic_scaling,classification,4000,256,maxt,exhaustive,3,False,1200.0,1.3462020810000013,1.3421818369999985,1.367033126000024,6.333333333333333
synthetic_scaling,classification,16000,16,bonferroni,adaptive,3,False,1200.0,0.5017989689999922,0.4714704040000015,0.5117559379999648,9.0
synthetic_scaling,classification,16000,16,bonferroni,exhaustive,3,False,1200.0,0.7472241909999866,0.7471223269999427,0.749941003999993,9.0
synthetic_scaling,classification,16000,16,bonferroni_fixed,adaptive,3,False,1200.0,0.4471397710000246,0.4398735490000263,0.4509738790000028,8.0
synthetic_scaling,classification,16000,16,bonferroni_fixed,exhaustive,3,False,1200.0,0.5548041530000773,0.5447392110000919,0.5800201929999957,8.0
synthetic_scaling,classification,16000,16,maxt,adaptive,3,False,1200.0,0.3676507360000869,0.3460022969999272,0.3718973820000428,9.0
synthetic_scaling,classification,16000,16,maxt,exhaustive,3,False,1200.0,0.9542116630000236,0.950730765000003,0.9543006940000396,9.0
synthetic_scaling,classification,16000,64,bonferroni,adaptive,3,False,1200.0,1.06569282199996,1.062844033000033,1.071078868000086,8.0
synthetic_scaling,classification,16000,64,bonferroni,exhaustive,3,False,1200.0,3.48010555999997,3.4753715709999824,3.4966533520000667,8.0
synthetic_scaling,classification,16000,64,bonferroni_fixed,adaptive,3,False,1200.0,0.7081652659999236,0.7004764380000097,0.7095444290000614,8.0
synthetic_scaling,classification,16000,64,bonferroni_fixed,exhaustive,3,False,1200.0,0.8950719289999824,0.8930552900000066,0.898539626999991,0.0
synthetic_scaling,classification,16000,64,maxt,adaptive,3,False,1200.0,0.5610345690000713,0.5597946010000214,0.5836439349999409,9.666666666666666
synthetic_scaling,classification,16000,64,maxt,exhaustive,3,False,1200.0,2.0962484980000227,2.0888130490000094,2.100131927999996,8.0
synthetic_scaling,classification,16000,256,bonferroni,adaptive,3,False,1200.0,7.603198216999999,7.502504330999955,8.014264646000015,7.0
synthetic_scaling,classification,16000,256,bonferroni,exhaustive,3,False,1200.0,50.96565121200001,50.95999962600001,51.0397363809999,7.0
synthetic_scaling,classification,16000,256,bonferroni_fixed,adaptive,3,False,1200.0,6.7025122439999905,6.671503781999945,6.7464952589998575,7.0
synthetic_scaling,classification,16000,256,bonferroni_fixed,exhaustive,3,False,1200.0,3.4487416590000066,3.443094836,3.4605430460001116,0.0
synthetic_scaling,classification,16000,256,maxt,adaptive,3,False,1200.0,1.2176428590000796,1.1541922669998712,1.2422870719999537,9.0
synthetic_scaling,classification,16000,256,maxt,exhaustive,3,False,1200.0,6.615058529999942,6.5612994170001,6.739771220999955,8.0
synthetic_scaling,regression,1000,16,bonferroni,adaptive,3,False,1200.0,0.0517654549998951,0.0504807949998848,0.0519723810000414,6.0
synthetic_scaling,regression,1000,16,bonferroni,exhaustive,3,False,1200.0,0.0627408430000286,0.0623269800000798,0.0634892670000226,6.0
synthetic_scaling,regression,1000,16,bonferroni_fixed,adaptive,3,False,1200.0,0.0471747520000462,0.0470645400000648,0.0476435979999223,6.0
synthetic_scaling,regression,1000,16,bonferroni_fixed,exhaustive,3,False,1200.0,0.0536482410000189,0.0531529859999864,0.0540151440000045,6.0
synthetic_scaling,regression,1000,16,maxt,adaptive,3,False,1200.0,0.0455806239999674,0.0454191589999481,0.045712167999909,7.0
synthetic_scaling,regression,1000,16,maxt,exhaustive,3,False,1200.0,0.0768386980000741,0.0767039329998624,0.0772541009998803,6.0
synthetic_scaling,regression,1000,64,bonferroni,adaptive,3,False,1200.0,0.0712767600000461,0.0709071600001607,0.0717182799999136,5.0
synthetic_scaling,regression,1000,64,bonferroni,exhaustive,3,False,1200.0,0.1233936399999038,0.1231299619998935,0.1237116290001267,5.0
synthetic_scaling,regression,1000,64,bonferroni_fixed,adaptive,3,False,1200.0,0.0558480240001699,0.0551543429999128,0.0570756419999725,5.0
synthetic_scaling,regression,1000,64,bonferroni_fixed,exhaustive,3,False,1200.0,0.0572199770001589,0.0569954989998677,0.0575595870000142,0.0
synthetic_scaling,regression,1000,64,maxt,adaptive,3,False,1200.0,0.0665863350000108,0.0650073280000924,0.0674337420000483,6.333333333333333
synthetic_scaling,regression,1000,64,maxt,exhaustive,3,False,1200.0,0.1416022309999789,0.1408647099999598,0.1419843539999874,7.0
synthetic_scaling,regression,1000,256,bonferroni,adaptive,3,False,1200.0,0.1621413309999297,0.1605153490002067,0.1638358190000417,6.0
synthetic_scaling,regression,1000,256,bonferroni,exhaustive,3,False,1200.0,0.4590631339999618,0.4481101420001323,0.4932069320000209,6.0
synthetic_scaling,regression,1000,256,bonferroni_fixed,adaptive,3,False,1200.0,0.1656608800001322,0.1653737710000768,0.1659851900001285,5.0
synthetic_scaling,regression,1000,256,bonferroni_fixed,exhaustive,3,False,1200.0,0.221848762000036,0.220689203999882,0.2524649770000451,0.0
synthetic_scaling,regression,1000,256,maxt,adaptive,3,False,1200.0,0.1025378699998782,0.102109437000081,0.1068240829999922,7.333333333333333
synthetic_scaling,regression,1000,256,maxt,exhaustive,3,False,1200.0,0.2711414500001865,0.2670181999999386,0.2729757980000613,6.0
synthetic_scaling,regression,4000,16,bonferroni,adaptive,3,False,1200.0,0.1749578169999495,0.1744257510001716,0.1760473500000898,8.0
synthetic_scaling,regression,4000,16,bonferroni,exhaustive,3,False,1200.0,0.2393809249999776,0.234207736999906,0.2472249340000871,8.0
synthetic_scaling,regression,4000,16,bonferroni_fixed,adaptive,3,False,1200.0,0.1583402010001009,0.1575205829999504,0.1585622000000057,8.0
synthetic_scaling,regression,4000,16,bonferroni_fixed,exhaustive,3,False,1200.0,0.1847961460000533,0.1834625239998786,0.187597260000075,8.0
synthetic_scaling,regression,4000,16,maxt,adaptive,3,False,1200.0,0.1566211689998908,0.1492360629999893,0.163602304999813,10.0
synthetic_scaling,regression,4000,16,maxt,exhaustive,3,False,1200.0,0.2462254810000104,0.2459943149999617,0.2482643329999518,7.0
synthetic_scaling,regression,4000,64,bonferroni,adaptive,3,False,1200.0,0.2913228049999361,0.2905703310000262,0.2931038679998892,7.0
synthetic_scaling,regression,4000,64,bonferroni,exhaustive,3,False,1200.0,0.6417222789998505,0.6412852810001368,0.6424970690000009,7.0
synthetic_scaling,regression,4000,64,bonferroni_fixed,adaptive,3,False,1200.0,0.195495178000101,0.194859727999983,0.1961016159998507,7.0
synthetic_scaling,regression,4000,64,bonferroni_fixed,exhaustive,3,False,1200.0,0.205869376999999,0.204544844999873,0.2060127800000373,0.0
synthetic_scaling,regression,4000,64,maxt,adaptive,3,False,1200.0,0.2018353030000526,0.2012052620000304,0.2113156030000027,9.0
synthetic_scaling,regression,4000,64,maxt,exhaustive,3,False,1200.0,0.5429651909998938,0.5411179630000333,0.562337216999822,8.0
synthetic_scaling,regression,4000,256,bonferroni,adaptive,3,False,1200.0,1.2267839840001216,1.2101886809998632,1.2303775369998675,7.0
synthetic_scaling,regression,4000,256,bonferroni,exhaustive,3,False,1200.0,7.242094419000068,7.207261434999964,7.289404383000147,7.0
synthetic_scaling,regression,4000,256,bonferroni_fixed,adaptive,3,False,1200.0,0.6230545149999216,0.6183275609998873,0.6271484320000127,7.0
synthetic_scaling,regression,4000,256,bonferroni_fixed,exhaustive,3,False,1200.0,0.7974489250000261,0.7911269180001455,0.8024429619999864,0.0
synthetic_scaling,regression,4000,256,maxt,adaptive,3,False,1200.0,0.403934258000163,0.382162802999801,0.4235858859999553,9.0
synthetic_scaling,regression,4000,256,maxt,exhaustive,3,False,1200.0,1.4164994560001103,1.3892659020000335,1.4364199089998235,7.666666666666667
synthetic_scaling,regression,16000,16,bonferroni,adaptive,3,False,1200.0,0.5785426859999916,0.5661951899999167,0.5914636970001084,10.0
synthetic_scaling,regression,16000,16,bonferroni,exhaustive,3,False,1200.0,0.8168231460001607,0.8120393100000456,0.8256100840001181,10.0
synthetic_scaling,regression,16000,16,bonferroni_fixed,adaptive,3,False,1200.0,0.5140114309999717,0.5109542019999935,0.5174092299998847,10.0
synthetic_scaling,regression,16000,16,bonferroni_fixed,exhaustive,3,False,1200.0,0.641825813999958,0.6316968230000839,0.6431236640000861,10.0
synthetic_scaling,regression,16000,16,maxt,adaptive,3,False,1200.0,0.4848775940001815,0.4650579060000837,0.4871069570001509,10.333333333333334
synthetic_scaling,regression,16000,16,maxt,exhaustive,3,False,1200.0,1.003503376000026,0.997264931000018,1.017139025000006,10.0
synthetic_scaling,regression,16000,64,bonferroni,adaptive,3,False,1200.0,1.1953351710001243,1.1906292460000714,1.204035931999897,9.0
synthetic_scaling,regression,16000,64,bonferroni,exhaustive,3,False,1200.0,3.7721092539998153,3.751200515999926,3.7919990580001017,9.0
synthetic_scaling,regression,16000,64,bonferroni_fixed,adaptive,3,False,1200.0,0.7741474609999841,0.77396511500001,0.7874742550000065,9.0
synthetic_scaling,regression,16000,64,bonferroni_fixed,exhaustive,3,False,1200.0,0.8437559989999954,0.843618645000106,0.8502712990000418,0.0
synthetic_scaling,regression,16000,64,maxt,adaptive,3,False,1200.0,0.7004031419999137,0.6718903159999172,0.7106469089999337,11.666666666666666
synthetic_scaling,regression,16000,64,maxt,exhaustive,3,False,1200.0,2.150311874999943,2.1479000509998514,2.150469000999919,10.0
synthetic_scaling,regression,16000,256,bonferroni,adaptive,3,False,1200.0,7.410030490000054,7.320863358999986,7.4684400819999155,9.0
synthetic_scaling,regression,16000,256,bonferroni,exhaustive,3,False,1200.0,51.92777580000006,50.866320378999944,52.17295093600001,9.0
synthetic_scaling,regression,16000,256,bonferroni_fixed,adaptive,3,False,1200.0,4.773008004000076,4.685762016000126,4.897411857999941,9.0
synthetic_scaling,regression,16000,256,bonferroni_fixed,exhaustive,3,False,1200.0,3.2573320230001173,3.241457705999892,3.3695310470000095,0.0
synthetic_scaling,regression,16000,256,maxt,adaptive,3,False,1200.0,1.405969265000067,1.368695932999799,1.4220466320000469,10.666666666666666
synthetic_scaling,regression,16000,256,maxt,exhaustive,3,False,1200.0,6.271334270000125,6.266195014999994,6.281263393000245,9.0
synthetic_scaling,classification,1000,16,bonferroni,adaptive,3,False,1200.0,0.0354092199999911,0.0352805069999959,0.0354914290000181,5.0
synthetic_scaling,classification,1000,16,bonferroni,exhaustive,3,False,1200.0,0.0500658910000026,0.04957816000001,0.0505612679999956,5.0
synthetic_scaling,classification,1000,16,bonferroni_fixed,adaptive,3,False,1200.0,0.0329431469999974,0.0328381349999915,0.0330539900000133,5.0
synthetic_scaling,classification,1000,16,bonferroni_fixed,exhaustive,3,False,1200.0,0.0391891139999813,0.0390523709999968,0.039343596000009,5.0
synthetic_scaling,classification,1000,16,maxt,adaptive,3,False,1200.0,0.0330748209999853,0.0314087669999878,0.0343452959999979,5.333333333333333
synthetic_scaling,classification,1000,16,maxt,exhaustive,3,False,1200.0,0.0531556050000006,0.0531025829999975,0.0542941470000073,6.0
synthetic_scaling,classification,1000,64,bonferroni,adaptive,3,False,1200.0,0.0629790309999975,0.0629402099999936,0.0636890659999949,5.0
synthetic_scaling,classification,1000,64,bonferroni,exhaustive,3,False,1200.0,0.1773270330000116,0.1763884549999943,0.1794060550000153,5.0
synthetic_scaling,classification,1000,64,bonferroni_fixed,adaptive,3,False,1200.0,0.0346163910000143,0.0343931390000022,0.0351579819999869,5.0
synthetic_scaling,classification,1000,64,bonferroni_fixed,exhaustive,3,False,1200.0,0.0619405560000245,0.0619159059999958,0.0622648639999852,0.0
synthetic_scaling,classification,1000,64,maxt,adaptive,3,False,1200.0,0.0415191800000229,0.0405039079999767,0.0421656819999896,5.0
synthetic_scaling,classification,1000,64,maxt,exhaustive,3,False,1200.0,0.0953392309999969,0.0944686359999877,0.0954737140000077,6.0
synthetic_scaling,classification,1000,256,bonferroni,adaptive,3,False,1200.0,0.6148853520000159,0.6078060300000061,0.6659423389999972,5.0
synthetic_scaling,classification,1000,256,bonferroni,exhaustive,3,False,1200.0,5.479732675000008,5.466519874999989,5.519308351999996,5.0
synthetic_scaling,classification,1000,256,bonferroni_fixed,adaptive,3,False,1200.0,0.5941502270000001,0.593898691999982,0.5944630029999871,5.0
synthetic_scaling,classification,1000,256,bonferroni_fixed,exhaustive,3,False,1200.0,0.237056769999981,0.2367419950000169,0.2525509269999872,0.0
synthetic_scaling,classification,1000,256,maxt,adaptive,3,False,1200.0,0.0873337770000262,0.0870315109999637,0.0913266059999955,5.0
synthetic_scaling,classification,1000,256,maxt,exhaustive,3,False,1200.0,0.2751568729999576,0.2738370060000079,0.2757747340000378,5.0
synthetic_scaling,classification,4000,16,bonferroni,adaptive,3,False,1200.0,0.1244774959999972,0.1232152299999711,0.1252357110000161,6.0
synthetic_scaling,classification,4000,16,bonferroni,exhaustive,3,False,1200.0,0.1901834079999957,0.1901134660000139,0.1926908759999719,6.0
synthetic_scaling,classification,4000,16,bonferroni_fixed,adaptive,3,False,1200.0,0.1136528330000032,0.1134165099999791,0.1154479599999831,6.0
synthetic_scaling,classification,4000,16,bonferroni_fixed,exhaustive,3,False,1200.0,0.1416348009999524,0.1409778600000208,0.143850255000018,6.0
synthetic_scaling,classification,4000,16,maxt,adaptive,3,False,1200.0,0.1057151470000121,0.1046627559999819,0.1063172990000111,7.0
synthetic_scaling,classification,4000,16,maxt,exhaustive,3,False,1200.0,0.2108000919999995,0.2091437070000097,0.2129844940000111,6.0
synthetic_scaling,classification,4000,64,bonferroni,adaptive,3,False,1200.0,0.3073753749999923,0.3069376259999785,0.3138123029999633,7.0
synthetic_scaling,classification,4000,64,bonferroni,exhaustive,3,False,1200.0,0.9905217380000408,0.9898118739999971,0.9907240620000266,7.0
synthetic_scaling,classification,4000,64,bonferroni_fixed,adaptive,3,False,1200.0,0.2149974740000289,0.1838074039999924,0.2175523290000001,7.0
synthetic_scaling,classification,4000,64,bonferroni_fixed,exhaustive,3,False,1200.0,0.220514487999992,0.2198744340000189,0.2205367369999749,0.0
synthetic_scaling,classification,4000,64,maxt,adaptive,3,False,1200.0,0.1535070299999574,0.1480951030000028,0.1674237290000064,7.0
synthetic_scaling,classification,4000,64,maxt,exhaustive,3,False,1200.0,0.4700178929999765,0.4466646239999932,0.4705419200000165,6.0
synthetic_scaling,classification,4000,256,bonferroni,adaptive,3,False,1200.0,1.0080444540000144,1.0066115369999693,1.008489924999992,6.0
synthetic_scaling,classification,4000,256,bonferroni,exhaustive,3,False,1200.0,6.47273346999998,6.434159270000009,6.497841760000028,6.0
synthetic_scaling,classification,4000,256,bonferroni_fixed,adaptive,3,False,1200.0,0.7045794900000146,0.7042077699999822,0.8136040459999663,7.0
synthetic_scaling,classification,4000,256,bonferroni_fixed,exhaustive,3,False,1200.0,0.8570765360000223,0.8533058700000424,0.859821280999995,0.0
synthetic_scaling,classification,4000,256,maxt,adaptive,3,False,1200.0,0.2884414220000053,0.2818456119999837,0.3108815200000094,7.333333333333333
synthetic_scaling,classification,4000,256,maxt,exhaustive,3,False,1200.0,1.420521215000008,1.4070409760000189,1.438215576999994,7.0
synthetic_scaling,classification,16000,16,bonferroni,adaptive,3,False,1200.0,0.4749851669999998,0.4577367589999994,0.4846011120000071,9.0
synthetic_scaling,classification,16000,16,bonferroni,exhaustive,3,False,1200.0,0.7279468280000287,0.7264226359999952,0.7306346019999523,9.0
synthetic_scaling,classification,16000,16,bonferroni_fixed,adaptive,3,False,1200.0,0.4111174889999915,0.410846255000024,0.4118733160000261,9.0
synthetic_scaling,classification,16000,16,bonferroni_fixed,exhaustive,3,False,1200.0,0.5466000370000188,0.5382315530000028,0.5527165209999794,9.0
synthetic_scaling,classification,16000,16,maxt,adaptive,3,False,1200.0,0.3669838069999969,0.3661069629999929,0.3683902260000309,10.333333333333334
synthetic_scaling,classification,16000,16,maxt,exhaustive,3,False,1200.0,0.9324240880000048,0.9285902109999712,0.9329816389999904,9.0
synthetic_scaling,classification,16000,64,bonferroni,adaptive,3,False,1200.0,1.289589984000031,1.2882980499999803,1.291714849000016,8.0
synthetic_scaling,classification,16000,64,bonferroni,exhaustive,3,False,1200.0,4.550508291000028,4.546214383999995,4.560264995000011,8.0
synthetic_scaling,classification,16000,64,bonferroni_fixed,adaptive,3,False,1200.0,0.809659895999971,0.8065551909999158,0.8128651010000567,8.0
synthetic_scaling,classification,16000,64,bonferroni_fixed,exhaustive,3,False,1200.0,0.8901034450000225,0.8877765080000017,0.8963244889999942,0.0
synthetic_scaling,classification,16000,64,maxt,adaptive,3,False,1200.0,0.5864549640000405,0.5717566540000689,0.6105052419999311,9.0
synthetic_scaling,classification,16000,64,maxt,exhaustive,3,False,1200.0,2.141837553000073,2.126359303999948,2.169195654999953,8.0
synthetic_scaling,classification,16000,256,bonferroni,adaptive,3,False,1200.0,9.361648097999932,9.355112727999996,9.380031473000033,8.0
synthetic_scaling,classification,16000,256,bonferroni,exhaustive,3,False,1200.0,59.02507765100006,59.00200040899995,60.14353135199997,8.0
synthetic_scaling,classification,16000,256,bonferroni_fixed,adaptive,3,False,1200.0,8.058531518000109,8.004247643999975,8.310698961999833,7.0
synthetic_scaling,classification,16000,256,bonferroni_fixed,exhaustive,3,False,1200.0,3.4526366259999577,3.436344384999984,3.492557444999875,0.0
synthetic_scaling,classification,16000,256,maxt,adaptive,3,False,1200.0,1.2460466130000896,1.1781811079999898,1.2746567540000342,9.666666666666666
synthetic_scaling,classification,16000,256,maxt,exhaustive,3,False,1200.0,6.255636604000074,6.225181507999878,6.275618492000149,8.0
synthetic_scaling,regression,1000,16,bonferroni,adaptive,3,False,1200.0,0.0628339509999023,0.0618133699999816,0.0629024330000902,7.0
synthetic_scaling,regression,1000,16,bonferroni,exhaustive,3,False,1200.0,0.0784731070000361,0.077696681000134,0.0792086530000233,7.0
synthetic_scaling,regression,1000,16,bonferroni_fixed,adaptive,3,False,1200.0,0.0584184619999632,0.0573354850000669,0.0594581630000448,7.0
synthetic_scaling,regression,1000,16,bonferroni_fixed,exhaustive,3,False,1200.0,0.0638955580000129,0.0635929229999874,0.0638981179999973,7.0
synthetic_scaling,regression,1000,16,maxt,adaptive,3,False,1200.0,0.0670402490000015,0.06068610300008,0.0683196570000745,7.666666666666667
synthetic_scaling,regression,1000,16,maxt,exhaustive,3,False,1200.0,0.0851300859999355,0.0848835599999802,0.0859846430000743,7.0
synthetic_scaling,regression,1000,64,bonferroni,adaptive,3,False,1200.0,0.173950793999893,0.1734534839999923,0.1917442940000455,7.0
synthetic_scaling,regression,1000,64,bonferroni,exhaustive,3,False,1200.0,0.3453550009999162,0.3437080280000373,0.3473262800000611,7.0
synthetic_scaling,regression,1000,64,bonferroni_fixed,adaptive,3,False,1200.0,0.0992286460000286,0.0989974019998953,0.0996694440000283,7.0
synthetic_scaling,regression,1000,64,bonferroni_fixed,exhaustive,3,False,1200.0,0.0574711619999561,0.0572430370000347,0.058746616999997,0.0
synthetic_scaling,regression,1000,64,maxt,adaptive,3,False,1200.0,0.076866099999961,0.0719490219998988,0.0803367109999726,7.666666666666667
synthetic_scaling,regression,1000,64,maxt,exhaustive,3,False,1200.0,0.1537083700000039,0.1535112660001232,0.1653937159999259,8.666666666666666
synthetic_scaling,regression,1000,256,bonferroni,adaptive,3,False,1200.0,0.2224093009999705,0.2206892419999349,0.2238088540000262,6.0
synthetic_scaling,regression,1000,256,bonferroni,exhaustive,3,False,1200.0,0.835673560000032,0.8342508499999894,0.9047076780000224,6.0
synthetic_scaling,regression,1000,256,bonferroni_fixed,adaptive,3,False,1200.0,0.1077158379998763,0.1075832240001091,0.1091328249999605,6.0
synthetic_scaling,regression,1000,256,bonferroni_fixed,exhaustive,3,False,1200.0,0.2196117379999123,0.2190095660000679,0.2210535359999994,0.0
synthetic_scaling,regression,1000,256,maxt,adaptive,3,False,1200.0,0.1218298899998444,0.115988851000111,0.1232870970000021,7.333333333333333
synthetic_scaling,regression,1000,256,maxt,exhaustive,3,False,1200.0,0.3810683010001412,0.3742615349999596,0.3866736049999417,10.0
synthetic_scaling,regression,4000,16,bonferroni,adaptive,3,False,1200.0,0.1598695560001033,0.1589673900000434,0.1602167129999543,8.0
synthetic_scaling,regression,4000,16,bonferroni,exhaustive,3,False,1200.0,0.2241832329998487,0.2241672440000002,0.2247608150000815,8.0
synthetic_scaling,regression,4000,16,bonferroni_fixed,adaptive,3,False,1200.0,0.1384513130001323,0.137465850999888,0.1414793239998744,7.0
synthetic_scaling,regression,4000,16,bonferroni_fixed,exhaustive,3,False,1200.0,0.1693813189999673,0.1665897299999414,0.169802177000065,7.0
synthetic_scaling,regression,4000,16,maxt,adaptive,3,False,1200.0,0.1546057150001161,0.1506177119999847,0.1579291909999938,9.0
synthetic_scaling,regression,4000,16,maxt,exhaustive,3,False,1200.0,0.2534267989999534,0.2530286049998267,0.2539453659999253,8.0
synthetic_scaling,regression,4000,64,bonferroni,adaptive,3,False,1200.0,0.3715025390001756,0.3661353020002025,0.3983244030000605,8.0
synthetic_scaling,regression,4000,64,bonferroni,exhaustive,3,False,1200.0,1.1031139560000156,1.1000728139999865,1.1536941399999705,8.0
synthetic_scaling,regression,4000,64,bonferroni_fixed,adaptive,3,False,1200.0,0.2752462079999986,0.2720876539999608,0.2799701540000114,8.0
synthetic_scaling,regression,4000,64,bonferroni_fixed,exhaustive,3,False,1200.0,0.2039516410000033,0.2038366680001218,0.2052039469999727,0.0
synthetic_scaling,regression,4000,64,maxt,adaptive,3,False,1200.0,0.2168657859999712,0.212855392999927,0.2194000169999981,8.666666666666666
synthetic_scaling,regression,4000,64,maxt,exhaustive,3,False,1200.0,0.5232055480000781,0.5208145999999942,0.5397139589999824,8.0
synthetic_scaling,regression,4000,256,bonferroni,adaptive,3,False,1200.0,1.2851932070000205,1.2811983760000203,1.2953128970000307,8.0
synthetic_scaling,regression,4000,256,bonferroni,exhaustive,3,False,1200.0,8.766421697999931,8.765781712000035,8.998221880000074,8.0
synthetic_scaling,regression,4000,256,bonferroni_fixed,adaptive,3,False,1200.0,1.0119768890001524,1.0104495350001343,1.014161051000201,8.0
synthetic_scaling,regression,4000,256,bonferroni_fixed,exhaustive,3,False,1200.0,0.7888077009999961,0.7865096560001348,0.8065747119999287,0.0
synthetic_scaling,regression,4000,256,maxt,adaptive,3,False,1200.0,0.3733666440000434,0.3561583890000293,0.4097571720001269,9.0
synthetic_scaling,regression,4000,256,maxt,exhaustive,3,False,1200.0,1.381032512000047,1.3655337139998664,1.4114508130001011,8.0
synthetic_scaling,regression,16000,16,bonferroni,adaptive,3,False,1200.0,0.5986394029998792,0.5985564370000702,0.606176866999931,10.0
synthetic_scaling,regression,16000,16,bonferroni,exhaustive,3,False,1200.0,0.8342202460000863,0.8311569540001074,0.8400519150000036,10.0
synthetic_scaling,regression,16000,16,bonferroni_fixed,adaptive,3,False,1200.0,0.5371677840000757,0.535869115999958,0.5492222650000258,10.0
synthetic_scaling,regression,16000,16,bonferroni_fixed,exhaustive,3,False,1200.0,0.6566657910000231,0.6542075620000105,0.6675244149998889,10.0
synthetic_scaling,regression,16000,16,maxt,adaptive,3,False,1200.0,0.4951835280000978,0.4863924909998331,0.5072459639998215,10.0
synthetic_scaling,regression,16000,16,maxt,exhaustive,3,False,1200.0,1.0348050580000745,1.0279357530000652,1.0387907100000575,11.0
synthetic_scaling,regression,16000,64,bonferroni,adaptive,3,False,1200.0,1.120896913000024,1.110400860000027,1.156492633000198,9.0
synthetic_scaling,regression,16000,64,bonferroni,exhaustive,3,False,1200.0,3.3077310880000823,3.303992365000113,3.317597572000068,9.0
synthetic_scaling,regression,16000,64,bonferroni_fixed,adaptive,3,False,1200.0,0.808818004999921,0.8035601270000825,0.819514589000164,9.0
synthetic_scaling,regression,16000,64,bonferroni_fixed,exhaustive,3,False,1200.0,0.8455714179999632,0.8418374430000313,0.8475870899999336,0.0
synthetic_scaling,regression,16000,64,maxt,adaptive,3,False,1200.0,0.7383823540001231,0.731619733000116,0.7466120359999877,10.666666666666666
synthetic_scaling,regression,16000,64,maxt,exhaustive,3,False,1200.0,2.1477699069998835,2.1385079799999858,2.1634772160000466,9.0
synthetic_scaling,regression,16000,256,bonferroni,adaptive,3,False,1200.0,8.645659901000045,8.519220869000037,9.335903397000038,9.0
synthetic_scaling,regression,16000,256,bonferroni,exhaustive,3,False,1200.0,62.5531531879999,60.96004168100012,67.50063572300019,9.0
synthetic_scaling,regression,16000,256,bonferroni_fixed,adaptive,3,False,1200.0,4.463271109000061,4.435148195000011,5.02358958700006,9.0
synthetic_scaling,regression,16000,256,bonferroni_fixed,exhaustive,3,False,1200.0,3.2463544430002003,3.2392920230004165,3.296379947999867,0.0
synthetic_scaling,regression,16000,256,maxt,adaptive,3,False,1200.0,1.3796280349997687,1.340453024999988,1.3804712109999857,10.0
synthetic_scaling,regression,16000,256,maxt,exhaustive,3,False,1200.0,6.139380007999989,6.085578776000148,6.345985903999917,11.0
synthetic_scaling,classification,1000,16,bonferroni,adaptive,3,False,1200.0,0.0294610029999944,0.029341807999998,0.0295488649999953,5.0
synthetic_scaling,classification,1000,16,bonferroni,exhaustive,3,False,1200.0,0.041289895999995,0.0412627859999759,0.0419905800000037,5.0
synthetic_scaling,classification,1000,16,bonferroni_fixed,adaptive,3,False,1200.0,0.027108658000003,0.0270582470000135,0.027375027000005,5.0
synthetic_scaling,classification,1000,16,bonferroni_fixed,exhaustive,3,False,1200.0,0.0350869500000214,0.0349804769999764,0.0357247309999877,5.0
synthetic_scaling,classification,1000,16,maxt,adaptive,3,False,1200.0,0.0300390289999938,0.0285695940000039,0.0306172280000112,5.0
synthetic_scaling,classification,1000,16,maxt,exhaustive,3,False,1200.0,0.0560661430000095,0.0554350029999852,0.0565863610000008,6.0
synthetic_scaling,classification,1000,64,bonferroni,adaptive,3,False,1200.0,0.1171475959999952,0.1170112609999876,0.1177420839999854,4.0
synthetic_scaling,classification,1000,64,bonferroni,exhaustive,3,False,1200.0,0.4243876849999992,0.4224182170000006,0.4440826080000022,4.0
synthetic_scaling,classification,1000,64,bonferroni_fixed,adaptive,3,False,1200.0,0.0739301599999748,0.0587907609999831,0.0742569290000005,4.333333333333333
synthetic_scaling,classification,1000,64,bonferroni_fixed,exhaustive,3,False,1200.0,0.0618787779999934,0.0618700079999996,0.062078845000002,0.0
synthetic_scaling,classification,1000,64,maxt,adaptive,3,False,1200.0,0.0455583119999971,0.0431924460000061,0.0461036080000099,5.0
synthetic_scaling,classification,1000,64,maxt,exhaustive,3,False,1200.0,0.1085701679999999,0.1077803130000063,0.1086916110000117,5.0
synthetic_scaling,classification,1000,256,bonferroni,adaptive,3,False,1200.0,0.4494544500000188,0.442575593000015,0.456737301000004,5.0
synthetic_scaling,classification,1000,256,bonferroni,exhaustive,3,False,1200.0,3.3978924809999853,3.367101529999985,3.437488298000005,5.0
synthetic_scaling,classification,1000,256,bonferroni_fixed,adaptive,3,False,1200.0,0.3657765139999753,0.3640897780000216,0.3985781009999982,5.0
synthetic_scaling,classification,1000,256,bonferroni_fixed,exhaustive,3,False,1200.0,0.2369848950000062,0.2367027759999871,0.2372689450000109,0.0
synthetic_scaling,classification,1000,256,maxt,adaptive,3,False,1200.0,0.1202682359999869,0.0631899370000041,0.1212579190000155,5.666666666666667
synthetic_scaling,classification,1000,256,maxt,exhaustive,3,False,1200.0,0.2753377089999844,0.2733270460000199,0.277251428999989,5.0
synthetic_scaling,classification,4000,16,bonferroni,adaptive,3,False,1200.0,0.1206962969999949,0.1198528330000385,0.121937599999967,6.0
synthetic_scaling,classification,4000,16,bonferroni,exhaustive,3,False,1200.0,0.1820155959999851,0.1819537040000227,0.1853049590000068,6.0
synthetic_scaling,classification,4000,16,bonferroni_fixed,adaptive,3,False,1200.0,0.1122082709999858,0.1118041079999443,0.1125093109999966,6.0
synthetic_scaling,classification,4000,16,bonferroni_fixed,exhaustive,3,False,1200.0,0.1441370150000125,0.1440948910000088,0.1590218250000248,6.0
synthetic_scaling,classification,4000,16,maxt,adaptive,3,False,1200.0,0.1121486890000369,0.1090904099999647,0.1129135820000328,8.0
synthetic_scaling,classification,4000,16,maxt,exhaustive,3,False,1200.0,0.2188326030000098,0.2173705440000048,0.2205107149999889,6.0
synthetic_scaling,classification,4000,64,bonferroni,adaptive,3,False,1200.0,0.4382081919999905,0.437324096999987,0.4403344410000045,6.0
synthetic_scaling,classification,4000,64,bonferroni,exhaustive,3,False,1200.0,1.5913876679999817,1.589578515000028,1.593089636000002,6.0
synthetic_scaling,classification,4000,64,bonferroni_fixed,adaptive,3,False,1200.0,0.2079987270000174,0.2079636059999643,0.2082232419999741,7.0
synthetic_scaling,classification,4000,64,bonferroni_fixed,exhaustive,3,False,1200.0,0.2205613710000307,0.2202018010000301,0.2243927619999794,0.0
synthetic_scaling,classification,4000,64,maxt,adaptive,3,False,1200.0,0.1430105929999854,0.1386836650000305,0.1432828220000033,7.666666666666667
synthetic_scaling,classification,4000,64,maxt,exhaustive,3,False,1200.0,0.4462451349999696,0.4421705650000262,0.4492429010000478,6.0
synthetic_scaling,classification,4000,256,bonferroni,adaptive,3,False,1200.0,1.9762523450000344,1.9340760119999911,1.9814408949999915,7.0
synthetic_scaling,classification,4000,256,bonferroni,exhaustive,3,False,1200.0,15.833434901000032,15.756895221000036,16.145871502999967,7.0
synthetic_scaling,classification,4000,256,bonferroni_fixed,adaptive,3,False,1200.0,1.2073756429999776,1.1886302620000038,1.2469503109999778,7.0
synthetic_scaling,classification,4000,256,bonferroni_fixed,exhaustive,3,False,1200.0,0.8501122029999806,0.8486224879999895,0.8528963839999619,0.0
synthetic_scaling,classification,4000,256,maxt,adaptive,3,False,1200.0,0.3068904109999835,0.3068522089999987,0.3464034849999962,7.0
synthetic_scaling,classification,4000,256,maxt,exhaustive,3,False,1200.0,1.3209697899999924,1.3191202279999743,1.3278232320000145,6.0
synthetic_scaling,classification,16000,16,bonferroni,adaptive,3,False,1200.0,0.4769498050000038,0.4667062109999733,0.4950865879999924,8.0
synthetic_scaling,classification,16000,16,bonferroni,exhaustive,3,False,1200.0,0.7241792130000135,0.7203352420000328,0.7436855020000053,8.0
synthetic_scaling,classification,16000,16,bonferroni_fixed,adaptive,3,False,1200.0,0.4203729229999453,0.4198272059999794,0.4372496189999992,8.0
synthetic_scaling,classification,16000,16,bonferroni_fixed,exhaustive,3,False,1200.0,0.5474440240000149,0.5412737299999435,0.5484729180000159,8.0
synthetic_scaling,classification,16000,16,maxt,adaptive,3,False,1200.0,0.350959247999981,0.3386255199999368,0.4056161689999271,8.666666666666666
synthetic_scaling,classification,16000,16,maxt,exhaustive,3,False,1200.0,0.8872835880000594,0.8862515450000501,0.9039592969999148,8.0
synthetic_scaling,classification,16000,64,bonferroni,adaptive,3,False,1200.0,1.1133480610000106,1.1130253119999909,1.113631891999944,8.0
synthetic_scaling,classification,16000,64,bonferroni,exhaustive,3,False,1200.0,3.5713662880000356,3.521223758000019,3.5850605640000595,8.0
synthetic_scaling,classification,16000,64,bonferroni_fixed,adaptive,3,False,1200.0,0.6385249500000327,0.6361719160000803,0.6396026940000183,8.0
synthetic_scaling,classification,16000,64,bonferroni_fixed,exhaustive,3,False,1200.0,0.8875831840000501,0.8866462250000495,0.8879044050000857,0.0
synthetic_scaling,classification,16000,64,maxt,adaptive,3,False,1200.0,0.5358429749999232,0.5060086710000178,0.5362412790000235,9.0
synthetic_scaling,classification,16000,64,maxt,exhaustive,3,False,1200.0,2.008243552000067,2.0038954540000304,2.010782549999931,8.0
synthetic_scaling,classification,16000,256,bonferroni,adaptive,3,False,1200.0,10.679884691999971,10.610382964999983,10.69451039599994,7.0
synthetic_scaling,classification,16000,256,bonferroni,exhaustive,3,False,1200.0,89.30494075500008,88.59105347600007,90.19412524900008,7.0
synthetic_scaling,classification,16000,256,bonferroni_fixed,adaptive,3,False,1200.0,7.576971545999868,7.530829750999828,7.587609076000035,7.0
synthetic_scaling,classification,16000,256,bonferroni_fixed,exhaustive,3,False,1200.0,3.4634806970000227,3.448316402000046,3.5002293630000167,0.0
synthetic_scaling,classification,16000,256,maxt,adaptive,3,False,1200.0,1.2229391379999015,1.1930487600000106,1.23619657800009,9.0
synthetic_scaling,classification,16000,256,maxt,exhaustive,3,False,1200.0,6.243224607999991,6.23660430599989,6.256824929000004,9.0
synthetic_scaling,regression,1000,16,bonferroni,adaptive,3,False,1200.0,0.0562403330000051,0.0562359820000892,0.0563169759998345,7.0
synthetic_scaling,regression,1000,16,bonferroni,exhaustive,3,False,1200.0,0.0695946339999409,0.0693228259999614,0.070458993000102,7.0
synthetic_scaling,regression,1000,16,bonferroni_fixed,adaptive,3,False,1200.0,0.0525640460000431,0.0523311379999995,0.0528200530000049,7.0
synthetic_scaling,regression,1000,16,bonferroni_fixed,exhaustive,3,False,1200.0,0.0592294560001391,0.0589500779999525,0.0594597340000291,7.0
synthetic_scaling,regression,1000,16,maxt,adaptive,3,False,1200.0,0.050004865999881,0.0483350219999465,0.054111826000053,7.333333333333333
synthetic_scaling,regression,1000,16,maxt,exhaustive,3,False,1200.0,0.0765428669999437,0.0758894470000086,0.076730722999855,6.0
synthetic_scaling,regression,1000,64,bonferroni,adaptive,3,False,1200.0,0.1377408469998045,0.1366237219999675,0.1382448510000813,6.0
synthetic_scaling,regression,1000,64,bonferroni,exhaustive,3,False,1200.0,0.4555322300000171,0.453455305000034,0.4560341369999605,6.0
synthetic_scaling,regression,1000,64,bonferroni_fixed,adaptive,3,False,1200.0,0.1050822199999856,0.1038524119999237,0.105455812999935,6.0
synthetic_scaling,regression,1000,64,bonferroni_fixed,exhaustive,3,False,1200.0,0.057061128999976,0.0569657250000545,0.0675631909998628,0.0
synthetic_scaling,regression,1000,64,maxt,adaptive,3,False,1200.0,0.0672399109998878,0.0575294440000107,0.0687740389998907,6.666666666666667
synthetic_scaling,regression,1000,64,maxt,exhaustive,3,False,1200.0,0.148243199000035,0.1476813219999257,0.1489530320000085,6.0
synthetic_scaling,regression,1000,256,bonferroni,adaptive,3,False,1200.0,0.2037035570001535,0.2021632890000546,0.2038227500001994,6.0
synthetic_scaling,regression,1000,256,bonferroni,exhaustive,3,False,1200.0,0.7348359119998804,0.7337495560000207,0.7623717449998821,6.0
synthetic_scaling,regression,1000,256,bonferroni_fixed,adaptive,3,False,1200.0,0.1879596359999595,0.1865686730000106,0.1894033020000733,6.0
synthetic_scaling,regression,1000,256,bonferroni_fixed,exhaustive,3,False,1200.0,0.2181783839998843,0.2178939750001518,0.2185257649998675,0.0
synthetic_scaling,regression,1000,256,maxt,adaptive,3,False,1200.0,0.088945988999967,0.0882169260000864,0.0890300319999823,6.0
synthetic_scaling,regression,1000,256,maxt,exhaustive,3,False,1200.0,0.2898021539999718,0.2887086200000794,0.2937179689999993,6.0
synthetic_scaling,regression,4000,16,bonferroni,adaptive,3,False,1200.0,0.1683259559999896,0.167631842999981,0.1684258679999857,8.0
synthetic_scaling,regression,4000,16,bonferroni,exhaustive,3,False,1200.0,0.2239137489998484,0.2234394510001038,0.2411544850001519,8.0
synthetic_scaling,regression,4000,16,bonferroni_fixed,adaptive,3,False,1200.0,0.1505485469999712,0.1498569940001743,0.1512983100001292,8.0
synthetic_scaling,regression,4000,16,bonferroni_fixed,exhaustive,3,False,1200.0,0.1821042259998648,0.1811858570001732,0.182375944999876,8.0
synthetic_scaling,regression,4000,16,maxt,adaptive,3,False,1200.0,0.15157408999994,0.1500950650001868,0.1549919389999559,9.0
synthetic_scaling,regression,4000,16,maxt,exhaustive,3,False,1200.0,0.2788791259999925,0.2781898440000532,0.2792314350001561,8.0
synthetic_scaling,regression,4000,64,bonferroni,adaptive,3,False,1200.0,0.4341554220000034,0.4253941360000226,0.4462272859998393,7.0
synthetic_scaling,regression,4000,64,bonferroni,exhaustive,3,False,1200.0,1.4131317589999526,1.4049157389999891,1.4396229870001207,7.0
synthetic_scaling,regression,4000,64,bonferroni_fixed,adaptive,3,False,1200.0,0.3124656960001175,0.2972040219999599,0.3230970019999404,7.0
synthetic_scaling,regression,4000,64,bonferroni_fixed,exhaustive,3,False,1200.0,0.2039645390000259,0.2037608919999911,0.2049040289998629,0.0
synthetic_scaling,regression,4000,64,maxt,adaptive,3,False,1200.0,0.2063473270000031,0.2036413010000615,0.2070930810000391,8.333333333333334
synthetic_scaling,regression,4000,64,maxt,exhaustive,3,False,1200.0,0.5667098230001102,0.5269382330000099,0.5899888309998005,8.0
synthetic_scaling,regression,4000,256,bonferroni,adaptive,3,False,1200.0,1.4661585119999927,1.4648813219998829,1.4713109849999455,7.0
synthetic_scaling,regression,4000,256,bonferroni,exhaustive,3,False,1200.0,8.86356649000004,8.848857396999847,8.901132164000046,7.0
synthetic_scaling,regression,4000,256,bonferroni_fixed,adaptive,3,False,1200.0,1.4503994609999609,1.4348749470000255,1.459444607000023,7.0
synthetic_scaling,regression,4000,256,bonferroni_fixed,exhaustive,3,False,1200.0,0.7894858810000187,0.7879329119998602,0.7935529500000484,0.0
synthetic_scaling,regression,4000,256,maxt,adaptive,3,False,1200.0,0.3634780459999547,0.3596784139999727,0.3779609319999508,9.0
synthetic_scaling,regression,4000,256,maxt,exhaustive,3,False,1200.0,1.369869967000113,1.3501172010001028,1.4478323180001098,7.666666666666667
synthetic_scaling,regression,16000,16,bonferroni,adaptive,3,False,1200.0,0.5889642099998582,0.5783362669999406,0.5994082710001294,10.0
synthetic_scaling,regression,16000,16,bonferroni,exhaustive,3,False,1200.0,0.8464288719999331,0.843957084000067,0.8472286879998592,10.0
synthetic_scaling,regression,16000,16,bonferroni_fixed,adaptive,3,False,1200.0,0.5267815619999965,0.5254735199998777,0.5378609930000948,10.0
synthetic_scaling,regression,16000,16,bonferroni_fixed,exhaustive,3,False,1200.0,0.6547577079998064,0.6532915820000653,0.6569867379998868,10.0
synthetic_scaling,regression,16000,16,maxt,adaptive,3,False,1200.0,0.4967794789999971,0.4931272530000115,0.5106034870000258,10.0
synthetic_scaling,regression,16000,16,maxt,exhaustive,3,False,1200.0,1.0405508480000665,1.034431548999919,1.0415762000000086,10.0
synthetic_scaling,regression,16000,64,bonferroni,adaptive,3,False,1200.0,1.2464065490000849,1.2402495220001128,1.2502255490001062,9.0
synthetic_scaling,regression,16000,64,bonferroni,exhaustive,3,False,1200.0,3.744873805999987,3.734919108999975,3.766521442999874,9.0
synthetic_scaling,regression,16000,64,bonferroni_fixed,adaptive,3,False,1200.0,0.8088308190001499,0.8072818989999178,0.8101892049999151,9.0
synthetic_scaling,regression,16000,64,bonferroni_fixed,exhaustive,3,False,1200.0,0.831792317999998,0.8316148839999187,0.8329928870000458,0.0
synthetic_scaling,regression,16000,64,maxt,adaptive,3,False,1200.0,0.7115955570000096,0.6992724839999482,0.726026284999989,11.0
synthetic_scaling,regression,16000,64,maxt,exhaustive,3,False,1200.0,2.152338332999989,2.1442082580001625,2.170698098999992,10.0
synthetic_scaling,regression,16000,256,bonferroni,adaptive,3,False,1200.0,8.116973802999837,8.075024216999964,8.123537437999858,8.0
synthetic_scaling,regression,16000,256,bonferroni,exhaustive,3,False,1200.0,60.97425010799998,60.83386891600003,62.93619138199983,8.0
synthetic_scaling,regression,16000,256,bonferroni_fixed,adaptive,3,False,1200.0,5.549895626999842,5.544024187000105,5.616515506999804,8.0
synthetic_scaling,regression,16000,256,bonferroni_fixed,exhaustive,3,False,1200.0,3.223447166999904,3.2230409250000776,3.2777881080000952,0.0
synthetic_scaling,regression,16000,256,maxt,adaptive,3,False,1200.0,1.3950502120001147,1.3928391099998407,2.418994991999625,11.666666666666666
synthetic_scaling,regression,16000,256,maxt,exhaustive,3,False,1200.0,6.308712898000067,6.2614158639999005,6.323741522000091,10.0
