method_base,method_id,task_global_mean_metric,task,heldout_dataset
boruta,boruta__7f986516a1727870,0.7977118819391525,classification,ALLAML
cat,cat__024a0842d4337711,0.8064377574088508,classification,ALLAML
cif,cif__4ee6725d43ec8e5a,0.8051822983000609,classification,ALLAML
cit,cit__bc8d0ddbb26c15b5,0.7698355750442074,classification,ALLAML
cpi,cpi__6e89acc5e72da5a8,0.6542491845805541,classification,ALLAML
dt,dt__99914b932bd37a50,0.7824962829483275,classification,ALLAML
et,et__f5580a1865f967c8,0.7990165539844546,classification,ALLAML
lgbm,lgbm__71ba9ba402678146,0.8169647494049957,classification,ALLAML
pi,pi__6e89acc5e72da5a8,0.7165057670476215,classification,ALLAML
ptest_mc,ptest_mc__307d6fc3284c28e2,0.7497158313898568,classification,ALLAML
ptest_rdc,ptest_rdc__307d6fc3284c28e2,0.7721959975753809,classification,ALLAML
r_cforest,r_cforest__37be32340835a93b,0.7928451348545977,classification,ALLAML
r_ctree,r_ctree__b6e09ceb0eb26367,0.7682194778200849,classification,ALLAML
rf,rf__27caa3a0a3b84fd9,0.8074072118791301,classification,ALLAML
rfe,rfe__f0ef53dcc6eb8440,0.827530562470769,classification,ALLAML
rt,rt__99914b932bd37a50,0.7602253043530973,classification,ALLAML
xgb,xgb__1c62fadfc5e2988f,0.8157257386436207,classification,ALLAML
boruta,boruta__7f986516a1727870,0.8072457487457466,classification,CLL_SUB_111
cat,cat__024a0842d4337711,0.8169909954166342,classification,CLL_SUB_111
cif,cif__4ee6725d43ec8e5a,0.8160801075615065,classification,CLL_SUB_111
cit,cit__bc8d0ddbb26c15b5,0.779546391724721,classification,CLL_SUB_111
cpi,cpi__6e89acc5e72da5a8,0.661085746447419,classification,CLL_SUB_111
dt,dt__99914b932bd37a50,0.79327355057408,classification,CLL_SUB_111
et,et__f5580a1865f967c8,0.8126696506072483,classification,CLL_SUB_111
lgbm,lgbm__71ba9ba402678146,0.8265231909634373,classification,CLL_SUB_111
pi,pi__6e89acc5e72da5a8,0.7231083877714545,classification,CLL_SUB_111
ptest_mc,ptest_mc__307d6fc3284c28e2,0.7659026053342065,classification,CLL_SUB_111
ptest_rdc,ptest_rdc__307d6fc3284c28e2,0.7864928185994747,classification,CLL_SUB_111
r_cforest,r_cforest__37be32340835a93b,0.8046133800773884,classification,CLL_SUB_111
r_ctree,r_ctree__b6e09ceb0eb26367,0.7754537542058766,classification,CLL_SUB_111
rf,rf__27caa3a0a3b84fd9,0.8210492600666328,classification,CLL_SUB_111
rfe,rfe__f0ef53dcc6eb8440,0.8360334266099968,classification,CLL_SUB_111
rt,rt__99914b932bd37a50,0.7704674953831672,classification,CLL_SUB_111
xgb,xgb__1c62fadfc5e2988f,0.8250763296911815,classification,CLL_SUB_111
boruta,boruta__7f986516a1727870,0.814680376407647,classification,ORL
cat,cat__024a0842d4337711,0.8173129377840311,classification,ORL
cif,cif__4ee6725d43ec8e5a,0.8152566128743753,classification,ORL
cit,cit__bc8d0ddbb26c15b5,0.775412294620927,classification,ORL
cpi,cpi__6e89acc5e72da5a8,0.6706354279667974,classification,ORL
dt,dt__99914b932bd37a50,0.7853769948290393,classification,ORL
et,et__f5580a1865f967c8,0.8129054428733435,classification,ORL
lgbm,lgbm__71ba9ba402678146,0.8253481067883531,classification,ORL
pi,pi__6e89acc5e72da5a8,0.7162597353015898,classification,ORL
ptest_mc,ptest_mc__307d6fc3284c28e2,0.7711934648674902,classification,ORL
ptest_rdc,ptest_rdc__307d6fc3284c28e2,0.7862712741506576,classification,ORL
r_cforest,r_cforest__37be32340835a93b,0.8062768327862956,classification,ORL
r_ctree,r_ctree__b6e09ceb0eb26367,0.7716639222645294,classification,ORL
rf,rf__27caa3a0a3b84fd9,0.8200789290508473,classification,ORL
rfe,rfe__f0ef53dcc6eb8440,0.8353477822879889,classification,ORL
rt,rt__99914b932bd37a50,0.7620761942039872,classification,ORL
xgb,xgb__1c62fadfc5e2988f,0.8233943293122113,classification,ORL
boruta,boruta__7f986516a1727870,0.8094511624998617,classification,TOX_171
cat,cat__024a0842d4337711,0.8183465562819354,classification,TOX_171
cif,cif__4ee6725d43ec8e5a,0.8183395339215822,classification,TOX_171
cit,cit__bc8d0ddbb26c15b5,0.7781057255286437,classification,TOX_171
cpi,cpi__6e89acc5e72da5a8,0.6594544000000553,classification,TOX_171
dt,dt__99914b932bd37a50,0.7884588336251639,classification,TOX_171
et,et__f5580a1865f967c8,0.8134552436017157,classification,TOX_171
lgbm,lgbm__71ba9ba402678146,0.8265222804982411,classification,TOX_171
pi,pi__6e89acc5e72da5a8,0.7199042072317761,classification,TOX_171
ptest_mc,ptest_mc__307d6fc3284c28e2,0.7648932862101687,classification,TOX_171
ptest_rdc,ptest_rdc__307d6fc3284c28e2,0.7896358553366672,classification,TOX_171
r_cforest,r_cforest__37be32340835a93b,0.8086810965119879,classification,TOX_171
r_ctree,r_ctree__b6e09ceb0eb26367,0.7752557074634576,classification,TOX_171
rf,rf__27caa3a0a3b84fd9,0.8215764209769106,classification,TOX_171
rfe,rfe__f0ef53dcc6eb8440,0.8372151464053529,classification,TOX_171
rt,rt__99914b932bd37a50,0.7679772970693759,classification,TOX_171
xgb,xgb__1c62fadfc5e2988f,0.8248762917941738,classification,TOX_171
boruta,boruta__7f986516a1727870,0.8215954798227505,classification,Yale
cat,cat__024a0842d4337711,0.828705193676287,classification,Yale
cif,cif__4ee6725d43ec8e5a,0.8271072622250247,classification,Yale
cit,cit__bc8d0ddbb26c15b5,0.787446926655559,classification,Yale
cpi,cpi__6e89acc5e72da5a8,0.6759788623102319,classification,Yale
dt,dt__99914b932bd37a50,0.7975535220055666,classification,Yale
et,et__f5580a1865f967c8,0.8208337738016744,classification,Yale
lgbm,lgbm__71ba9ba402678146,0.8386828831231296,classification,Yale
pi,pi__6e89acc5e72da5a8,0.729974742516597,classification,Yale
ptest_mc,ptest_mc__307d6fc3284c28e2,0.7730549367289621,classification,Yale
ptest_rdc,ptest_rdc__307d6fc3284c28e2,0.7997986911780746,classification,Yale
r_cforest,r_cforest__37be32340835a93b,0.8157388337482966,classification,Yale
r_ctree,r_ctree__b6e09ceb0eb26367,0.7873007669013741,classification,Yale
rf,rf__27caa3a0a3b84fd9,0.8292696457415639,classification,Yale
rfe,rfe__f0ef53dcc6eb8440,0.8461414330816397,classification,Yale
rt,rt__99914b932bd37a50,0.7745100566378497,classification,Yale
xgb,xgb__1c62fadfc5e2988f,0.8369590238769059,classification,Yale
boruta,boruta__7f986516a1727870,0.8098858510676671,classification,arcene
cat,cat__024a0842d4337711,0.8185938420649355,classification,arcene
cif,cif__4ee6725d43ec8e5a,0.8195052026684198,classification,arcene
cit,cit__bc8d0ddbb26c15b5,0.7803411284133971,classification,arcene
cpi,cpi__6e89acc5e72da5a8,0.6530117889795222,classification,arcene
dt,dt__99914b932bd37a50,0.7906427475947921,classification,arcene
et,et__f5580a1865f967c8,0.8115492401535044,classification,arcene
lgbm,lgbm__71ba9ba402678146,0.8294952929355393,classification,arcene
pi,pi__6e89acc5e72da5a8,0.7186242462115552,classification,arcene
ptest_mc,ptest_mc__307d6fc3284c28e2,0.7636774169423515,classification,arcene
ptest_rdc,ptest_rdc__307d6fc3284c28e2,0.7863763508920979,classification,arcene
r_cforest,r_cforest__37be32340835a93b,0.8058153565520921,classification,arcene
r_ctree,r_ctree__b6e09ceb0eb26367,0.773799892355045,classification,arcene
rf,rf__27caa3a0a3b84fd9,0.8209255554883829,classification,arcene
rfe,rfe__f0ef53dcc6eb8440,0.839154070276095,classification,arcene
rt,rt__99914b932bd37a50,0.7680613706437092,classification,arcene
xgb,xgb__1c62fadfc5e2988f,0.8289334215331217,classification,arcene
boruta,boruta__7f986516a1727870,0.80305194927922,classification,dexter
cat,cat__024a0842d4337711,0.8115084644795579,classification,dexter
cif,cif__4ee6725d43ec8e5a,0.81231649743426,classification,dexter
cit,cit__bc8d0ddbb26c15b5,0.7758163350249674,classification,dexter
cpi,cpi__6e89acc5e72da5a8,0.648183768515138,classification,dexter
dt,dt__99914b932bd37a50,0.7833120597641042,classification,dexter
et,et__f5580a1865f967c8,0.8067423837102844,classification,dexter
lgbm,lgbm__71ba9ba402678146,0.8228444992847457,classification,dexter
pi,pi__6e89acc5e72da5a8,0.7126529531948077,classification,dexter
ptest_mc,ptest_mc__307d6fc3284c28e2,0.7566710983451238,classification,dexter
ptest_rdc,ptest_rdc__307d6fc3284c28e2,0.7788376522170356,classification,dexter
r_cforest,r_cforest__37be32340835a93b,0.8014867894962524,classification,dexter
r_ctree,r_ctree__b6e09ceb0eb26367,0.769163200763808,classification,dexter
rf,rf__27caa3a0a3b84fd9,0.8140305885025068,classification,dexter
rfe,rfe__f0ef53dcc6eb8440,0.8347013176415241,classification,dexter
rt,rt__99914b932bd37a50,0.7653633514911447,classification,dexter
xgb,xgb__1c62fadfc5e2988f,0.8206194375373196,classification,dexter
boruta,boruta__7f986516a1727870,0.8064766650665637,classification,gamma
cat,cat__024a0842d4337711,0.8141161926873304,classification,gamma
cif,cif__4ee6725d43ec8e5a,0.8128898097485218,classification,gamma
cit,cit__bc8d0ddbb26c15b5,0.7740400661868357,classification,gamma
cpi,cpi__6e89acc5e72da5a8,0.6513270184931047,classification,gamma
dt,dt__99914b932bd37a50,0.784294370326083,classification,gamma
et,et__f5580a1865f967c8,0.8071894799054636,classification,gamma
lgbm,lgbm__71ba9ba402678146,0.8239706126050191,classification,gamma
pi,pi__6e89acc5e72da5a8,0.7143037307186281,classification,gamma
ptest_mc,ptest_mc__307d6fc3284c28e2,0.7600379508489041,classification,gamma
ptest_rdc,ptest_rdc__307d6fc3284c28e2,0.7822766855179744,classification,gamma
r_cforest,r_cforest__37be32340835a93b,0.8013198078055945,classification,gamma
r_ctree,r_ctree__b6e09ceb0eb26367,0.7700018484523403,classification,gamma
rf,rf__27caa3a0a3b84fd9,0.8157538222454971,classification,gamma
rfe,rfe__f0ef53dcc6eb8440,0.834330320512561,classification,gamma
rt,rt__99914b932bd37a50,0.7615721536660693,classification,gamma
xgb,xgb__1c62fadfc5e2988f,0.822220313851979,classification,gamma
boruta,boruta__7f986516a1727870,0.8056321605727835,classification,glass
cat,cat__024a0842d4337711,0.8132263844954368,classification,glass
cif,cif__4ee6725d43ec8e5a,0.8113500818228033,classification,glass
cit,cit__bc8d0ddbb26c15b5,0.7728922370117957,classification,glass
cpi,cpi__6e89acc5e72da5a8,0.6492171880423813,classification,glass
dt,dt__99914b932bd37a50,0.7830357245864424,classification,glass
et,et__f5580a1865f967c8,0.8062020773899318,classification,glass
lgbm,lgbm__71ba9ba402678146,0.823314484000721,classification,glass
pi,pi__6e89acc5e72da5a8,0.7119706962859812,classification,glass
ptest_mc,ptest_mc__307d6fc3284c28e2,0.7582868382418376,classification,glass
ptest_rdc,ptest_rdc__307d6fc3284c28e2,0.7805708731954047,classification,glass
r_cforest,r_cforest__37be32340835a93b,0.8001218252340582,classification,glass
r_ctree,r_ctree__b6e09ceb0eb26367,0.7689353214759059,classification,glass
rf,rf__27caa3a0a3b84fd9,0.8149076491056204,classification,glass
rfe,rfe__f0ef53dcc6eb8440,0.8339827397908136,classification,glass
rt,rt__99914b932bd37a50,0.7599485684028192,classification,glass
xgb,xgb__1c62fadfc5e2988f,0.8212555009577124,classification,glass
boruta,boruta__7f986516a1727870,0.8070157225028745,classification,letter
cat,cat__024a0842d4337711,0.8148372190723268,classification,letter
cif,cif__4ee6725d43ec8e5a,0.8137489523500214,classification,letter
cit,cit__bc8d0ddbb26c15b5,0.7743242023150458,classification,letter
cpi,cpi__6e89acc5e72da5a8,0.6499242676221968,classification,letter
dt,dt__99914b932bd37a50,0.784763619542053,classification,letter
et,et__f5580a1865f967c8,0.807806351425951,classification,letter
lgbm,lgbm__71ba9ba402678146,0.8247419847500457,classification,letter
pi,pi__6e89acc5e72da5a8,0.7137064134319343,classification,letter
ptest_mc,ptest_mc__307d6fc3284c28e2,0.7613050165712193,classification,letter
ptest_rdc,ptest_rdc__307d6fc3284c28e2,0.7838478707591808,classification,letter
r_cforest,r_cforest__37be32340835a93b,0.8016908880893818,classification,letter
r_ctree,r_ctree__b6e09ceb0eb26367,0.7706515341564704,classification,letter
rf,rf__27caa3a0a3b84fd9,0.8164360389090397,classification,letter
rfe,rfe__f0ef53dcc6eb8440,0.8353348959728016,classification,letter
rt,rt__99914b932bd37a50,0.7617872858339861,classification,letter
xgb,xgb__1c62fadfc5e2988f,0.8229460111777921,classification,letter
boruta,boruta__7f986516a1727870,0.8132894673167379,classification,madelon
cat,cat__024a0842d4337711,0.8214800373511307,classification,madelon
cif,cif__4ee6725d43ec8e5a,0.8215964397142023,classification,madelon
cit,cit__bc8d0ddbb26c15b5,0.7821958444044766,classification,madelon
cpi,cpi__6e89acc5e72da5a8,0.6609726574040269,classification,madelon
dt,dt__99914b932bd37a50,0.7899605446125892,classification,madelon
et,et__f5580a1865f967c8,0.8142820662499669,classification,madelon
lgbm,lgbm__71ba9ba402678146,0.8314195353597816,classification,madelon
pi,pi__6e89acc5e72da5a8,0.7202783500202045,classification,madelon
ptest_mc,ptest_mc__307d6fc3284c28e2,0.7675458458198713,classification,madelon
ptest_rdc,ptest_rdc__307d6fc3284c28e2,0.7907877243671078,classification,madelon
r_cforest,r_cforest__37be32340835a93b,0.8079118977213605,classification,madelon
r_ctree,r_ctree__b6e09ceb0eb26367,0.7801422772428845,classification,madelon
rf,rf__27caa3a0a3b84fd9,0.8232183229902412,classification,madelon
rfe,rfe__f0ef53dcc6eb8440,0.8414880420282486,classification,madelon
rt,rt__99914b932bd37a50,0.772129873857667,classification,madelon
xgb,xgb__1c62fadfc5e2988f,0.8295423812602633,classification,madelon
boruta,boruta__7f986516a1727870,0.8014995063887191,classification,musk
cat,cat__024a0842d4337711,0.8097674611264021,classification,musk
cif,cif__4ee6725d43ec8e5a,0.8082564376909648,classification,musk
cit,cit__bc8d0ddbb26c15b5,0.7680376885358287,classification,musk
cpi,cpi__6e89acc5e72da5a8,0.6391796091664331,classification,musk
dt,dt__99914b932bd37a50,0.7785557138931094,classification,musk
et,et__f5580a1865f967c8,0.8022887904154452,classification,musk
lgbm,lgbm__71ba9ba402678146,0.8200982599842803,classification,musk
pi,pi__6e89acc5e72da5a8,0.7059645173229433,classification,musk
ptest_mc,ptest_mc__307d6fc3284c28e2,0.7531759217810473,classification,musk
ptest_rdc,ptest_rdc__307d6fc3284c28e2,0.7762670513094829,classification,musk
r_cforest,r_cforest__37be32340835a93b,0.7965985148504188,classification,musk
r_ctree,r_ctree__b6e09ceb0eb26367,0.7639660090257794,classification,musk
rf,rf__27caa3a0a3b84fd9,0.8113321431608299,classification,musk
rfe,rfe__f0ef53dcc6eb8440,0.8312358145898767,classification,musk
rt,rt__99914b932bd37a50,0.7551580064641902,classification,musk
xgb,xgb__1c62fadfc5e2988f,0.818218136566329,classification,musk
boruta,boruta__7f986516a1727870,0.8022236664509371,classification,orlraws10P
cat,cat__024a0842d4337711,0.8103627213338147,classification,orlraws10P
cif,cif__6556bbc3e830b25a,0.8080006954039138,classification,orlraws10P
cit,cit__bc8d0ddbb26c15b5,0.7713430305516629,classification,orlraws10P
cpi,cpi__6e89acc5e72da5a8,0.6566570729884426,classification,orlraws10P
dt,dt__99914b932bd37a50,0.7834852199372645,classification,orlraws10P
et,et__f5580a1865f967c8,0.8029530619209626,classification,orlraws10P
lgbm,lgbm__71ba9ba402678146,0.8178459422861887,classification,orlraws10P
pi,pi__6e89acc5e72da5a8,0.7201536746955292,classification,orlraws10P
ptest_mc,ptest_mc__307d6fc3284c28e2,0.7657735514475769,classification,orlraws10P
ptest_rdc,ptest_rdc__307d6fc3284c28e2,0.7767453001246836,classification,orlraws10P
r_cforest,r_cforest__37be32340835a93b,0.7963525903620532,classification,orlraws10P
r_ctree,r_ctree__b6e09ceb0eb26367,0.7687245283251355,classification,orlraws10P
rf,rf__27caa3a0a3b84fd9,0.8097044701763885,classification,orlraws10P
rfe,rfe__f0ef53dcc6eb8440,0.8293824143226208,classification,orlraws10P
rt,rt__99914b932bd37a50,0.758838098965892,classification,orlraws10P
xgb,xgb__1c62fadfc5e2988f,0.8161951951130773,classification,orlraws10P
boruta,boruta__7f986516a1727870,0.8049183665489205,classification,page-blocks
cat,cat__024a0842d4337711,0.8129408191030575,classification,page-blocks
cif,cif__4ee6725d43ec8e5a,0.8113727899957079,classification,page-blocks
cit,cit__bc8d0ddbb26c15b5,0.7719340700571571,classification,page-blocks
cpi,cpi__6e89acc5e72da5a8,0.6480145513015415,classification,page-blocks
dt,dt__99914b932bd37a50,0.7825153296812922,classification,page-blocks
et,et__f5580a1865f967c8,0.8055083395491351,classification,page-blocks
lgbm,lgbm__71ba9ba402678146,0.8228841166571963,classification,page-blocks
pi,pi__6e89acc5e72da5a8,0.7117581566568406,classification,page-blocks
ptest_mc,ptest_mc__307d6fc3284c28e2,0.7578596338528104,classification,page-blocks
ptest_rdc,ptest_rdc__307d6fc3284c28e2,0.7803585288331182,classification,page-blocks
r_cforest,r_cforest__37be32340835a93b,0.7996589448667228,classification,page-blocks
r_ctree,r_ctree__b6e09ceb0eb26367,0.7681306539098609,classification,page-blocks
rf,rf__27caa3a0a3b84fd9,0.8142542194692723,classification,page-blocks
rfe,rfe__f0ef53dcc6eb8440,0.8331560663849277,classification,page-blocks
rt,rt__99914b932bd37a50,0.7596927364268028,classification,page-blocks
xgb,xgb__1c62fadfc5e2988f,0.8210763223642434,classification,page-blocks
boruta,boruta__7f986516a1727870,0.8040144498284146,classification,pendigits
cat,cat__024a0842d4337711,0.8118718027933526,classification,pendigits
cif,cif__4ee6725d43ec8e5a,0.8107176771314036,classification,pendigits
cit,cit__bc8d0ddbb26c15b5,0.7715472557127756,classification,pendigits
cpi,cpi__6e89acc5e72da5a8,0.6473175774664541,classification,pendigits
dt,dt__99914b932bd37a50,0.7815323844384897,classification,pendigits
et,et__f5580a1865f967c8,0.8049355750626112,classification,pendigits
lgbm,lgbm__71ba9ba402678146,0.8221362784190299,classification,pendigits
pi,pi__6e89acc5e72da5a8,0.7104715037575347,classification,pendigits
ptest_mc,ptest_mc__307d6fc3284c28e2,0.7576501440834776,classification,pendigits
ptest_rdc,ptest_rdc__307d6fc3284c28e2,0.7798559798651852,classification,pendigits
r_cforest,r_cforest__37be32340835a93b,0.7989250277077449,classification,pendigits
r_ctree,r_ctree__b6e09ceb0eb26367,0.7681536579493095,classification,pendigits
rf,rf__27caa3a0a3b84fd9,0.813441728728533,classification,pendigits
rfe,rfe__f0ef53dcc6eb8440,0.8320368999504435,classification,pendigits
rt,rt__99914b932bd37a50,0.7585707679762781,classification,pendigits
xgb,xgb__1c62fadfc5e2988f,0.8203958147063076,classification,pendigits
boruta,boruta__7f986516a1727870,0.8018600300873007,classification,pixraw10P
cat,cat__024a0842d4337711,0.8056614226325159,classification,pixraw10P
cif,cif__4ee6725d43ec8e5a,0.8053063964241589,classification,pixraw10P
cit,cit__bc8d0ddbb26c15b5,0.7646070998157322,classification,pixraw10P
cpi,cpi__6e89acc5e72da5a8,0.6449774193087888,classification,pixraw10P
dt,dt__99914b932bd37a50,0.7763250467770914,classification,pixraw10P
et,et__f5580a1865f967c8,0.7978015467694475,classification,pixraw10P
lgbm,lgbm__71ba9ba402678146,0.8154909639312102,classification,pixraw10P
pi,pi__6e89acc5e72da5a8,0.7112445837864383,classification,pixraw10P
ptest_mc,ptest_mc__307d6fc3284c28e2,0.7531415168155422,classification,pixraw10P
ptest_rdc,ptest_rdc__307d6fc3284c28e2,0.7741305815099648,classification,pixraw10P
r_cforest,r_cforest__37be32340835a93b,0.7930279150373779,classification,pixraw10P
r_ctree,r_ctree__b6e09ceb0eb26367,0.7583349179355251,classification,pixraw10P
rf,rf__27caa3a0a3b84fd9,0.8070984095703277,classification,pixraw10P
rfe,rfe__f0ef53dcc6eb8440,0.8260750550152616,classification,pixraw10P
rt,rt__99914b932bd37a50,0.7521368002645933,classification,pixraw10P
xgb,xgb__1c62fadfc5e2988f,0.8143943293122115,classification,pixraw10P
boruta,boruta__7f986516a1727870,0.80158080187714,classification,spam
cat,cat__024a0842d4337711,0.8096862228386844,classification,spam
cif,cif__4ee6725d43ec8e5a,0.8082388929569346,classification,spam
cit,cit__bc8d0ddbb26c15b5,0.7683571449223877,classification,spam
cpi,cpi__6e89acc5e72da5a8,0.6408585005551051,classification,spam
dt,dt__99914b932bd37a50,0.7783920704959024,classification,spam
et,et__f5580a1865f967c8,0.8028192406198835,classification,spam
lgbm,lgbm__71ba9ba402678146,0.8194223446542633,classification,spam
pi,pi__6e89acc5e72da5a8,0.7061955999971766,classification,spam
ptest_mc,ptest_mc__307d6fc3284c28e2,0.7545223041646228,classification,spam
ptest_rdc,ptest_rdc__307d6fc3284c28e2,0.7765385166805159,classification,spam
r_cforest,r_cforest__37be32340835a93b,0.7967622489953099,classification,spam
r_ctree,r_ctree__b6e09ceb0eb26367,0.7642146650446827,classification,spam
rf,rf__27caa3a0a3b84fd9,0.811175364232612,classification,spam
rfe,rfe__f0ef53dcc6eb8440,0.8303488662569484,classification,spam
rt,rt__99914b932bd37a50,0.7561379333477394,classification,spam
xgb,xgb__1c62fadfc5e2988f,0.817602188088427,classification,spam
boruta,boruta__7f986516a1727870,0.8063428883866364,classification,vowel-context
cat,cat__024a0842d4337711,0.8141167960514735,classification,vowel-context
cif,cif__4ee6725d43ec8e5a,0.812790066490913,classification,vowel-context
cit,cit__bc8d0ddbb26c15b5,0.7735397207780293,classification,vowel-context
cpi,cpi__6e89acc5e72da5a8,0.6492086112025545,classification,vowel-context
dt,dt__99914b932bd37a50,0.7839163087014016,classification,vowel-context
et,et__f5580a1865f967c8,0.8070816318632362,classification,vowel-context
lgbm,lgbm__71ba9ba402678146,0.8240986049723421,classification,vowel-context
pi,pi__6e89acc5e72da5a8,0.7129924405139755,classification,vowel-context
ptest_mc,ptest_mc__307d6fc3284c28e2,0.7592929860292355,classification,vowel-context
ptest_rdc,ptest_rdc__307d6fc3284c28e2,0.7816282941309507,classification,vowel-context
r_cforest,r_cforest__37be32340835a93b,0.8010408833749914,classification,vowel-context
r_ctree,r_ctree__b6e09ceb0eb26367,0.7694182339338184,classification,vowel-context
rf,rf__27caa3a0a3b84fd9,0.8157774212316425,classification,vowel-context
rfe,rfe__f0ef53dcc6eb8440,0.8345010283309772,classification,vowel-context
rt,rt__99914b932bd37a50,0.7610324278304287,classification,vowel-context
xgb,xgb__1c62fadfc5e2988f,0.8223180099764715,classification,vowel-context
boruta,boruta__7f986516a1727870,0.8123131325404032,classification,warpAR10P
cat,cat__024a0842d4337711,0.8196614226325161,classification,warpAR10P
cif,cif__4ee6725d43ec8e5a,0.8152198163375788,classification,warpAR10P
cit,cit__bc8d0ddbb26c15b5,0.78051474772338,classification,warpAR10P
cpi,cpi__6e89acc5e72da5a8,0.6687753991067686,classification,warpAR10P
dt,dt__99914b932bd37a50,0.7897536182056628,classification,warpAR10P
et,et__f5580a1865f967c8,0.8086211715890723,classification,warpAR10P
lgbm,lgbm__71ba9ba402678146,0.8260825945228408,classification,warpAR10P
pi,pi__6e89acc5e72da5a8,0.7294350599769145,classification,warpAR10P
ptest_mc,ptest_mc__307d6fc3284c28e2,0.7682641719381973,classification,warpAR10P
ptest_rdc,ptest_rdc__307d6fc3284c28e2,0.7889963823757659,classification,warpAR10P
r_cforest,r_cforest__37be32340835a93b,0.8052414792509421,classification,warpAR10P
r_ctree,r_ctree__b6e09ceb0eb26367,0.7761126957133029,classification,warpAR10P
rf,rf__27caa3a0a3b84fd9,0.8180161584880766,classification,warpAR10P
rfe,rfe__f0ef53dcc6eb8440,0.8350505239907305,classification,warpAR10P
rt,rt__99914b932bd37a50,0.7662839864117794,classification,warpAR10P
xgb,xgb__1c62fadfc5e2988f,0.824091299009181,classification,warpAR10P
boruta,boruta__7f986516a1727870,0.8006868699141406,classification,warpPIE10P
cat,cat__024a0842d4337711,0.8071081758792693,classification,warpPIE10P
cif,cif__4ee6725d43ec8e5a,0.8063176518354144,classification,warpPIE10P
cit,cit__bc8d0ddbb26c15b5,0.7667525543611866,classification,warpPIE10P
cpi,cpi__6e89acc5e72da5a8,0.6419116184429879,classification,warpPIE10P
dt,dt__99914b932bd37a50,0.7766124926645372,classification,warpPIE10P
et,et__f5580a1865f967c8,0.8010630186309193,classification,warpPIE10P
lgbm,lgbm__71ba9ba402678146,0.8191671544074007,classification,warpPIE10P
pi,pi__6e89acc5e72da5a8,0.7084177439595984,classification,warpPIE10P
ptest_mc,ptest_mc__307d6fc3284c28e2,0.7527778804519059,classification,warpPIE10P
ptest_rdc,ptest_rdc__307d6fc3284c28e2,0.7780396724190559,classification,warpPIE10P
r_cforest,r_cforest__37be32340835a93b,0.7944651444746073,classification,warpPIE10P
r_ctree,r_ctree__b6e09ceb0eb26367,0.7626344850350922,classification,warpPIE10P
rf,rf__27caa3a0a3b84fd9,0.8095399680118862,classification,warpPIE10P
rfe,rfe__f0ef53dcc6eb8440,0.8278975658377724,classification,warpPIE10P
rt,rt__99914b932bd37a50,0.7535116920394851,classification,warpPIE10P
xgb,xgb__1c62fadfc5e2988f,0.816613376931259,classification,warpPIE10P
boruta,boruta__7f986516a1727870,0.8020356974294455,classification,wine
cat,cat__024a0842d4337711,0.8098466341146449,classification,wine
cif,cif__4ee6725d43ec8e5a,0.8086278731287195,classification,wine
cit,cit__bc8d0ddbb26c15b5,0.7692950518666938,classification,wine
cpi,cpi__6e89acc5e72da5a8,0.6454864290637056,classification,wine
dt,dt__99914b932bd37a50,0.7799162525846788,classification,wine
et,et__f5580a1865f967c8,0.8028425706158416,classification,wine
lgbm,lgbm__71ba9ba402678146,0.819867973258377,classification,wine
pi,pi__6e89acc5e72da5a8,0.708898136361338,classification,wine
ptest_mc,ptest_mc__307d6fc3284c28e2,0.7550614123559952,classification,wine
ptest_rdc,ptest_rdc__307d6fc3284c28e2,0.7775848397458296,classification,wine
r_cforest,r_cforest__37be32340835a93b,0.7968715591806672,classification,wine
r_ctree,r_ctree__b6e09ceb0eb26367,0.7653039001194846,classification,wine
rf,rf__27caa3a0a3b84fd9,0.8115636165178378,classification,wine
rfe,rfe__f0ef53dcc6eb8440,0.8302690898990387,classification,wine
rt,rt__99914b932bd37a50,0.7569551991948666,classification,wine
xgb,xgb__1c62fadfc5e2988f,0.8181819950654565,classification,wine
boruta,boruta__7f986516a1727870,0.1991150900682792,regression,coepra1
cat,cat__024a0842d4337711,0.319245681770214,regression,coepra1
cif,cif__40426895fc45caef,0.3339921780225939,regression,coepra1
cit,cit__bd4437cf99705bab,0.03661130623077087,regression,coepra1
cpi,cpi__6e89acc5e72da5a8,-0.39030406085363456,regression,coepra1
dt,dt__99914b932bd37a50,0.2448859301262725,regression,coepra1
et,et__f09eb85fc7f75870,0.34839504475997657,regression,coepra1
lgbm,lgbm__71ba9ba402678146,-0.0410566981660329,regression,coepra1
pi,pi__6e89acc5e72da5a8,0.0818532337410212,regression,coepra1
ptest_dc,ptest_dc__307d6fc3284c28e2,0.15803139705333552,regression,coepra1
ptest_pc,ptest_pc__307d6fc3284c28e2,0.21243051210789485,regression,coepra1
ptest_rdc,ptest_rdc__307d6fc3284c28e2,0.06026623398429961,regression,coepra1
r_cforest,r_cforest__5c2653de657569d8,0.29157910949628546,regression,coepra1
r_ctree,r_ctree__b6e09ceb0eb26367,0.1939197326648397,regression,coepra1
rf,rf__aed17443e3db937d,0.324404938728831,regression,coepra1
rfe,rfe__f0ef53dcc6eb8440,0.3672885032320107,regression,coepra1
rt,rt__99914b932bd37a50,0.33150656177118365,regression,coepra1
xgb,xgb__c2661145d45caaf6,0.259985740818021,regression,coepra1
boruta,boruta__7f986516a1727870,0.3604659491491581,regression,coepra2
cat,cat__024a0842d4337711,0.35930495534861134,regression,coepra2
cif,cif__a01a3672a449d400,0.3866300626900759,regression,coepra2
cit,cit__2cd925b5323e9208,0.35640141839490636,regression,coepra2
cpi,cpi__6e89acc5e72da5a8,0.27172584695976865,regression,coepra2
dt,dt__99914b932bd37a50,0.3380292381083137,regression,coepra2
et,et__f09eb85fc7f75870,0.3861327695821067,regression,coepra2
lgbm,lgbm__71ba9ba402678146,0.29375832079371816,regression,coepra2
pi,pi__6e89acc5e72da5a8,0.3287479745311157,regression,coepra2
ptest_dc,ptest_dc__307d6fc3284c28e2,0.26705001539724604,regression,coepra2
ptest_pc,ptest_pc__307d6fc3284c28e2,0.3171891111539518,regression,coepra2
ptest_rdc,ptest_rdc__307d6fc3284c28e2,0.29207307528094,regression,coepra2
r_cforest,r_cforest__37be32340835a93b,0.39729979131345,regression,coepra2
r_ctree,r_ctree__b6e09ceb0eb26367,0.28844884025269185,regression,coepra2
rf,rf__aed17443e3db937d,0.3836206406922069,regression,coepra2
rfe,rfe__f0ef53dcc6eb8440,0.4120205372514414,regression,coepra2
rt,rt__99914b932bd37a50,0.37705084503670855,regression,coepra2
xgb,xgb__1c62fadfc5e2988f,0.3915243241523762,regression,coepra2
boruta,boruta__7f986516a1727870,0.23404803157799195,regression,coepra3
cat,cat__024a0842d4337711,0.33619756354883784,regression,coepra3
cif,cif__40426895fc45caef,0.3491472621949322,regression,coepra3
cit,cit__bd4437cf99705bab,0.12350515400498521,regression,coepra3
cpi,cpi__6e89acc5e72da5a8,-0.4388634184211709,regression,coepra3
dt,dt__99914b932bd37a50,0.22254376142570384,regression,coepra3
et,et__f09eb85fc7f75870,0.4090292896698557,regression,coepra3
lgbm,lgbm__71ba9ba402678146,-0.10149416247606104,regression,coepra3
pi,pi__6e89acc5e72da5a8,0.1041432978839178,regression,coepra3
ptest_dc,ptest_dc__307d6fc3284c28e2,0.12425771487600171,regression,coepra3
ptest_pc,ptest_pc__307d6fc3284c28e2,0.23097038818001656,regression,coepra3
ptest_rdc,ptest_rdc__307d6fc3284c28e2,0.05876208700653697,regression,coepra3
r_cforest,r_cforest__5c2653de657569d8,0.3338626226119108,regression,coepra3
r_ctree,r_ctree__b6e09ceb0eb26367,0.176299094238571,regression,coepra3
rf,rf__aed17443e3db937d,0.35997329389002536,regression,coepra3
rfe,rfe__f0ef53dcc6eb8440,0.4310656312138107,regression,coepra3
rt,rt__99914b932bd37a50,0.37040405757998995,regression,coepra3
xgb,xgb__c2661145d45caaf6,0.2868445388771092,regression,coepra3
boruta,boruta__7f986516a1727870,0.12081700631110256,regression,comm_violence
cat,cat__024a0842d4337711,0.22842799154266494,regression,comm_violence
cif,cif__40426895fc45caef,0.2556338716680285,regression,comm_violence
cit,cit__bd4437cf99705bab,-0.049747413198022825,regression,comm_violence
cpi,cpi__6e89acc5e72da5a8,-0.5352621709159432,regression,comm_violence
dt,dt__99914b932bd37a50,0.1269174574973114,regression,comm_violence
et,et__f09eb85fc7f75870,0.2910142955367193,regression,comm_violence
lgbm,lgbm__71ba9ba402678146,-0.19945050819983526,regression,comm_violence
pi,pi__6e89acc5e72da5a8,-0.017966634117025305,regression,comm_violence
ptest_dc,ptest_dc__307d6fc3284c28e2,0.0023133058763463417,regression,comm_violence
ptest_pc,ptest_pc__307d6fc3284c28e2,0.10669258191285295,regression,comm_violence
ptest_rdc,ptest_rdc__307d6fc3284c28e2,-0.0684894383691649,regression,comm_violence
r_cforest,r_cforest__5c2653de657569d8,0.22963153849837845,regression,comm_violence
r_ctree,r_ctree__b6e09ceb0eb26367,0.057264637732819965,regression,comm_violence
rf,rf__aed17443e3db937d,0.2578544381017453,regression,comm_violence
rfe,rfe__f0ef53dcc6eb8440,0.32976454902111335,regression,comm_violence
rt,rt__99914b932bd37a50,0.2625027693355497,regression,comm_violence
xgb,xgb__c2661145d45caaf6,0.1826714283462611,regression,comm_violence
boruta,boruta__7f986516a1727870,0.11082262411560792,regression,community_crime
cat,cat__024a0842d4337711,0.2189326333692402,regression,community_crime
cif,cif__40426895fc45caef,0.2438398490089884,regression,community_crime
cit,cit__bd4437cf99705bab,-0.05662036922255031,regression,community_crime
cpi,cpi__6e89acc5e72da5a8,-0.5231292116020091,regression,community_crime
dt,dt__99914b932bd37a50,0.1171531340511577,regression,community_crime
et,et__f09eb85fc7f75870,0.2817829473578531,regression,community_crime
lgbm,lgbm__71ba9ba402678146,-0.21054399661229986,regression,community_crime
pi,pi__6e89acc5e72da5a8,-0.027855835615794498,regression,community_crime
ptest_dc,ptest_dc__307d6fc3284c28e2,-0.010113651264227273,regression,community_crime
ptest_pc,ptest_pc__307d6fc3284c28e2,0.09448185563154618,regression,community_crime
ptest_rdc,ptest_rdc__307d6fc3284c28e2,-0.0813421992586241,regression,community_crime
r_cforest,r_cforest__5c2653de657569d8,0.2182452503605756,regression,community_crime
r_ctree,r_ctree__b6e09ceb0eb26367,0.045160294799435494,regression,community_crime
rf,rf__aed17443e3db937d,0.2480443006759332,regression,community_crime
rfe,rfe__f0ef53dcc6eb8440,0.31934636606829153,regression,community_crime
rt,rt__99914b932bd37a50,0.2541536497831327,regression,community_crime
xgb,xgb__c2661145d45caaf6,0.19285926077415438,regression,community_crime
boruta,boruta__7f986516a1727870,0.15514025418226654,regression,facebook
cat,cat__024a0842d4337711,0.2541822002608636,regression,facebook
cif,cif__40426895fc45caef,0.27551118665340313,regression,facebook
cit,cit__bd4437cf99705bab,0.0015041906862556624,regression,facebook
cpi,cpi__6e89acc5e72da5a8,-0.4438018338649998,regression,facebook
dt,dt__99914b932bd37a50,0.16086898524175225,regression,facebook
et,et__f09eb85fc7f75870,0.3111961335800226,regression,facebook
lgbm,lgbm__71ba9ba402678146,-0.13793403049491626,regression,facebook
pi,pi__6e89acc5e72da5a8,0.029273925856022672,regression,facebook
ptest_dc,ptest_dc__307d6fc3284c28e2,0.042901371013280405,regression,facebook
ptest_pc,ptest_pc__307d6fc3284c28e2,0.13838498588820983,regression,facebook
ptest_rdc,ptest_rdc__307d6fc3284c28e2,-0.021354701736992335,regression,facebook
r_cforest,r_cforest__5c2653de657569d8,0.25077723773632316,regression,facebook
r_ctree,r_ctree__b6e09ceb0eb26367,0.09705712310455397,regression,facebook
rf,rf__aed17443e3db937d,0.28019755830065696,regression,facebook
rfe,rfe__f0ef53dcc6eb8440,0.34525766954690756,regression,facebook
rt,rt__99914b932bd37a50,0.2856141022776302,regression,facebook
xgb,xgb__c2661145d45caaf6,0.21407989814013897,regression,facebook
boruta,boruta__7f986516a1727870,0.149858959180897,regression,imports-85
cat,cat__024a0842d4337711,0.25338156740345,regression,imports-85
cif,cif__40426895fc45caef,0.27627707272178975,regression,imports-85
cit,cit__bd4437cf99705bab,-0.01274044699253944,regression,imports-85
cpi,cpi__6e89acc5e72da5a8,-0.4821476507863312,regression,imports-85
dt,dt__99914b932bd37a50,0.155025330035141,regression,imports-85
et,et__f09eb85fc7f75870,0.312472607518877,regression,imports-85
lgbm,lgbm__71ba9ba402678146,-0.16132235380957557,regression,imports-85
pi,pi__6e89acc5e72da5a8,0.015104161992411588,regression,imports-85
ptest_dc,ptest_dc__307d6fc3284c28e2,0.031189819000353152,regression,imports-85
ptest_pc,ptest_pc__307d6fc3284c28e2,0.13171133046530087,regression,imports-85
ptest_rdc,ptest_rdc__307d6fc3284c28e2,-0.03752594904303732,regression,imports-85
r_cforest,r_cforest__5c2653de657569d8,0.2510462847996826,regression,imports-85
r_ctree,r_ctree__b6e09ceb0eb26367,0.08492613408608639,regression,imports-85
rf,rf__aed17443e3db937d,0.2825792948113565,regression,imports-85
rfe,rfe__f0ef53dcc6eb8440,0.3512007831699144,regression,imports-85
rt,rt__99914b932bd37a50,0.287379113974398,regression,imports-85
xgb,xgb__c2661145d45caaf6,0.21410475624829686,regression,imports-85
boruta,boruta__7f986516a1727870,0.12252839989632058,regression,residential
cat,cat__024a0842d4337711,0.22806170156516611,regression,residential
cif,cif__40426895fc45caef,0.24912205935308682,regression,residential
cit,cit__bd4437cf99705bab,-0.04997396005287466,regression,residential
cpi,cpi__6e89acc5e72da5a8,-0.5346478296262641,regression,residential
dt,dt__99914b932bd37a50,0.1277059991146595,regression,residential
et,et__f09eb85fc7f75870,0.28859168949341146,regression,residential
lgbm,lgbm__71ba9ba402678146,-0.19961743951183042,regression,residential
pi,pi__6e89acc5e72da5a8,-0.01746998566321321,regression,residential
ptest_dc,ptest_dc__307d6fc3284c28e2,-0.007215694550405502,regression,residential
ptest_pc,ptest_pc__307d6fc3284c28e2,0.09659901363649703,regression,residential
ptest_rdc,ptest_rdc__307d6fc3284c28e2,-0.07887072669044254,regression,residential
r_cforest,r_cforest__5c2653de657569d8,0.22405656261115542,regression,residential
r_ctree,r_ctree__b6e09ceb0eb26367,0.054755977077115735,regression,residential
rf,rf__aed17443e3db937d,0.2594832255365056,regression,residential
rfe,rfe__f0ef53dcc6eb8440,0.3310683406196694,regression,residential
rt,rt__99914b932bd37a50,0.2635138693624542,regression,residential
xgb,xgb__c2661145d45caaf6,0.18672784025869324,regression,residential
