task,model_family,method,axis,axis_value,median,q1,q3,n,citrees_budget
classification,forest,citrees,forest_size,25,3.467924916499669,3.4509306415000083,3.4799377899998944,10,999 permutations per predictor (scale_resamples_with_tests=False)
classification,forest,citrees,forest_size,500,22.498986600999615,22.178834172500274,24.126297095999917,10,999 permutations per predictor (scale_resamples_with_tests=False)
classification,forest,citrees,permutation_budget,99,2.8609890595000707,2.841969539750039,2.9025843162499996,10,999 permutations per predictor (scale_resamples_with_tests=False)
classification,forest,citrees,permutation_budget,9999,143.56697059500016,142.8957311820002,152.60381579000006,10,999 permutations per predictor (scale_resamples_with_tests=False)
classification,forest,citrees,predictor_count,10,5.090205853000015,5.065517016750007,5.140415900249764,10,999 permutations per predictor (scale_resamples_with_tests=False)
classification,forest,citrees,predictor_count,200,19.865939040499782,19.809829629499397,19.973173435749572,10,999 permutations per predictor (scale_resamples_with_tests=False)
classification,forest,citrees,reference,reference,6.332793997999488,6.307768403499999,6.384273501749995,10,999 permutations per predictor (scale_resamples_with_tests=False)
classification,forest,citrees,sample_size,250,3.5020377000000167,3.4799639794998356,3.558013545499506,10,999 permutations per predictor (scale_resamples_with_tests=False)
classification,forest,citrees,sample_size,4000,19.449906966999606,19.418299246249987,19.53477261324994,10,999 permutations per predictor (scale_resamples_with_tests=False)
classification,forest,partykit,forest_size,25,71.77721196700008,71.76117798650034,71.82573809649989,10,999 permutations per predictor (scale_resamples_with_tests=False)
classification,forest,partykit,forest_size,500,1430.348137858,1429.2998575992501,1431.5383907105002,10,999 permutations per predictor (scale_resamples_with_tests=False)
classification,forest,partykit,permutation_budget,99,34.02879780700006,33.96579343924998,34.120483461249776,10,999 permutations per predictor (scale_resamples_with_tests=False)
classification,forest,partykit,permutation_budget,9999,2803.439051177,2800.6841816965,2808.115468714,10,999 permutations per predictor (scale_resamples_with_tests=False)
classification,forest,partykit,predictor_count,10,57.78697787349995,57.75040349599993,57.85270059850001,10,999 permutations per predictor (scale_resamples_with_tests=False)
classification,forest,partykit,predictor_count,200,1143.1255718255002,1142.8778877327502,1144.7136132404999,10,999 permutations per predictor (scale_resamples_with_tests=False)
classification,forest,partykit,reference,reference,286.28592431699997,286.06841374475044,286.4410389115,10,999 permutations per predictor (scale_resamples_with_tests=False)
classification,forest,partykit,sample_size,250,75.84811224099974,75.53657155049997,76.13123661649999,10,999 permutations per predictor (scale_resamples_with_tests=False)
classification,forest,partykit,sample_size,4000,1118.3261273774997,1117.975897092,1120.19751307125,10,999 permutations per predictor (scale_resamples_with_tests=False)
classification,forest,sklearn,forest_size,25,0.055313938999645984,0.05250389374987208,0.05776946324999699,10,999 permutations per predictor (scale_resamples_with_tests=False)
classification,forest,sklearn,forest_size,500,0.7769663399999445,0.7666657972504254,0.7803813975000935,10,999 permutations per predictor (scale_resamples_with_tests=False)
classification,forest,sklearn,predictor_count,10,0.15451711300011084,0.1537604234998753,0.15660292875000437,10,999 permutations per predictor (scale_resamples_with_tests=False)
classification,forest,sklearn,predictor_count,200,0.22630905450000682,0.22048871025031502,0.2366561362499624,10,999 permutations per predictor (scale_resamples_with_tests=False)
classification,forest,sklearn,reference,reference,0.16786911050007802,0.1647194074998879,0.17102644249985133,10,999 permutations per predictor (scale_resamples_with_tests=False)
classification,forest,sklearn,sample_size,250,0.13222205450006186,0.131010581249825,0.13402644324946777,10,999 permutations per predictor (scale_resamples_with_tests=False)
classification,forest,sklearn,sample_size,4000,0.2515265930001078,0.2463911272502628,0.27022043175009003,10,999 permutations per predictor (scale_resamples_with_tests=False)
classification,tree,citrees,permutation_budget,99,0.10418195000013952,0.10406473625008061,0.1045201845001884,10,999 permutations per predictor (scale_resamples_with_tests=False)
classification,tree,citrees,permutation_budget,9999,1.332241257000078,1.3034316285000571,5.332198992999999,10,999 permutations per predictor (scale_resamples_with_tests=False)
classification,tree,citrees,predictor_count,10,1.618555430500237,1.609138993499755,1.6251132262502779,10,999 permutations per predictor (scale_resamples_with_tests=False)
classification,tree,citrees,predictor_count,200,0.16773704349996876,0.1669216529999744,0.1685257922499659,10,999 permutations per predictor (scale_resamples_with_tests=False)
classification,tree,citrees,reference,reference,1.602245953000022,1.5884513392499358,1.6186969627499366,10,999 permutations per predictor (scale_resamples_with_tests=False)
classification,tree,citrees,sample_size,250,0.02293182649964365,0.022535930249432568,0.023509847750084134,10,999 permutations per predictor (scale_resamples_with_tests=False)
classification,tree,citrees,sample_size,4000,0.16059304800000973,0.1586845519993858,0.16295050049939164,10,999 permutations per predictor (scale_resamples_with_tests=False)
classification,tree,partykit,permutation_budget,99,0.3946091549999977,0.39427838899993617,0.3950700262500959,10,999 permutations per predictor (scale_resamples_with_tests=False)
classification,tree,partykit,permutation_budget,9999,28.134580185999738,28.099516707500158,28.21740191899999,10,999 permutations per predictor (scale_resamples_with_tests=False)
classification,tree,partykit,predictor_count,10,0.6086510055002634,0.6081817530000535,0.6093760087503597,10,999 permutations per predictor (scale_resamples_with_tests=False)
classification,tree,partykit,predictor_count,200,11.680010821499764,11.672083546250022,11.685676875999889,10,999 permutations per predictor (scale_resamples_with_tests=False)
classification,tree,partykit,reference,reference,2.9397195535000833,2.9377283974999955,2.940939982250015,10,999 permutations per predictor (scale_resamples_with_tests=False)
classification,tree,partykit,sample_size,250,0.8134400564998856,0.7997238824998476,0.8242200334998415,10,999 permutations per predictor (scale_resamples_with_tests=False)
classification,tree,partykit,sample_size,4000,11.349688684499696,11.345187844000066,11.35169113149982,10,999 permutations per predictor (scale_resamples_with_tests=False)
classification,tree,sklearn,predictor_count,10,0.0034833694997331577,0.003465613499884057,0.003519762249879932,10,999 permutations per predictor (scale_resamples_with_tests=False)
classification,tree,sklearn,predictor_count,200,0.0511800869996506,0.05109034524978995,0.05130532575003599,10,999 permutations per predictor (scale_resamples_with_tests=False)
classification,tree,sklearn,reference,reference,0.013454259500264243,0.013419474500075523,0.01347795949947539,10,999 permutations per predictor (scale_resamples_with_tests=False)
classification,tree,sklearn,sample_size,250,0.0035442254998088174,0.0035312214999905223,0.0035530814997457583,10,999 permutations per predictor (scale_resamples_with_tests=False)
classification,tree,sklearn,sample_size,4000,0.05904536150046624,0.0589538864998147,0.059075780499597386,10,999 permutations per predictor (scale_resamples_with_tests=False)
regression,forest,citrees,forest_size,25,3.3713062104998244,3.356539407249784,3.4694910977499376,10,999 permutations per predictor (scale_resamples_with_tests=False)
regression,forest,citrees,forest_size,500,21.59338346450022,21.497950255499745,21.769883679750023,10,999 permutations per predictor (scale_resamples_with_tests=False)
regression,forest,citrees,permutation_budget,99,2.6291921574998014,2.6113826047497923,2.681546734250105,10,999 permutations per predictor (scale_resamples_with_tests=False)
regression,forest,citrees,permutation_budget,9999,136.66473590400005,135.36139753524992,139.967756703,10,999 permutations per predictor (scale_resamples_with_tests=False)
regression,forest,citrees,predictor_count,10,4.978357304000269,4.9221379572500155,5.369296660999744,10,999 permutations per predictor (scale_resamples_with_tests=False)
regression,forest,citrees,predictor_count,200,19.064874493499985,19.003327509249893,19.086342408000135,10,999 permutations per predictor (scale_resamples_with_tests=False)
regression,forest,citrees,reference,reference,6.168851269000001,6.140111709250043,6.307686696249789,10,999 permutations per predictor (scale_resamples_with_tests=False)
regression,forest,citrees,sample_size,250,3.419370154499987,3.384890892999998,3.6818226402506298,10,999 permutations per predictor (scale_resamples_with_tests=False)
regression,forest,citrees,sample_size,4000,18.563149964999866,18.472751069750004,18.596013606749977,10,999 permutations per predictor (scale_resamples_with_tests=False)
regression,forest,partykit,forest_size,25,71.7932479834999,71.72993915324992,71.85652912324986,10,999 permutations per predictor (scale_resamples_with_tests=False)
regression,forest,partykit,forest_size,500,1430.692268496,1429.8137649785,1431.4717528770002,10,999 permutations per predictor (scale_resamples_with_tests=False)
regression,forest,partykit,permutation_budget,99,34.09834894850019,34.0208855919999,34.23650352225002,10,999 permutations per predictor (scale_resamples_with_tests=False)
regression,forest,partykit,permutation_budget,9999,2802.6503184969997,2802.1064811654996,2804.3018356777498,10,999 permutations per predictor (scale_resamples_with_tests=False)
regression,forest,partykit,predictor_count,10,57.89457827999979,57.78193497875026,57.913397432250065,10,999 permutations per predictor (scale_resamples_with_tests=False)
regression,forest,partykit,predictor_count,200,1143.5523030804998,1143.3560797727503,1144.3182567515,10,999 permutations per predictor (scale_resamples_with_tests=False)
regression,forest,partykit,reference,reference,286.46504538650004,286.3421903065,286.54457951125005,10,999 permutations per predictor (scale_resamples_with_tests=False)
regression,forest,partykit,sample_size,250,77.4081852359999,77.0729342909998,77.67301348749987,10,999 permutations per predictor (scale_resamples_with_tests=False)
regression,forest,partykit,sample_size,4000,1118.0932432395,1117.86189291125,1119.52979767825,10,999 permutations per predictor (scale_resamples_with_tests=False)
regression,forest,sklearn,forest_size,25,0.042511389000083,0.04191501549996701,0.04479679449991636,10,999 permutations per predictor (scale_resamples_with_tests=False)
regression,forest,sklearn,forest_size,500,0.5451278844998342,0.5388380742494974,0.5503761962495446,10,999 permutations per predictor (scale_resamples_with_tests=False)
regression,forest,sklearn,predictor_count,10,0.11190595350001331,0.10778134425038388,0.11487973475021818,10,999 permutations per predictor (scale_resamples_with_tests=False)
regression,forest,sklearn,predictor_count,200,0.18493776649984284,0.17525744775014118,0.19207451375018536,10,999 permutations per predictor (scale_resamples_with_tests=False)
regression,forest,sklearn,reference,reference,0.1225257314999908,0.11894581749993449,0.1254082037499984,10,999 permutations per predictor (scale_resamples_with_tests=False)
regression,forest,sklearn,sample_size,250,0.10853384499989716,0.1066329947501572,0.10897421075020475,10,999 permutations per predictor (scale_resamples_with_tests=False)
regression,forest,sklearn,sample_size,4000,0.21775466350004535,0.19499453424975854,0.22787288749987056,10,999 permutations per predictor (scale_resamples_with_tests=False)
regression,tree,citrees,permutation_budget,99,0.058717905999998266,0.05843581699981826,0.05877783049959362,10,999 permutations per predictor (scale_resamples_with_tests=False)
regression,tree,citrees,permutation_budget,9999,1.2834847135002292,1.215277412999967,4.0830345962499806,10,999 permutations per predictor (scale_resamples_with_tests=False)
regression,tree,citrees,predictor_count,10,1.3313820475000284,1.3266208549996463,1.3625574445002258,10,999 permutations per predictor (scale_resamples_with_tests=False)
regression,tree,citrees,predictor_count,200,0.1620956230003685,0.15862364950010033,0.1656685419995938,10,999 permutations per predictor (scale_resamples_with_tests=False)
regression,tree,citrees,reference,reference,1.4074620364999646,1.4039801407493542,1.4123870519999286,10,999 permutations per predictor (scale_resamples_with_tests=False)
regression,tree,citrees,sample_size,250,0.021854939499689863,0.02147328250021019,0.02264047499983235,10,999 permutations per predictor (scale_resamples_with_tests=False)
regression,tree,citrees,sample_size,4000,0.15153842499989878,0.15123999675029154,0.15369882400023016,10,999 permutations per predictor (scale_resamples_with_tests=False)
regression,tree,partykit,permutation_budget,99,0.3915651945000036,0.39109500649997386,0.39193733725028324,10,999 permutations per predictor (scale_resamples_with_tests=False)
regression,tree,partykit,permutation_budget,9999,28.125427496000327,28.10948691524998,28.15643539499998,10,999 permutations per predictor (scale_resamples_with_tests=False)
regression,tree,partykit,predictor_count,10,0.6077252994999043,0.6069130330000689,0.6079747162498279,10,999 permutations per predictor (scale_resamples_with_tests=False)
regression,tree,partykit,predictor_count,200,11.679654615000103,11.673301955250054,11.693328449000091,10,999 permutations per predictor (scale_resamples_with_tests=False)
regression,tree,partykit,reference,reference,2.940501988500273,2.93756343125051,2.942775151499916,10,999 permutations per predictor (scale_resamples_with_tests=False)
regression,tree,partykit,sample_size,250,0.8226650420001533,0.8105444427498583,0.8234434600000569,10,999 permutations per predictor (scale_resamples_with_tests=False)
regression,tree,partykit,sample_size,4000,11.343169222000142,11.339503115499596,11.345807347250002,10,999 permutations per predictor (scale_resamples_with_tests=False)
regression,tree,sklearn,predictor_count,10,0.0028166979996058217,0.0028008050000210005,0.0028699434997179196,10,999 permutations per predictor (scale_resamples_with_tests=False)
regression,tree,sklearn,predictor_count,200,0.04152794050014563,0.04150065525050195,0.04160777774990976,10,999 permutations per predictor (scale_resamples_with_tests=False)
regression,tree,sklearn,reference,reference,0.01095254599999862,0.010891685999922629,0.011013777999927754,10,999 permutations per predictor (scale_resamples_with_tests=False)
regression,tree,sklearn,sample_size,250,0.002833874500083766,0.002815596999880654,0.002842624750030609,10,999 permutations per predictor (scale_resamples_with_tests=False)
regression,tree,sklearn,sample_size,4000,0.04952848349967098,0.04947312475042054,0.04966726049999437,10,999 permutations per predictor (scale_resamples_with_tests=False)
