task,n,k,threshold_test,stopping,effect,match_size,power_at_match,max_realized_size,note,design,power_se,delta_se_bootstrap
classification,100,16,bonferroni,adaptive,0.05,0.05,0.12911764705882353,0.102,,centred_highrep,0.010493998284733994,0.01487816832215904
classification,100,16,bonferroni,adaptive,0.1,0.05,0.3391176470588235,0.102,,centred_highrep,0.014914556647785411,0.02390567622865038
classification,100,16,bonferroni,adaptive,0.2,0.05,0.9351176470588236,0.102,,centred_highrep,0.007851369307324675,0.012480691415996066
classification,100,16,maxt,adaptive,0.05,0.05,0.11810169491525424,0.308,,centred_highrep,0.009653186002558949,0.01487816832215904
classification,100,16,maxt,adaptive,0.1,0.05,0.32757627118644067,0.308,,centred_highrep,0.014505137021069467,0.02390567622865038
classification,100,16,maxt,adaptive,0.2,0.05,0.9098305084745762,0.308,,centred_highrep,0.009653186002558947,0.012480691415996066
classification,100,16,bonferroni,exhaustive,0.05,0.05,0.12811538461538463,0.102,,centred_highrep,0.010458250331675944,0.017090171894977708
classification,100,16,bonferroni,exhaustive,0.1,0.05,0.34090384615384617,0.102,,centred_highrep,0.014936666294725875,0.025141342051973242
classification,100,16,bonferroni,exhaustive,0.2,0.05,0.9341538461538462,0.102,,centred_highrep,0.007906389820898028,0.012909355463495635
classification,100,16,maxt,exhaustive,0.05,0.05,0.11670491803278689,0.30266666666666664,,centred_highrep,0.009815090422405696,0.017090171894977708
classification,100,16,maxt,exhaustive,0.1,0.05,0.33324590163934426,0.30266666666666664,,centred_highrep,0.0147634345597493,0.025141342051973242
classification,100,16,maxt,exhaustive,0.2,0.05,0.9219016393442623,0.30266666666666664,,centred_highrep,0.008771772910877251,0.012909355463495635
classification,100,64,bonferroni,adaptive,0.05,0.048666666666666664,0.117,0.048666666666666664,at largest realized size,centred_highrep,0.010164201887015036,0.01802033250350919
classification,100,64,bonferroni,adaptive,0.1,0.048666666666666664,0.339,0.048666666666666664,at largest realized size,centred_highrep,0.014969268519202935,0.029933490638244502
classification,100,64,bonferroni,adaptive,0.2,0.048666666666666664,0.94,0.048666666666666664,at largest realized size,centred_highrep,0.007509993342207438,0.014078965325732317
classification,100,64,maxt,adaptive,0.05,0.048666666666666664,0.1126470588235294,0.31866666666666665,matched at largest common realized size,centred_highrep,0.00927227048785787,0.01802033250350919
classification,100,64,maxt,adaptive,0.1,0.048666666666666664,0.32999999999999996,0.31866666666666665,matched at largest common realized size,centred_highrep,0.014518815378673288,0.029933490638244502
classification,100,64,maxt,adaptive,0.2,0.048666666666666664,0.9206470588235294,0.31866666666666665,matched at largest common realized size,centred_highrep,0.009004387819280108,0.014078965325732317
classification,100,64,bonferroni,exhaustive,0.05,0.048666666666666664,0.119,0.048666666666666664,at largest realized size,centred_highrep,0.010239091756596383,0.017012208097488032
classification,100,64,bonferroni,exhaustive,0.1,0.048666666666666664,0.34,0.048666666666666664,at largest realized size,centred_highrep,0.014979986648859203,0.025040667405077578
classification,100,64,bonferroni,exhaustive,0.2,0.048666666666666664,0.94,0.048666666666666664,at largest realized size,centred_highrep,0.007509993342207438,0.012826485991176658
classification,100,64,maxt,exhaustive,0.05,0.048666666666666664,0.11890566037735849,0.31,matched at largest common realized size,centred_highrep,0.009894442884771228,0.017012208097488032
classification,100,64,maxt,exhaustive,0.1,0.048666666666666664,0.3393962264150943,0.31,matched at largest common realized size,centred_highrep,0.014799459449588015,0.025040667405077578
classification,100,64,maxt,exhaustive,0.2,0.048666666666666664,0.9342264150943397,0.31,matched at largest common realized size,centred_highrep,0.008068457101577721,0.012826485991176658
classification,100,256,bonferroni,adaptive,0.05,0.03866666666666667,0.107,0.03866666666666667,at largest realized size,centred_highrep,0.009775019181566858,0.020834500397638917
classification,100,256,bonferroni,adaptive,0.1,0.03866666666666667,0.313,0.03866666666666667,at largest realized size,centred_highrep,0.014663935351739656,0.029850057331232045
classification,100,256,bonferroni,adaptive,0.2,0.03866666666666667,0.93,0.03866666666666667,at largest realized size,centred_highrep,0.008068457101577721,0.016184958887347178
classification,100,256,maxt,adaptive,0.05,0.03866666666666667,0.10047058823529413,0.31333333333333335,matched at largest common realized size,centred_highrep,0.009444522221901964,0.020834500397638917
classification,100,256,maxt,adaptive,0.1,0.03866666666666667,0.30319607843137253,0.31333333333333335,matched at largest common realized size,centred_highrep,0.014505137021069467,0.029850057331232045
classification,100,256,maxt,adaptive,0.2,0.03866666666666667,0.9236470588235295,0.31333333333333335,matched at largest common realized size,centred_highrep,0.008430361795320529,0.016184958887347178
classification,100,256,bonferroni,exhaustive,0.05,0.03933333333333333,0.108,0.03933333333333333,at largest realized size,centred_highrep,0.009815090422405696,0.01782299933707962
classification,100,256,bonferroni,exhaustive,0.1,0.03933333333333333,0.314,0.03933333333333333,at largest realized size,centred_highrep,0.01467664811869522,0.026608190572465037
classification,100,256,bonferroni,exhaustive,0.2,0.03933333333333333,0.931,0.03933333333333333,at largest realized size,centred_highrep,0.008014923580421711,0.014722968906684635
classification,100,256,maxt,exhaustive,0.05,0.03933333333333333,0.1025,0.31133333333333335,matched at largest common realized size,centred_highrep,0.009894442884771228,0.01782299933707962
classification,100,256,maxt,exhaustive,0.1,0.03933333333333333,0.3111842105263158,0.31133333333333335,matched at largest common realized size,centred_highrep,0.014811313243598625,0.026608190572465037
classification,100,256,maxt,exhaustive,0.2,0.03933333333333333,0.9291842105263157,0.31133333333333335,matched at largest common realized size,centred_highrep,0.00762600813007697,0.014722968906684635
classification,200,16,bonferroni,adaptive,0.05,0.05,0.16827027027027028,0.11,,centred_highrep,0.012096115078817662,0.01792722937114586
classification,200,16,bonferroni,adaptive,0.1,0.05,0.6092432432432433,0.11,,centred_highrep,0.015267612779999367,0.028726724598198316
classification,200,16,bonferroni,adaptive,0.2,0.05,0.9996756756756757,0.11,,centred_highrep,0.0,0.0010725288813123225
classification,200,16,maxt,adaptive,0.05,0.05,0.15520689655172415,0.30733333333333335,,centred_highrep,0.010599952830083727,0.01792722937114586
classification,200,16,maxt,adaptive,0.1,0.05,0.5727931034482759,0.30733333333333335,,centred_highrep,0.01578477114183161,0.028726724598198316
classification,200,16,maxt,adaptive,0.2,0.05,0.9986896551724138,0.30733333333333335,,centred_highrep,0.0014127986409959495,0.0010725288813123225
classification,200,16,bonferroni,exhaustive,0.05,0.05,0.1664102564102564,0.11,,centred_highrep,0.012069424178476784,0.01892377722636434
classification,200,16,bonferroni,exhaustive,0.1,0.05,0.6082051282051282,0.11,,centred_highrep,0.015259062880793171,0.030554414359758586
classification,200,16,bonferroni,exhaustive,0.2,0.05,0.9996410256410256,0.11,,centred_highrep,0.0,0.0007975917800620851
classification,200,16,maxt,exhaustive,0.05,0.05,0.16478,0.30666666666666664,,centred_highrep,0.011037934589405754,0.01892377722636434
classification,200,16,maxt,exhaustive,0.1,0.05,0.5967600000000001,0.30666666666666664,,centred_highrep,0.01570464899321217,0.030554414359758586
classification,200,16,maxt,exhaustive,0.2,0.05,0.99934,0.30666666666666664,,centred_highrep,0.0009994998749374613,0.0007975917800620851
classification,200,64,bonferroni,adaptive,0.05,0.05,0.17646153846153848,0.062,,centred_highrep,0.011766222843376714,0.017319551721827035
classification,200,64,bonferroni,adaptive,0.1,0.05,0.6191538461538462,0.062,,centred_highrep,0.015431104950715617,0.023478001588575586
classification,200,64,bonferroni,adaptive,0.2,0.05,1.0,0.062,,centred_highrep,0.0,0.001144013542304261
classification,200,64,maxt,adaptive,0.05,0.05,0.15989830508474578,0.31133333333333335,,centred_highrep,0.01090669519148674,0.017319551721827035
classification,200,64,maxt,adaptive,0.1,0.05,0.5817457627118644,0.31133333333333335,,centred_highrep,0.015744332313566048,0.023478001588575586
classification,200,64,maxt,adaptive,0.2,0.05,0.9986440677966102,0.31133333333333335,,centred_highrep,0.0014127986409959495,0.001144013542304261
classification,200,64,bonferroni,exhaustive,0.05,0.05,0.17724,0.06133333333333333,,centred_highrep,0.01179453263168999,0.019712831450351687
classification,200,64,bonferroni,exhaustive,0.1,0.05,0.61896,0.06133333333333333,,centred_highrep,0.01542400726140908,0.02200034165451822
classification,200,64,bonferroni,exhaustive,0.2,0.05,1.0,0.06133333333333333,,centred_highrep,0.0,7.837075544255352e-06
classification,200,64,maxt,exhaustive,0.05,0.05,0.17590909090909093,0.30933333333333335,,centred_highrep,0.01150439046625244,0.019712831450351687
classification,200,64,maxt,exhaustive,0.1,0.05,0.6093454545454545,0.30933333333333335,,centred_highrep,0.015597307459943206,0.02200034165451822
classification,200,64,maxt,exhaustive,0.2,0.05,1.0,0.30933333333333335,,centred_highrep,0.0,7.837075544255352e-06
classification,200,256,bonferroni,adaptive,0.05,0.028,0.131,0.028,at largest realized size,centred_highrep,0.010669536072388528,0.021061316888601595
classification,200,256,bonferroni,adaptive,0.1,0.028,0.523,0.028,at largest realized size,centred_highrep,0.01579465099329517,0.03612071525008122
classification,200,256,bonferroni,adaptive,0.2,0.028,0.999,0.028,at largest realized size,centred_highrep,0.0009994998749374613,0.001723343260335628
classification,200,256,maxt,adaptive,0.05,0.028,0.1135,0.314,matched at largest common realized size,centred_highrep,0.008676174272108648,0.021061316888601595
classification,200,256,maxt,adaptive,0.1,0.028,0.483,0.314,matched at largest common realized size,centred_highrep,0.015607690412101338,0.03612071525008122
classification,200,256,maxt,adaptive,0.2,0.028,0.997,0.314,matched at largest common realized size,centred_highrep,0.002230470802319547,0.001723343260335628
classification,200,256,bonferroni,exhaustive,0.05,0.028,0.133,0.028,at largest realized size,centred_highrep,0.010738295954200556,0.022310580399410113
classification,200,256,bonferroni,exhaustive,0.1,0.028,0.522,0.028,at largest realized size,centred_highrep,0.015796075461962062,0.03736576984883667
classification,200,256,bonferroni,exhaustive,0.2,0.028,0.999,0.028,at largest realized size,centred_highrep,0.0009994998749374613,0.0013142887642872399
classification,200,256,maxt,exhaustive,0.05,0.028,0.119,0.31,matched at largest common realized size,centred_highrep,0.009184280047995052,0.022310580399410113
classification,200,256,maxt,exhaustive,0.1,0.028,0.5036,0.31,matched at largest common realized size,centred_highrep,0.015732132722552274,0.03736576984883667
classification,200,256,maxt,exhaustive,0.2,0.028,0.9988,0.31,matched at largest common realized size,centred_highrep,0.0014127986409959495,0.0013142887642872399
regression,100,16,bonferroni,adaptive,0.2,0.05,0.11671428571428573,0.14466666666666667,,centred_highrep,0.009444522221901964,0.013129851506167597
regression,100,16,bonferroni,adaptive,0.4,0.05,0.30842857142857144,0.14466666666666667,,centred_highrep,0.014087973594523805,0.02349419891510846
regression,100,16,bonferroni,adaptive,0.8,0.05,0.8705714285714286,0.14466666666666667,,centred_highrep,0.011037934589405756,0.013447918161662076
regression,100,16,maxt,adaptive,0.2,0.05,0.10845,0.304,,centred_highrep,0.010806248192596726,0.013129851506167597
regression,100,16,maxt,adaptive,0.4,0.05,0.3029,0.304,,centred_highrep,0.015141466243399283,0.02349419891510846
regression,100,16,maxt,adaptive,0.8,0.05,0.86175,0.304,,centred_highrep,0.009854897259738428,0.013447918161662076
regression,100,16,bonferroni,exhaustive,0.2,0.05,0.11842857142857144,0.14466666666666667,,centred_highrep,0.009528850927577786,0.013292814927522134
regression,100,16,bonferroni,exhaustive,0.4,0.05,0.3117142857142857,0.14466666666666667,,centred_highrep,0.014135911714495106,0.027596458688628436
regression,100,16,bonferroni,exhaustive,0.8,0.05,0.8757142857142857,0.14466666666666667,,centred_highrep,0.010839926199010766,0.015284572863348868
regression,100,16,maxt,exhaustive,0.2,0.05,0.11152000000000001,0.2986666666666667,,centred_highrep,0.010839926199010766,0.013292814927522134
regression,100,16,maxt,exhaustive,0.4,0.05,0.30676000000000003,0.2986666666666667,,centred_highrep,0.01518812035770062,0.027596458688628436
regression,100,16,maxt,exhaustive,0.8,0.05,0.87512,0.2986666666666667,,centred_highrep,0.009401914698613255,0.015284572863348868
regression,100,64,bonferroni,adaptive,0.2,0.05,0.11951851851851852,0.08133333333333333,,centred_highrep,0.010599952830083727,0.01626927115042439
regression,100,64,bonferroni,adaptive,0.4,0.05,0.32325925925925925,0.08133333333333333,,centred_highrep,0.015022117027902558,0.030728538494108452
regression,100,64,bonferroni,adaptive,0.8,0.05,0.8965185185185185,0.08133333333333333,,centred_highrep,0.009228434320078352,0.01699756075468799
regression,100,64,maxt,adaptive,0.2,0.05,0.11367391304347828,0.30266666666666664,,centred_highrep,0.010772372069326236,0.01626927115042439
regression,100,64,maxt,adaptive,0.4,0.05,0.32269565217391305,0.30266666666666664,,centred_highrep,0.015267612779999367,0.030728538494108452
regression,100,64,maxt,adaptive,0.8,0.05,0.8825000000000001,0.30266666666666664,,centred_highrep,0.009139803061335619,0.01699756075468799
regression,100,64,bonferroni,exhaustive,0.2,0.05,0.11866666666666667,0.08066666666666666,,centred_highrep,0.010599952830083727,0.01504157004261938
regression,100,64,bonferroni,exhaustive,0.4,0.05,0.321,0.08066666666666666,,centred_highrep,0.015022117027902558,0.02518802654897739
regression,100,64,bonferroni,exhaustive,0.8,0.05,0.8936666666666667,0.08066666666666666,,centred_highrep,0.009272270487857868,0.014534044268528584
regression,100,64,maxt,exhaustive,0.2,0.05,0.1114,0.29733333333333334,,centred_highrep,0.00900438781928011,0.01504157004261938
regression,100,64,maxt,exhaustive,0.4,0.05,0.3096,0.29733333333333334,,centred_highrep,0.014006284303840188,0.02518802654897739
regression,100,64,maxt,exhaustive,0.8,0.05,0.8854,0.29733333333333334,,centred_highrep,0.010669536072388528,0.014534044268528584
regression,100,256,bonferroni,adaptive,0.2,0.05,0.12139130434782609,0.056,,centred_highrep,0.010634848376916336,0.016882557754868095
regression,100,256,bonferroni,adaptive,0.4,0.05,0.32030434782608697,0.056,,centred_highrep,0.014914556647785411,0.029496500098347814
regression,100,256,bonferroni,adaptive,0.8,0.05,0.9075217391304348,0.056,,centred_highrep,0.008912407082264588,0.01772369102975225
regression,100,256,maxt,adaptive,0.2,0.05,0.12116279069767441,0.30666666666666664,,centred_highrep,0.011037934589405754,0.016882557754868095
regression,100,256,maxt,adaptive,0.4,0.05,0.31746511627906976,0.30666666666666664,,centred_highrep,0.01518812035770062,0.029496500098347814
regression,100,256,maxt,adaptive,0.8,0.05,0.8849534883720931,0.30666666666666664,,centred_highrep,0.009004387819280108,0.01772369102975225
regression,100,256,bonferroni,exhaustive,0.2,0.05,0.1222,0.05533333333333333,,centred_highrep,0.010669536072388528,0.01889073084239728
regression,100,256,bonferroni,exhaustive,0.4,0.05,0.3214,0.05533333333333333,,centred_highrep,0.014925649064613574,0.02989809943930703
regression,100,256,bonferroni,exhaustive,0.8,0.05,0.9078,0.05533333333333333,,centred_highrep,0.008912407082264588,0.014125269845069632
regression,100,256,maxt,exhaustive,0.2,0.05,0.1221,0.30333333333333334,,centred_highrep,0.011291589790636216,0.01889073084239728
regression,100,256,maxt,exhaustive,0.4,0.05,0.32475000000000004,0.30333333333333334,,centred_highrep,0.015284501954594399,0.02989809943930703
regression,100,256,maxt,exhaustive,0.8,0.05,0.9032,0.30333333333333334,,centred_highrep,0.008430361795320529,0.014125269845069632
regression,200,16,bonferroni,adaptive,0.2,0.05,0.1376326530612245,0.174,,centred_highrep,0.011197812286335219,0.017139806308285346
regression,200,16,bonferroni,adaptive,0.4,0.05,0.5134693877551021,0.174,,centred_highrep,0.015782902141241326,0.024716674209052658
regression,200,16,bonferroni,adaptive,0.8,0.05,0.9910816326530613,0.174,,centred_highrep,0.0028170906978654425,0.0035846618522245273
regression,200,16,maxt,adaptive,0.2,0.05,0.156125,0.316,,centred_highrep,0.010599952830083727,0.017139806308285346
regression,200,16,maxt,adaptive,0.4,0.05,0.5114027777777778,0.316,,centred_highrep,0.015747221977225064,0.024716674209052658
regression,200,16,maxt,adaptive,0.8,0.05,0.9882916666666667,0.316,,centred_highrep,0.0035820385257559714,0.0035846618522245273
regression,200,16,bonferroni,exhaustive,0.2,0.05,0.13925,0.174,,centred_highrep,0.01126050620531777,0.014097647394052188
regression,200,16,bonferroni,exhaustive,0.4,0.05,0.5165625,0.174,,centred_highrep,0.01577479001445027,0.023572069441728988
regression,200,16,bonferroni,exhaustive,0.8,0.05,0.9910625,0.174,,centred_highrep,0.0028170906978654425,0.003459735897549751
regression,200,16,maxt,exhaustive,0.2,0.05,0.1478611111111111,0.312,,centred_highrep,0.010564847372300274,0.014097647394052188
regression,200,16,maxt,exhaustive,0.4,0.05,0.5216111111111111,0.312,,centred_highrep,0.01580683396509244,0.023572069441728988
regression,200,16,maxt,exhaustive,0.8,0.05,0.9902222222222222,0.312,,centred_highrep,0.0032983329122452166,0.003459735897549751
regression,200,64,bonferroni,adaptive,0.2,0.05,0.16061702127659575,0.102,,centred_highrep,0.011563693181678594,0.016863182427603207
regression,200,64,bonferroni,adaptive,0.4,0.05,0.5489787234042554,0.102,,centred_highrep,0.015744332313566048,0.026334978684777535
regression,200,64,bonferroni,adaptive,0.8,0.05,0.996,0.102,,centred_highrep,0.0019959959919799443,0.0031587632403838484
regression,200,64,maxt,adaptive,0.2,0.05,0.15144927536231884,0.3233333333333333,,centred_highrep,0.010634848376916336,0.016863182427603207
regression,200,64,maxt,adaptive,0.4,0.05,0.5189420289855072,0.3233333333333333,,centred_highrep,0.01580224667571039,0.026334978684777535
regression,200,64,maxt,adaptive,0.8,0.05,0.992159420289855,0.3233333333333333,,centred_highrep,0.0029864694875387575,0.0031587632403838484
regression,200,64,bonferroni,exhaustive,0.2,0.05,0.1627608695652174,0.102,,centred_highrep,0.011651437679531225,0.015913953386032277
regression,200,64,bonferroni,exhaustive,0.4,0.05,0.5504565217391305,0.102,,centred_highrep,0.01573527883451704,0.024388894524440274
regression,200,64,bonferroni,exhaustive,0.8,0.05,0.996,0.102,,centred_highrep,0.0019959959919799443,0.0025606994648272223
regression,200,64,maxt,exhaustive,0.2,0.05,0.15960655737704918,0.312,,centred_highrep,0.010839926199010766,0.015913953386032277
regression,200,64,maxt,exhaustive,0.4,0.05,0.5447377049180328,0.312,,centred_highrep,0.015808826648426505,0.024388894524440274
regression,200,64,maxt,exhaustive,0.8,0.05,0.994655737704918,0.312,,centred_highrep,0.002442130217658347,0.0025606994648272223
regression,200,256,bonferroni,adaptive,0.2,0.05,0.15076190476190476,0.05333333333333334,,centred_highrep,0.011474493452871897,0.016641576077466514
regression,200,256,bonferroni,adaptive,0.4,0.05,0.539952380952381,0.05333333333333334,,centred_highrep,0.01573527883451704,0.024906591683995092
regression,200,256,bonferroni,adaptive,0.8,0.05,0.9945238095238095,0.05333333333333334,,centred_highrep,0.002230470802319547,0.003098927186115975
regression,200,256,maxt,adaptive,0.2,0.05,0.15659154929577465,0.3233333333333333,,centred_highrep,0.010669536072388528,0.016641576077466514
regression,200,256,maxt,adaptive,0.4,0.05,0.5313098591549296,0.3233333333333333,,centred_highrep,0.01581088232832058,0.024906591683995092
regression,200,256,maxt,adaptive,0.8,0.05,0.9919718309859155,0.3233333333333333,,centred_highrep,0.0029864694875387575,0.003098927186115975
regression,200,256,bonferroni,exhaustive,0.2,0.05,0.15,0.05266666666666667,,centred_highrep,0.011414201680362931,0.01631449214959667
regression,200,256,bonferroni,exhaustive,0.4,0.05,0.5426000000000001,0.05266666666666667,,centred_highrep,0.015732132722552274,0.02836720405359365
regression,200,256,bonferroni,exhaustive,0.8,0.05,0.9946,0.05266666666666667,,centred_highrep,0.002230470802319547,0.0030963363992107854
regression,200,256,maxt,exhaustive,0.2,0.05,0.15866101694915255,0.32,,centred_highrep,0.011070275515993266,0.01631449214959667
regression,200,256,maxt,exhaustive,0.4,0.05,0.5463898305084746,0.32,,centred_highrep,0.015797436500901024,0.02836720405359365
regression,200,256,maxt,exhaustive,0.8,0.05,0.9937118644067796,0.32,,centred_highrep,0.002636474919281427,0.0030963363992107854
classification,100,16,bonferroni,adaptive,0.05,0.05,0.08125000000000002,0.106,,offcentre_q85,0.01804161855266872,0.025063192526544202
classification,100,16,bonferroni,adaptive,0.1,0.05,0.15750000000000003,0.106,,offcentre_q85,0.024163505540380516,0.036340980698611955
classification,100,16,bonferroni,adaptive,0.2,0.05,0.65125,0.106,,offcentre_q85,0.03394112549695428,0.04939240620951611
classification,100,16,maxt,adaptive,0.05,0.05,0.08474999999999999,0.31,,offcentre_q85,0.021676600286945368,0.025063192526544202
classification,100,16,maxt,adaptive,0.1,0.05,0.16175,0.31,,offcentre_q85,0.028284271247461905,0.036340980698611955
classification,100,16,maxt,adaptive,0.2,0.05,0.66275,0.31,,offcentre_q85,0.03208582241426889,0.04939240620951611
classification,100,16,bonferroni,exhaustive,0.05,0.05,0.08125000000000002,0.106,,offcentre_q85,0.01804161855266872,0.02175433563929633
classification,100,16,bonferroni,exhaustive,0.1,0.05,0.15750000000000003,0.106,,offcentre_q85,0.024163505540380516,0.03833637927899368
classification,100,16,bonferroni,exhaustive,0.2,0.05,0.6525,0.106,,offcentre_q85,0.03394112549695428,0.043292896515001025
classification,100,16,maxt,exhaustive,0.05,0.05,0.07763157894736843,0.308,,offcentre_q85,0.017432010784760317,0.02175433563929633
classification,100,16,maxt,exhaustive,0.1,0.05,0.1686842105263158,0.308,,offcentre_q85,0.024163505540380516,0.03833637927899368
classification,100,16,maxt,exhaustive,0.2,0.05,0.6610526315789473,0.308,,offcentre_q85,0.03394112549695428,0.043292896515001025
classification,100,64,bonferroni,adaptive,0.05,0.05,0.07,0.05,,offcentre_q85,0.01804161855266872,0.023923799505076036
classification,100,64,bonferroni,adaptive,0.1,0.05,0.16,0.05,,offcentre_q85,0.02592296279363144,0.03750751788228397
classification,100,64,bonferroni,adaptive,0.2,0.05,0.64,0.05,,offcentre_q85,0.03394112549695428,0.04663037746577901
classification,100,64,maxt,adaptive,0.05,0.05,0.08211538461538463,0.344,,offcentre_q85,0.01804161855266872,0.023923799505076036
classification,100,64,maxt,adaptive,0.1,0.05,0.1659615384615385,0.344,,offcentre_q85,0.024163505540380516,0.03750751788228397
classification,100,64,maxt,adaptive,0.2,0.05,0.6415384615384615,0.344,,offcentre_q85,0.03432200460346103,0.04663037746577901
classification,100,64,bonferroni,exhaustive,0.05,0.05,0.075,0.05,,offcentre_q85,0.018624580532189176,0.029090095364569662
classification,100,64,bonferroni,exhaustive,0.1,0.05,0.165,0.05,,offcentre_q85,0.026246428328441186,0.04092734366810072
classification,100,64,bonferroni,exhaustive,0.2,0.05,0.64,0.05,,offcentre_q85,0.03394112549695428,0.04340069211009523
classification,100,64,maxt,exhaustive,0.05,0.05,0.0825,0.318,,offcentre_q85,0.01804161855266872,0.029090095364569662
classification,100,64,maxt,exhaustive,0.1,0.05,0.15613636363636366,0.318,,offcentre_q85,0.02378024390118823,0.04092734366810072
classification,100,64,maxt,exhaustive,0.2,0.05,0.6575,0.318,,offcentre_q85,0.033836001536824645,0.04340069211009523
classification,100,256,bonferroni,adaptive,0.05,0.036,0.06,0.036,at largest realized size,offcentre_q85,0.016792855623746664,0.02527041782298044
classification,100,256,bonferroni,adaptive,0.1,0.036,0.125,0.036,at largest realized size,offcentre_q85,0.023385358667337135,0.037899926423126604
classification,100,256,bonferroni,adaptive,0.2,0.036,0.63,0.036,at largest realized size,offcentre_q85,0.034139420030223126,0.0503582840735744
classification,100,256,maxt,adaptive,0.05,0.036,0.06166666666666667,0.324,matched at largest common realized size,offcentre_q85,0.017432010784760317,0.02527041782298044
classification,100,256,maxt,adaptive,0.1,0.036,0.13,0.324,matched at largest common realized size,offcentre_q85,0.024163505540380516,0.037899926423126604
classification,100,256,maxt,adaptive,0.2,0.036,0.6133333333333333,0.324,matched at largest common realized size,offcentre_q85,0.03432200460346103,0.0503582840735744
classification,100,256,bonferroni,exhaustive,0.05,0.036,0.065,0.036,at largest realized size,offcentre_q85,0.017432010784760317,0.025156085486793905
classification,100,256,bonferroni,exhaustive,0.1,0.036,0.125,0.036,at largest realized size,offcentre_q85,0.023385358667337135,0.04176927404524869
classification,100,256,bonferroni,exhaustive,0.2,0.036,0.635,0.036,at largest realized size,offcentre_q85,0.0340422531569225,0.05018701758702816
classification,100,256,maxt,exhaustive,0.05,0.036,0.056249999999999994,0.31,matched at largest common realized size,offcentre_q85,0.017432010784760317,0.025156085486793905
classification,100,256,maxt,exhaustive,0.1,0.036,0.11875,0.31,matched at largest common realized size,offcentre_q85,0.024163505540380516,0.04176927404524869
classification,100,256,maxt,exhaustive,0.2,0.036,0.63625,0.31,matched at largest common realized size,offcentre_q85,0.033613613313656115,0.05018701758702816
classification,200,16,bonferroni,adaptive,0.05,0.05,0.145,0.1,,offcentre_q85,0.02489728900904675,0.03584297520119232
classification,200,16,bonferroni,adaptive,0.1,0.05,0.34,0.1,,offcentre_q85,0.03349626844888845,0.04522751627144698
classification,200,16,bonferroni,adaptive,0.2,0.05,0.94,0.1,,offcentre_q85,0.01679285562374667,0.024647228143416883
classification,200,16,maxt,adaptive,0.05,0.05,0.13,0.322,,offcentre_q85,0.022124646889837587,0.03584297520119232
classification,200,16,maxt,adaptive,0.1,0.05,0.326,0.322,,offcentre_q85,0.03208582241426889,0.04522751627144698
classification,200,16,maxt,adaptive,0.2,0.05,0.903,0.322,,offcentre_q85,0.022558257911461158,0.024647228143416883
classification,200,16,bonferroni,exhaustive,0.05,0.05,0.145,0.1,,offcentre_q85,0.02489728900904675,0.03314267395999744
classification,200,16,bonferroni,exhaustive,0.1,0.05,0.345,0.1,,offcentre_q85,0.033613613313656115,0.04356092284453822
classification,200,16,bonferroni,exhaustive,0.2,0.05,0.94,0.1,,offcentre_q85,0.01679285562374667,0.022223404423773012
classification,200,16,maxt,exhaustive,0.05,0.05,0.12476190476190477,0.334,,offcentre_q85,0.021213203435596427,0.03314267395999744
classification,200,16,maxt,exhaustive,0.1,0.05,0.33666666666666667,0.334,,offcentre_q85,0.032703210851535665,0.04356092284453822
classification,200,16,maxt,exhaustive,0.2,0.05,0.9283333333333333,0.334,,offcentre_q85,0.019719913792915014,0.022223404423773012
classification,200,64,bonferroni,adaptive,0.05,0.05,0.12576923076923077,0.066,,offcentre_q85,0.024163505540380516,0.035680980777906005
classification,200,64,bonferroni,adaptive,0.1,0.05,0.32461538461538464,0.066,,offcentre_q85,0.0333747659167821,0.044251558695489454
classification,200,64,bonferroni,adaptive,0.2,0.05,0.9342307692307692,0.066,,offcentre_q85,0.01679285562374667,0.024145309805744287
classification,200,64,maxt,adaptive,0.05,0.05,0.1238888888888889,0.332,,offcentre_q85,0.022558257911461158,0.035680980777906005
classification,200,64,maxt,adaptive,0.1,0.05,0.315,0.332,,offcentre_q85,0.03224709289222828,0.044251558695489454
classification,200,64,maxt,adaptive,0.2,0.05,0.9122222222222223,0.332,,offcentre_q85,0.021213203435596423,0.024145309805744287
classification,200,64,bonferroni,exhaustive,0.05,0.05,0.12961538461538463,0.066,,offcentre_q85,0.024535688292770596,0.03225937191734421
classification,200,64,bonferroni,exhaustive,0.1,0.05,0.31961538461538463,0.066,,offcentre_q85,0.0332490601370926,0.04974551760086845
classification,200,64,bonferroni,exhaustive,0.2,0.05,0.9342307692307692,0.066,,offcentre_q85,0.01679285562374667,0.022914381837387195
classification,200,64,maxt,exhaustive,0.05,0.05,0.14,0.322,,offcentre_q85,0.02378024390118823,0.03225937191734421
classification,200,64,maxt,exhaustive,0.1,0.05,0.33,0.322,,offcentre_q85,0.032703210851535665,0.04974551760086845
classification,200,64,maxt,exhaustive,0.2,0.05,0.9450000000000001,0.322,,offcentre_q85,0.01743201078476031,0.022914381837387195
classification,200,256,bonferroni,adaptive,0.05,0.034,0.1,0.034,at largest realized size,offcentre_q85,0.021213203435596427,0.029171429553197323
classification,200,256,bonferroni,adaptive,0.1,0.034,0.295,0.034,at largest realized size,offcentre_q85,0.03224709289222828,0.05050081566714269
classification,200,256,bonferroni,adaptive,0.2,0.034,0.905,0.034,at largest realized size,offcentre_q85,0.02073342711661533,0.03228877720280283
classification,200,256,maxt,adaptive,0.05,0.034,0.09000000000000001,0.334,matched at largest common realized size,offcentre_q85,0.021213203435596427,0.029171429553197323
classification,200,256,maxt,adaptive,0.1,0.034,0.27,0.334,matched at largest common realized size,offcentre_q85,0.032703210851535665,0.05050081566714269
classification,200,256,maxt,adaptive,0.2,0.034,0.875,0.334,matched at largest common realized size,offcentre_q85,0.021676600286945368,0.03228877720280283
classification,200,256,bonferroni,exhaustive,0.05,0.036,0.1,0.036,at largest realized size,offcentre_q85,0.021213203435596427,0.031446843141625776
classification,200,256,bonferroni,exhaustive,0.1,0.036,0.285,0.036,at largest realized size,offcentre_q85,0.03191982142807193,0.054018064295124575
classification,200,256,bonferroni,exhaustive,0.2,0.036,0.91,0.036,at largest realized size,offcentre_q85,0.02023610634484806,0.03466838759392692
classification,200,256,maxt,exhaustive,0.05,0.036,0.09933333333333334,0.314,matched at largest common realized size,offcentre_q85,0.022124646889837587,0.031446843141625776
classification,200,256,maxt,exhaustive,0.1,0.036,0.29433333333333334,0.314,matched at largest common realized size,offcentre_q85,0.03311910324872942,0.054018064295124575
classification,200,256,maxt,exhaustive,0.2,0.036,0.9086666666666667,0.314,matched at largest common realized size,offcentre_q85,0.01804161855266871,0.03466838759392692
classification,500,16,bonferroni,adaptive,0.05,0.05,0.24294117647058822,0.096,,offcentre_q85,0.030199337741083,0.045563717401466364
classification,500,16,bonferroni,adaptive,0.1,0.05,0.7376470588235294,0.096,,offcentre_q85,0.031206970375222264,0.046984244544226915
classification,500,16,bonferroni,adaptive,0.2,0.05,1.0,0.096,,offcentre_q85,0.0,0.0
classification,500,16,maxt,adaptive,0.05,0.05,0.2488888888888889,0.298,,offcentre_q85,0.03139267430468452,0.045563717401466364
classification,500,16,maxt,adaptive,0.1,0.05,0.7155555555555555,0.298,,offcentre_q85,0.031016124838541645,0.046984244544226915
classification,500,16,maxt,adaptive,0.2,0.05,1.0,0.298,,offcentre_q85,0.0,0.0
classification,500,16,bonferroni,exhaustive,0.05,0.05,0.2411111111111111,0.096,,offcentre_q85,0.029981244136960027,0.04196094861694786
classification,500,16,bonferroni,exhaustive,0.1,0.05,0.74,0.096,,offcentre_q85,0.031206970375222264,0.0437638587425509
classification,500,16,bonferroni,exhaustive,0.2,0.05,1.0,0.096,,offcentre_q85,0.0,0.0
classification,500,16,maxt,exhaustive,0.05,0.05,0.25,0.274,,offcentre_q85,0.03139267430468452,0.04196094861694786
classification,500,16,maxt,exhaustive,0.1,0.05,0.72,0.274,,offcentre_q85,0.031016124838541645,0.0437638587425509
classification,500,16,maxt,exhaustive,0.2,0.05,1.0,0.274,,offcentre_q85,0.0,0.0
classification,500,64,bonferroni,adaptive,0.05,0.05,0.265,0.05,,offcentre_q85,0.031206970375222264,0.04836984632432846
classification,500,64,bonferroni,adaptive,0.1,0.05,0.765,0.05,,offcentre_q85,0.029981244136960027,0.04583300765539056
classification,500,64,bonferroni,adaptive,0.2,0.05,1.0,0.05,,offcentre_q85,0.0,0.0
classification,500,64,maxt,adaptive,0.05,0.05,0.27575,0.31,,offcentre_q85,0.03139267430468452,0.04836984632432846
classification,500,64,maxt,adaptive,0.1,0.05,0.76275,0.31,,offcentre_q85,0.030199337741083,0.04583300765539056
classification,500,64,maxt,adaptive,0.2,0.05,1.0,0.31,,offcentre_q85,0.0,0.0
classification,500,64,bonferroni,exhaustive,0.05,0.05,0.27,0.05,,offcentre_q85,0.03139267430468452,0.055688652966571855
classification,500,64,bonferroni,exhaustive,0.1,0.05,0.76,0.05,,offcentre_q85,0.030199337741083,0.042910582714320064
classification,500,64,bonferroni,exhaustive,0.2,0.05,1.0,0.05,,offcentre_q85,0.0,0.0
classification,500,64,maxt,exhaustive,0.05,0.05,0.2736363636363636,0.284,,offcentre_q85,0.03208582241426889,0.055688652966571855
classification,500,64,maxt,exhaustive,0.1,0.05,0.7540909090909091,0.284,,offcentre_q85,0.029981244136960027,0.042910582714320064
classification,500,64,maxt,exhaustive,0.2,0.05,1.0,0.284,,offcentre_q85,0.0,0.0
classification,500,256,bonferroni,adaptive,0.05,0.02,0.195,0.02,at largest realized size,offcentre_q85,0.028015620642777128,0.04909264646018219
classification,500,256,bonferroni,adaptive,0.1,0.02,0.705,0.02,at largest realized size,offcentre_q85,0.03224709289222828,0.05573743696686178
classification,500,256,bonferroni,adaptive,0.2,0.02,1.0,0.02,at largest realized size,offcentre_q85,0.0,0.0
classification,500,256,maxt,adaptive,0.05,0.02,0.21733333333333332,0.312,matched at largest common realized size,offcentre_q85,0.029049526674285075,0.04909264646018219
classification,500,256,maxt,adaptive,0.1,0.02,0.6616666666666667,0.312,matched at largest common realized size,offcentre_q85,0.033613613313656115,0.05573743696686178
classification,500,256,maxt,adaptive,0.2,0.02,1.0,0.312,matched at largest common realized size,offcentre_q85,0.0,0.0
classification,500,256,bonferroni,exhaustive,0.05,0.018,0.195,0.018,at largest realized size,offcentre_q85,0.028015620642777128,0.04936874984226476
classification,500,256,bonferroni,exhaustive,0.1,0.018,0.705,0.018,at largest realized size,offcentre_q85,0.03224709289222828,0.06834602329808274
classification,500,256,bonferroni,exhaustive,0.2,0.018,1.0,0.018,at largest realized size,offcentre_q85,0.0,0.0
classification,500,256,maxt,exhaustive,0.05,0.018,0.181,0.298,matched at largest common realized size,offcentre_q85,0.029049526674285075,0.04936874984226476
classification,500,256,maxt,exhaustive,0.1,0.018,0.6629999999999999,0.298,matched at largest common realized size,offcentre_q85,0.03191982142807193,0.06834602329808274
classification,500,256,maxt,exhaustive,0.2,0.018,1.0,0.298,matched at largest common realized size,offcentre_q85,0.0,0.0
regression,100,16,bonferroni,adaptive,0.2,0.05,0.051739130434782614,0.144,,offcentre_q85,0.012995191418367026,0.023001982481799993
regression,100,16,bonferroni,adaptive,0.4,0.05,0.11782608695652175,0.144,,offcentre_q85,0.020733427116615334,0.034573927502427396
regression,100,16,bonferroni,adaptive,0.8,0.05,0.4984782608695652,0.144,,offcentre_q85,0.03526861210765175,0.05212232191117685
regression,100,16,maxt,adaptive,0.2,0.05,0.046511627906976744,0.29,,offcentre_q85,0.014658615214269049,0.023001982481799993
regression,100,16,maxt,adaptive,0.4,0.05,0.12755813953488374,0.29,,offcentre_q85,0.023385358667337135,0.034573927502427396
regression,100,16,maxt,adaptive,0.8,0.05,0.5377906976744187,0.29,,offcentre_q85,0.03526861210765175,0.05212232191117685
regression,100,16,bonferroni,exhaustive,0.2,0.05,0.0548,0.144,,offcentre_q85,0.012995191418367026,0.020698774997878415
regression,100,16,bonferroni,exhaustive,0.4,0.05,0.1252,0.144,,offcentre_q85,0.021213203435596427,0.032486179471185365
regression,100,16,bonferroni,exhaustive,0.8,0.05,0.5046,0.144,,offcentre_q85,0.03526861210765175,0.05331608354958999
regression,100,16,maxt,exhaustive,0.2,0.05,0.043333333333333335,0.286,,offcentre_q85,0.015411035007422441,0.020698774997878415
regression,100,16,maxt,exhaustive,0.4,0.05,0.12166666666666667,0.286,,offcentre_q85,0.024163505540380516,0.032486179471185365
regression,100,16,maxt,exhaustive,0.8,0.05,0.5305555555555556,0.286,,offcentre_q85,0.03514078826662828,0.05331608354958999
regression,100,64,bonferroni,adaptive,0.2,0.05,0.03769230769230769,0.072,,offcentre_q85,0.013856406460551017,0.02021838647456001
regression,100,64,bonferroni,adaptive,0.4,0.05,0.12346153846153847,0.072,,offcentre_q85,0.024163505540380516,0.0412930749319951
regression,100,64,bonferroni,adaptive,0.8,0.05,0.5265384615384616,0.072,,offcentre_q85,0.035211858797853886,0.05879686572179496
regression,100,64,maxt,adaptive,0.2,0.05,0.03884615384615385,0.288,,offcentre_q85,0.013856406460551017,0.02021838647456001
regression,100,64,maxt,adaptive,0.4,0.05,0.14384615384615385,0.288,,offcentre_q85,0.025248762345905194,0.0412930749319951
regression,100,64,maxt,adaptive,0.8,0.05,0.5488461538461539,0.288,,offcentre_q85,0.035099857549568486,0.05879686572179496
regression,100,64,bonferroni,exhaustive,0.2,0.05,0.03769230769230769,0.072,,offcentre_q85,0.013856406460551017,0.01802492031452821
regression,100,64,bonferroni,exhaustive,0.4,0.05,0.12346153846153847,0.072,,offcentre_q85,0.024163505540380516,0.03534074041445399
regression,100,64,bonferroni,exhaustive,0.8,0.05,0.5265384615384616,0.072,,offcentre_q85,0.035211858797853886,0.05265541303494781
regression,100,64,maxt,exhaustive,0.2,0.05,0.0334375,0.29,,offcentre_q85,0.013856406460551017,0.01802492031452821
regression,100,64,maxt,exhaustive,0.4,0.05,0.12875,0.29,,offcentre_q85,0.02559052559053839,0.03534074041445399
regression,100,64,maxt,exhaustive,0.8,0.05,0.53625,0.29,,offcentre_q85,0.034899856733230296,0.05265541303494781
regression,100,256,bonferroni,adaptive,0.2,0.05,0.037142857142857144,0.054,,offcentre_q85,0.013856406460551017,0.020082997184976845
regression,100,256,bonferroni,adaptive,0.4,0.05,0.13642857142857143,0.054,,offcentre_q85,0.02489728900904675,0.04300219728970735
regression,100,256,bonferroni,adaptive,0.8,0.05,0.5542857142857143,0.054,,offcentre_q85,0.03500714212842859,0.061792788627905895
regression,100,256,maxt,adaptive,0.2,0.05,0.04961538461538462,0.296,,offcentre_q85,0.014658615214269049,0.020082997184976845
regression,100,256,maxt,adaptive,0.4,0.05,0.16064102564102564,0.296,,offcentre_q85,0.02559052559053839,0.04300219728970735
regression,100,256,maxt,adaptive,0.8,0.05,0.5753846153846154,0.296,,offcentre_q85,0.03500714212842859,0.061792788627905895
regression,100,256,bonferroni,exhaustive,0.2,0.05,0.037142857142857144,0.054,,offcentre_q85,0.013856406460551017,0.020541856037995295
regression,100,256,bonferroni,exhaustive,0.4,0.05,0.13857142857142857,0.054,,offcentre_q85,0.025248762345905194,0.0359580128408214
regression,100,256,bonferroni,exhaustive,0.8,0.05,0.5557142857142857,0.054,,offcentre_q85,0.03500714212842859,0.051806219875833885
regression,100,256,maxt,exhaustive,0.2,0.05,0.041875,0.284,,offcentre_q85,0.016120638945153507,0.020541856037995295
regression,100,256,maxt,exhaustive,0.4,0.05,0.1415625,0.284,,offcentre_q85,0.02656124997058685,0.0359580128408214
regression,100,256,maxt,exhaustive,0.8,0.05,0.54625,0.284,,offcentre_q85,0.0347778665245584,0.051806219875833885
regression,200,16,bonferroni,adaptive,0.2,0.05,0.105,0.174,,offcentre_q85,0.021676600286945368,0.028507737340945926
regression,200,16,bonferroni,adaptive,0.4,0.05,0.33,0.174,,offcentre_q85,0.0332490601370926,0.04583931567604553
regression,200,16,bonferroni,adaptive,0.8,0.05,0.82,0.174,,offcentre_q85,0.027166155414412252,0.038733723072877306
regression,200,16,maxt,adaptive,0.2,0.05,0.093,0.318,,offcentre_q85,0.018624580532189176,0.028507737340945926
regression,200,16,maxt,adaptive,0.4,0.05,0.302,0.318,,offcentre_q85,0.03139267430468452,0.04583931567604553
regression,200,16,maxt,adaptive,0.8,0.05,0.8180000000000001,0.318,,offcentre_q85,0.028801041647829335,0.038733723072877306
regression,200,16,bonferroni,exhaustive,0.2,0.05,0.11323529411764706,0.174,,offcentre_q85,0.022124646889837587,0.03626193251101895
regression,200,16,bonferroni,exhaustive,0.4,0.05,0.335,0.174,,offcentre_q85,0.0332490601370926,0.05372891866777025
regression,200,16,bonferroni,exhaustive,0.8,0.05,0.8255882352941176,0.174,,offcentre_q85,0.027166155414412252,0.04297233539720635
regression,200,16,maxt,exhaustive,0.2,0.05,0.09866666666666668,0.32,,offcentre_q85,0.01918332609325088,0.03626193251101895
regression,200,16,maxt,exhaustive,0.4,0.05,0.30433333333333334,0.32,,offcentre_q85,0.031573327350787724,0.05372891866777025
regression,200,16,maxt,exhaustive,0.8,0.05,0.8213333333333334,0.32,,offcentre_q85,0.0282842712474619,0.04297233539720635
regression,200,64,bonferroni,adaptive,0.2,0.05,0.10235294117647059,0.094,,offcentre_q85,0.021213203435596427,0.0260373471244495
regression,200,64,bonferroni,adaptive,0.4,0.05,0.32382352941176473,0.094,,offcentre_q85,0.03298484500494128,0.05041062596773248
regression,200,64,bonferroni,adaptive,0.8,0.05,0.8605882352941177,0.094,,offcentre_q85,0.024535688292770596,0.03431385636259932
regression,200,64,maxt,adaptive,0.2,0.05,0.09473684210526316,0.322,,offcentre_q85,0.01918332609325088,0.0260373471244495
regression,200,64,maxt,adaptive,0.4,0.05,0.30815789473684213,0.322,,offcentre_q85,0.031573327350787724,0.05041062596773248
regression,200,64,maxt,adaptive,0.8,0.05,0.8489473684210527,0.322,,offcentre_q85,0.02686773157525585,0.03431385636259932
regression,200,64,bonferroni,exhaustive,0.2,0.05,0.10250000000000001,0.094,,offcentre_q85,0.021213203435596427,0.028285892123728014
regression,200,64,bonferroni,exhaustive,0.4,0.05,0.32406250000000003,0.094,,offcentre_q85,0.03298484500494128,0.05271138328415092
regression,200,64,bonferroni,exhaustive,0.8,0.05,0.8559375,0.094,,offcentre_q85,0.02489728900904675,0.03640143663872394
regression,200,64,maxt,exhaustive,0.2,0.05,0.09789473684210527,0.316,,offcentre_q85,0.02023610634484806,0.028285892123728014
regression,200,64,maxt,exhaustive,0.4,0.05,0.3142105263157895,0.316,,offcentre_q85,0.0324037034920393,0.05271138328415092
regression,200,64,maxt,exhaustive,0.8,0.05,0.8505263157894737,0.316,,offcentre_q85,0.02559052559053839,0.03640143663872394
regression,200,256,bonferroni,adaptive,0.2,0.048,0.1,0.048,at largest realized size,offcentre_q85,0.021213203435596427,0.02775585753092167
regression,200,256,bonferroni,adaptive,0.4,0.048,0.305,0.048,at largest realized size,offcentre_q85,0.03255572146336186,0.049356201184674826
regression,200,256,bonferroni,adaptive,0.8,0.048,0.855,0.048,at largest realized size,offcentre_q85,0.02489728900904675,0.03690249807845859
regression,200,256,maxt,adaptive,0.2,0.048,0.084375,0.326,matched at largest common realized size,offcentre_q85,0.01918332609325088,0.02775585753092167
regression,200,256,maxt,adaptive,0.4,0.048,0.28500000000000003,0.326,matched at largest common realized size,offcentre_q85,0.03139267430468452,0.049356201184674826
regression,200,256,maxt,adaptive,0.8,0.048,0.8425,0.326,matched at largest common realized size,offcentre_q85,0.02624642832844119,0.03690249807845859
regression,200,256,bonferroni,exhaustive,0.2,0.046,0.1,0.046,at largest realized size,offcentre_q85,0.021213203435596427,0.030642402384868955
regression,200,256,bonferroni,exhaustive,0.4,0.046,0.3,0.046,at largest realized size,offcentre_q85,0.0324037034920393,0.047795966597514485
regression,200,256,bonferroni,exhaustive,0.8,0.046,0.855,0.046,at largest realized size,offcentre_q85,0.02489728900904675,0.03649142343816334
regression,200,256,maxt,exhaustive,0.2,0.046,0.10130434782608697,0.322,matched at largest common realized size,offcentre_q85,0.021213203435596427,0.030642402384868955
regression,200,256,maxt,exhaustive,0.4,0.046,0.29978260869565215,0.322,matched at largest common realized size,offcentre_q85,0.03224709289222828,0.047795966597514485
regression,200,256,maxt,exhaustive,0.8,0.046,0.8426086956521739,0.322,matched at largest common realized size,offcentre_q85,0.025922962793631443,0.03649142343816334
regression,500,16,bonferroni,adaptive,0.2,0.05,0.1780952380952381,0.16,,offcentre_q85,0.02592296279363144,0.043022767654736484
regression,500,16,bonferroni,adaptive,0.4,0.05,0.6069047619047618,0.16,,offcentre_q85,0.03484070894801081,0.05686658911708329
regression,500,16,bonferroni,adaptive,0.8,0.05,0.9909523809523809,0.16,,offcentre_q85,0.007035623639735147,0.008449884350115261
regression,500,16,maxt,adaptive,0.2,0.05,0.17210526315789473,0.31,,offcentre_q85,0.028801041647829335,0.043022767654736484
regression,500,16,maxt,adaptive,0.4,0.05,0.5678947368421052,0.31,,offcentre_q85,0.03432200460346103,0.05686658911708329
regression,500,16,maxt,adaptive,0.8,0.05,0.99,0.31,,offcentre_q85,0.007035623639735147,0.008449884350115261
regression,500,16,bonferroni,exhaustive,0.2,0.05,0.1735714285714286,0.16,,offcentre_q85,0.02592296279363144,0.04357822464215843
regression,500,16,bonferroni,exhaustive,0.4,0.05,0.6014285714285714,0.16,,offcentre_q85,0.03484070894801081,0.0536867214292462
regression,500,16,bonferroni,exhaustive,0.8,0.05,0.9907142857142857,0.16,,offcentre_q85,0.007035623639735147,0.008702731799599756
regression,500,16,maxt,exhaustive,0.2,0.05,0.1628125,0.308,,offcentre_q85,0.028284271247461905,0.04357822464215843
regression,500,16,maxt,exhaustive,0.4,0.05,0.5940625,0.308,,offcentre_q85,0.03394112549695428,0.0536867214292462
regression,500,16,maxt,exhaustive,0.8,0.05,0.99,0.308,,offcentre_q85,0.007035623639735147,0.008702731799599756
regression,500,64,bonferroni,adaptive,0.2,0.05,0.189,0.084,,offcentre_q85,0.026246428328441186,0.041363886739158036
regression,500,64,bonferroni,adaptive,0.4,0.05,0.646,0.084,,offcentre_q85,0.03448912872196107,0.05782883932664931
regression,500,64,bonferroni,adaptive,0.8,0.05,0.995,0.084,,offcentre_q85,0.004987484335815003,0.007035819435177859
regression,500,64,maxt,adaptive,0.2,0.05,0.17,0.29,,offcentre_q85,0.024535688292770596,0.041363886739158036
regression,500,64,maxt,adaptive,0.4,0.05,0.5950000000000001,0.29,,offcentre_q85,0.035211858797853886,0.05782883932664931
regression,500,64,maxt,adaptive,0.8,0.05,0.99,0.29,,offcentre_q85,0.007035623639735147,0.007035819435177859
regression,500,64,bonferroni,exhaustive,0.2,0.05,0.18944444444444444,0.086,,offcentre_q85,0.026246428328441186,0.04572354128392046
regression,500,64,bonferroni,exhaustive,0.4,0.05,0.65,0.086,,offcentre_q85,0.03448912872196107,0.059486311563420234
regression,500,64,bonferroni,exhaustive,0.8,0.05,0.995,0.086,,offcentre_q85,0.004987484335815003,0.006551290116010302
regression,500,64,maxt,exhaustive,0.2,0.05,0.18700000000000003,0.292,,offcentre_q85,0.028284271247461905,0.04572354128392046
regression,500,64,maxt,exhaustive,0.4,0.05,0.651,0.292,,offcentre_q85,0.0332490601370926,0.059486311563420234
regression,500,64,maxt,exhaustive,0.8,0.05,0.994,0.292,,offcentre_q85,0.004987484335815003,0.006551290116010302
regression,500,256,bonferroni,adaptive,0.2,0.042,0.165,0.042,at largest realized size,offcentre_q85,0.026246428328441186,0.043725214699142756
regression,500,256,bonferroni,adaptive,0.4,0.042,0.61,0.042,at largest realized size,offcentre_q85,0.03448912872196107,0.0516401822867819
regression,500,256,bonferroni,adaptive,0.8,0.042,0.995,0.042,at largest realized size,offcentre_q85,0.004987484335815003,0.006861416197936253
regression,500,256,maxt,adaptive,0.2,0.042,0.15447368421052632,0.296,matched at largest common realized size,offcentre_q85,0.023385358667337135,0.043725214699142756
regression,500,256,maxt,adaptive,0.4,0.042,0.5936842105263158,0.296,matched at largest common realized size,offcentre_q85,0.035099857549568486,0.0516401822867819
regression,500,256,maxt,adaptive,0.8,0.042,0.99,0.296,matched at largest common realized size,offcentre_q85,0.007035623639735147,0.006861416197936253
regression,500,256,bonferroni,exhaustive,0.2,0.042,0.17,0.042,at largest realized size,offcentre_q85,0.02656124997058685,0.04734627945642464
regression,500,256,bonferroni,exhaustive,0.4,0.042,0.615,0.042,at largest realized size,offcentre_q85,0.034407484650872115,0.05874838571599688
regression,500,256,bonferroni,exhaustive,0.8,0.042,0.995,0.042,at largest realized size,offcentre_q85,0.004987484335815003,0.0077962781111295095
regression,500,256,maxt,exhaustive,0.2,0.042,0.16041666666666668,0.286,matched at largest common realized size,offcentre_q85,0.023385358667337135,0.04734627945642464
regression,500,256,maxt,exhaustive,0.4,0.042,0.6275000000000001,0.286,matched at largest common realized size,offcentre_q85,0.0347778665245584,0.05874838571599688
regression,500,256,maxt,exhaustive,0.8,0.042,0.9920833333333333,0.286,matched at largest common realized size,offcentre_q85,0.007035623639735147,0.0077962781111295095
