task,downstream_model,k,focus_method,baseline,support_type,n_datasets,mean_delta,median_delta,wins,losses,ties,win_share,nonloss_share
classification,knn,5,cif,boruta,pairwise_available_standard_k,23,0.09697829095616846,0.09842329421990442,16,7,0,0.6956521739130435,0.6956521739130435
classification,knn,5,cif,cat,pairwise_available_standard_k,23,-0.008864680956832726,0.003030303030302939,13,9,1,0.5652173913043478,0.6086956521739131
classification,knn,5,cif,cit,pairwise_available_standard_k,23,0.006655768823853907,0.012193889064076813,15,8,0,0.6521739130434783,0.6521739130434783
classification,knn,5,cif,cpi,pairwise_available_standard_k,23,0.13003343175798618,0.07133333333333336,21,2,0,0.9130434782608695,0.9130434782608695
classification,knn,5,cif,et,pairwise_available_standard_k,23,0.0075623745188644655,0.007070707070707005,18,5,0,0.782608695652174,0.782608695652174
classification,knn,5,cif,lgbm,pairwise_available_standard_k,23,-0.013002161285134643,0.0,11,11,1,0.4782608695652174,0.5217391304347826
classification,knn,5,cif,pi,pairwise_available_standard_k,23,0.07503268117322608,0.04813131313131325,17,6,0,0.7391304347826086,0.7391304347826086
classification,knn,5,cif,ptest_mc,pairwise_available_standard_k,23,0.06053570711677099,0.03600000000000003,19,3,1,0.8260869565217391,0.8695652173913043
classification,knn,5,cif,ptest_rdc,pairwise_available_standard_k,23,0.08722060239054906,0.04448484848484857,20,3,0,0.8695652173913043,0.8695652173913043
classification,knn,5,cif,r_cforest,pairwise_available_standard_k,22,0.08607020240397611,0.029899999999999927,19,3,0,0.8636363636363636,0.8636363636363636
classification,knn,5,cif,r_ctree,pairwise_available_standard_k,22,0.10647359960677148,0.08639254029985421,19,3,0,0.8636363636363636,0.8636363636363636
classification,knn,5,cif,rf,pairwise_available_standard_k,23,-0.01213268111756224,0.0007374509708801824,13,9,1,0.5652173913043478,0.6086956521739131
classification,knn,5,cif,rfe,pairwise_available_standard_k,23,-0.009084464198442155,-0.00060606060606061,11,12,0,0.4782608695652174,0.4782608695652174
classification,knn,5,cif,xgb,pairwise_available_standard_k,23,-0.018452148355252836,0.0,10,10,3,0.43478260869565216,0.5652173913043478
classification,knn,10,cif,boruta,pairwise_available_standard_k,22,0.0502404267985475,0.02684780320402841,13,6,3,0.5909090909090909,0.7272727272727273
classification,knn,10,cif,cat,pairwise_available_standard_k,22,-0.008576212883344252,-0.002999999999999947,8,11,3,0.36363636363636365,0.5
classification,knn,10,cif,cit,pairwise_available_standard_k,22,0.02693782776185395,0.008000000000000063,16,3,3,0.7272727272727273,0.8636363636363636
classification,knn,10,cif,cpi,pairwise_available_standard_k,22,0.15447722413154372,0.13349806408280981,17,2,3,0.7727272727272727,0.9090909090909091
classification,knn,10,cif,et,pairwise_available_standard_k,22,0.0022339202710547927,-0.0009576719576719905,8,11,3,0.36363636363636365,0.5
classification,knn,10,cif,lgbm,pairwise_available_standard_k,22,-0.02455034618581797,-0.0167979797979797,5,14,3,0.22727272727272727,0.36363636363636365
classification,knn,10,cif,pi,pairwise_available_standard_k,22,0.08824983736290286,0.06661111111111107,16,3,3,0.7272727272727273,0.8636363636363636
classification,knn,10,cif,ptest_mc,pairwise_available_standard_k,22,0.04031037119966876,0.010270840000494441,14,5,3,0.6363636363636364,0.7727272727272727
classification,knn,10,cif,ptest_rdc,pairwise_available_standard_k,22,0.08620797861539364,0.01385490652858995,15,4,3,0.6818181818181818,0.8181818181818182
classification,knn,10,cif,r_cforest,pairwise_available_standard_k,21,0.08900157867217733,0.03400000000000014,14,4,3,0.6666666666666666,0.8095238095238095
classification,knn,10,cif,r_ctree,pairwise_available_standard_k,21,0.07453955957466572,0.032500000000000084,16,2,3,0.7619047619047619,0.9047619047619048
classification,knn,10,cif,rf,pairwise_available_standard_k,22,-0.009270863673711993,-0.00024161708185305164,8,11,3,0.36363636363636365,0.5
classification,knn,10,cif,rfe,pairwise_available_standard_k,22,0.0054094695304486295,0.0,10,9,3,0.45454545454545453,0.5909090909090909
classification,knn,10,cif,xgb,pairwise_available_standard_k,22,-0.016922597848489308,-0.01448030303030301,6,13,3,0.2727272727272727,0.4090909090909091
classification,knn,25,cif,boruta,pairwise_available_standard_k,16,0.03653976935462333,0.013742700153901832,9,7,0,0.5625,0.5625
classification,knn,25,cif,cat,pairwise_available_standard_k,16,-0.0023064095686990554,-0.007841752451828277,4,12,0,0.25,0.25
classification,knn,25,cif,cit,pairwise_available_standard_k,16,0.058337348065501435,0.04186507936507938,14,2,0,0.875,0.875
classification,knn,25,cif,cpi,pairwise_available_standard_k,16,0.186634396803259,0.19474444444444444,16,0,0,1.0,1.0
classification,knn,25,cif,et,pairwise_available_standard_k,16,0.005634422597661108,0.0040673146948328465,10,6,0,0.625,0.625
classification,knn,25,cif,lgbm,pairwise_available_standard_k,16,-0.012893194912607188,-0.010999999999999954,5,11,0,0.3125,0.3125
classification,knn,25,cif,pi,pairwise_available_standard_k,16,0.09549407804597153,0.07569024337244673,15,1,0,0.9375,0.9375
classification,knn,25,cif,ptest_mc,pairwise_available_standard_k,16,0.04930193017769754,0.030399999999999983,13,3,0,0.8125,0.8125
classification,knn,25,cif,ptest_rdc,pairwise_available_standard_k,16,0.09915903769255088,0.06284343434343442,13,3,0,0.8125,0.8125
classification,knn,25,cif,r_cforest,pairwise_available_standard_k,15,0.11470508214562782,0.10711111111111116,12,3,0,0.8,0.8
classification,knn,25,cif,r_ctree,pairwise_available_standard_k,15,0.11856787556354131,0.062000000000000055,15,0,0,1.0,1.0
classification,knn,25,cif,rf,pairwise_available_standard_k,16,-0.007541628049501356,-0.003975252525252548,6,10,0,0.375,0.375
classification,knn,25,cif,rfe,pairwise_available_standard_k,16,0.01829119021194201,0.007541232269403897,9,7,0,0.5625,0.5625
classification,knn,25,cif,xgb,pairwise_available_standard_k,16,-0.009288094977706017,-0.0016666666666667052,7,8,1,0.4375,0.5
classification,knn,50,cif,boruta,pairwise_available_standard_k,16,0.02567624357507324,0.010420921782329617,9,7,0,0.5625,0.5625
classification,knn,50,cif,cat,pairwise_available_standard_k,16,0.0047778539286846555,-0.0026000000000000467,7,9,0,0.4375,0.4375
classification,knn,50,cif,cit,pairwise_available_standard_k,16,0.07857625304290587,0.06498333333333328,13,3,0,0.8125,0.8125
classification,knn,50,cif,cpi,pairwise_available_standard_k,16,0.16884640669599008,0.16467063492063483,16,0,0,1.0,1.0
classification,knn,50,cif,et,pairwise_available_standard_k,16,0.005922119017973522,0.003946127946127975,11,5,0,0.6875,0.6875
classification,knn,50,cif,lgbm,pairwise_available_standard_k,16,0.001387700771512887,0.001224543216084395,9,7,0,0.5625,0.5625
classification,knn,50,cif,pi,pairwise_available_standard_k,16,0.09865324687315867,0.08050000000000002,15,1,0,0.9375,0.9375
classification,knn,50,cif,ptest_mc,pairwise_available_standard_k,16,0.04258099445923559,0.03288888888888897,14,2,0,0.875,0.875
classification,knn,50,cif,ptest_rdc,pairwise_available_standard_k,16,0.07623972663532043,0.07358838383838384,13,3,0,0.8125,0.8125
classification,knn,50,cif,r_cforest,pairwise_available_standard_k,15,0.10730977559544094,0.0848888888888889,13,2,0,0.8666666666666667,0.8666666666666667
classification,knn,50,cif,r_ctree,pairwise_available_standard_k,15,0.12833812463130562,0.1399999999999999,13,2,0,0.8666666666666667,0.8666666666666667
classification,knn,50,cif,rf,pairwise_available_standard_k,16,0.0013182711012369383,0.0014175084175084285,10,6,0,0.625,0.625
classification,knn,50,cif,rfe,pairwise_available_standard_k,16,0.023629148329836522,0.014992063492063445,13,3,0,0.8125,0.8125
classification,knn,50,cif,xgb,pairwise_available_standard_k,16,0.006269725083316073,0.0007883545756484645,8,8,0,0.5,0.5
classification,knn,100,cif,boruta,pairwise_available_standard_k,15,0.017979152484942633,0.00666666666666671,9,5,1,0.6,0.6666666666666666
classification,knn,100,cif,cat,pairwise_available_standard_k,15,0.013773185616741339,0.0012000000000000899,9,5,1,0.6,0.6666666666666666
classification,knn,100,cif,cit,pairwise_available_standard_k,15,0.09192058135902853,0.07583333333333331,14,1,0,0.9333333333333333,0.9333333333333333
classification,knn,100,cif,cpi,pairwise_available_standard_k,15,0.14437642149500451,0.1221000000000001,15,0,0,1.0,1.0
classification,knn,100,cif,et,pairwise_available_standard_k,15,0.006925284362928549,0.007600000000000051,11,4,0,0.7333333333333333,0.7333333333333333
classification,knn,100,cif,lgbm,pairwise_available_standard_k,15,0.008520628309439863,0.008299999999999974,8,7,0,0.5333333333333333,0.5333333333333333
classification,knn,100,cif,pi,pairwise_available_standard_k,15,0.08825842081046527,0.0655,14,1,0,0.9333333333333333,0.9333333333333333
classification,knn,100,cif,ptest_mc,pairwise_available_standard_k,15,0.030669949936209914,0.03400000000000003,12,3,0,0.8,0.8
classification,knn,100,cif,ptest_rdc,pairwise_available_standard_k,15,0.05570314514717425,0.047753585397653175,14,1,0,0.9333333333333333,0.9333333333333333
classification,knn,100,cif,r_cforest,pairwise_available_standard_k,14,0.10305788435437445,0.06342857142857133,13,1,0,0.9285714285714286,0.9285714285714286
classification,knn,100,cif,r_ctree,pairwise_available_standard_k,14,0.1287398844244466,0.1342944444444445,12,2,0,0.8571428571428571,0.8571428571428571
classification,knn,100,cif,rf,pairwise_available_standard_k,15,0.00439965037688607,0.005333333333333301,12,3,0,0.8,0.8
classification,knn,100,cif,rfe,pairwise_available_standard_k,15,0.025962762793481295,0.007500000000000062,12,3,0,0.8,0.8
classification,knn,100,cif,xgb,pairwise_available_standard_k,15,0.018446900808445733,0.001000000000000112,9,6,0,0.6,0.6
classification,lr,5,cif,boruta,pairwise_available_standard_k,23,0.07835748899022446,0.09741773867412473,16,7,0,0.6956521739130435,0.6956521739130435
classification,lr,5,cif,cat,pairwise_available_standard_k,23,-0.009948512887102854,-0.002000000000000113,9,13,1,0.391304347826087,0.43478260869565216
classification,lr,5,cif,cit,pairwise_available_standard_k,23,0.01025161679361153,0.00881767940563738,14,9,0,0.6086956521739131,0.6086956521739131
classification,lr,5,cif,cpi,pairwise_available_standard_k,23,0.12111279186265998,0.05110691003911341,20,3,0,0.8695652173913043,0.8695652173913043
classification,lr,5,cif,et,pairwise_available_standard_k,23,1.9460963483732538e-05,0.000799591856833648,13,10,0,0.5652173913043478,0.5652173913043478
classification,lr,5,cif,lgbm,pairwise_available_standard_k,23,-0.017435276172644683,-0.007347627474007856,9,13,1,0.391304347826087,0.43478260869565216
classification,lr,5,cif,pi,pairwise_available_standard_k,23,0.0678909809485448,0.02839999999999998,18,5,0,0.782608695652174,0.782608695652174
classification,lr,5,cif,ptest_mc,pairwise_available_standard_k,23,0.0456333619775885,0.009599999999999942,17,6,0,0.7391304347826086,0.7391304347826086
classification,lr,5,cif,ptest_rdc,pairwise_available_standard_k,23,0.07103744955333849,0.02721307768205039,18,5,0,0.782608695652174,0.782608695652174
classification,lr,5,cif,r_cforest,pairwise_available_standard_k,22,0.06431124492443491,0.019966549611477757,14,8,0,0.6363636363636364,0.6363636363636364
classification,lr,5,cif,r_ctree,pairwise_available_standard_k,22,0.08696470180413789,0.07163192363121537,19,3,0,0.8636363636363636,0.8636363636363636
classification,lr,5,cif,rf,pairwise_available_standard_k,23,-0.011978887333954795,-0.010707070707070665,5,17,1,0.21739130434782608,0.2608695652173913
classification,lr,5,cif,rfe,pairwise_available_standard_k,23,-0.01713422563418291,-0.0018181818181817189,9,14,0,0.391304347826087,0.391304347826087
classification,lr,5,cif,xgb,pairwise_available_standard_k,23,-0.021031913538969157,-0.008193075083684609,10,12,1,0.43478260869565216,0.4782608695652174
classification,lr,10,cif,boruta,pairwise_available_standard_k,22,0.059243223294901816,0.029081770081770042,12,8,2,0.5454545454545454,0.6363636363636364
classification,lr,10,cif,cat,pairwise_available_standard_k,22,-0.015573362610212405,-0.0035499999999999976,6,13,3,0.2727272727272727,0.4090909090909091
classification,lr,10,cif,cit,pairwise_available_standard_k,22,0.007555465342155302,0.0014300082685650417,11,8,3,0.5,0.6363636363636364
classification,lr,10,cif,cpi,pairwise_available_standard_k,22,0.16506379011175437,0.09254040404040403,17,3,2,0.7727272727272727,0.8636363636363636
classification,lr,10,cif,et,pairwise_available_standard_k,22,0.00626428054966437,0.0,10,10,2,0.45454545454545453,0.5454545454545454
classification,lr,10,cif,lgbm,pairwise_available_standard_k,22,-0.03276105403752591,-0.014083333333333337,3,16,3,0.13636363636363635,0.2727272727272727
classification,lr,10,cif,pi,pairwise_available_standard_k,22,0.0877265580048116,0.044411507936507943,17,3,2,0.7727272727272727,0.8636363636363636
classification,lr,10,cif,ptest_mc,pairwise_available_standard_k,22,0.05262708155574949,0.02196883963494134,15,5,2,0.6818181818181818,0.7727272727272727
classification,lr,10,cif,ptest_rdc,pairwise_available_standard_k,22,0.07978678633071379,0.03617015916994448,16,4,2,0.7272727272727273,0.8181818181818182
classification,lr,10,cif,r_cforest,pairwise_available_standard_k,21,0.06968333395651738,0.016966548163393047,15,4,2,0.7142857142857143,0.8095238095238095
classification,lr,10,cif,r_ctree,pairwise_available_standard_k,21,0.05697884286452158,0.006237373737373764,13,6,2,0.6190476190476191,0.7142857142857143
classification,lr,10,cif,rf,pairwise_available_standard_k,22,-0.008842246269320075,-4.069175991827656e-06,8,11,3,0.36363636363636365,0.5
classification,lr,10,cif,rfe,pairwise_available_standard_k,22,-0.007562437954608587,0.0,9,10,3,0.4090909090909091,0.5454545454545454
classification,lr,10,cif,xgb,pairwise_available_standard_k,22,-0.028200167660818818,-0.012933333333333352,4,15,3,0.18181818181818182,0.3181818181818182
classification,lr,25,cif,boruta,pairwise_available_standard_k,16,0.049393900263172544,0.020000000000000073,11,5,0,0.6875,0.6875
classification,lr,25,cif,cat,pairwise_available_standard_k,16,-0.011095934280811993,-0.007993263798348582,7,9,0,0.4375,0.4375
classification,lr,25,cif,cit,pairwise_available_standard_k,16,0.027943905017972295,0.02291666666666664,13,3,0,0.8125,0.8125
classification,lr,25,cif,cpi,pairwise_available_standard_k,16,0.20647564752400155,0.18297023809523816,16,0,0,1.0,1.0
classification,lr,25,cif,et,pairwise_available_standard_k,16,0.01413905434179874,0.0032233830963039334,9,6,1,0.5625,0.625
classification,lr,25,cif,lgbm,pairwise_available_standard_k,16,-0.019962919815505895,-0.0192666666666666,3,13,0,0.1875,0.1875
classification,lr,25,cif,pi,pairwise_available_standard_k,16,0.10173725925631585,0.06398483268144284,16,0,0,1.0,1.0
classification,lr,25,cif,ptest_mc,pairwise_available_standard_k,16,0.06291167891980001,0.028019047619047555,14,2,0,0.875,0.875
classification,lr,25,cif,ptest_rdc,pairwise_available_standard_k,16,0.09547976051732977,0.04612349898371099,13,3,0,0.8125,0.8125
classification,lr,25,cif,r_cforest,pairwise_available_standard_k,15,0.09448819729561168,0.07085521885521884,13,2,0,0.8666666666666667,0.8666666666666667
classification,lr,25,cif,r_ctree,pairwise_available_standard_k,15,0.08895684238434784,0.06757476463813672,14,1,0,0.9333333333333333,0.9333333333333333
classification,lr,25,cif,rf,pairwise_available_standard_k,16,-0.004480075196196184,-0.0013123015873015564,8,8,0,0.5,0.5
classification,lr,25,cif,rfe,pairwise_available_standard_k,16,0.012563522837202051,0.006522222222222374,10,5,1,0.625,0.6875
classification,lr,25,cif,xgb,pairwise_available_standard_k,16,-0.019095603609534162,-0.011633333333333384,4,12,0,0.25,0.25
classification,lr,50,cif,boruta,pairwise_available_standard_k,16,0.030004439638532096,0.007199999999999984,10,6,0,0.625,0.625
classification,lr,50,cif,cat,pairwise_available_standard_k,16,-0.007936188974453189,-0.006845454545454599,4,12,0,0.25,0.25
classification,lr,50,cif,cit,pairwise_available_standard_k,16,0.04525129858391081,0.030795935545935516,14,2,0,0.875,0.875
classification,lr,50,cif,cpi,pairwise_available_standard_k,16,0.1557127116414804,0.09039682539682542,16,0,0,1.0,1.0
classification,lr,50,cif,et,pairwise_available_standard_k,16,0.0051028968262386495,0.0009999999999999454,8,7,1,0.5,0.5625
classification,lr,50,cif,lgbm,pairwise_available_standard_k,16,-0.008116474994197015,-0.006414646464646512,6,10,0,0.375,0.375
classification,lr,50,cif,pi,pairwise_available_standard_k,16,0.07664513926057936,0.04858333333333337,15,1,0,0.9375,0.9375
classification,lr,50,cif,ptest_mc,pairwise_available_standard_k,16,0.04208512953307839,0.019847864360969192,14,2,0,0.875,0.875
classification,lr,50,cif,ptest_rdc,pairwise_available_standard_k,16,0.061428045595463485,0.0317441077441078,15,1,0,0.9375,0.9375
classification,lr,50,cif,r_cforest,pairwise_available_standard_k,15,0.07533061876248863,0.059717171717171724,13,2,0,0.8666666666666667,0.8666666666666667
classification,lr,50,cif,r_ctree,pairwise_available_standard_k,15,0.08237552560554325,0.06480808080808076,14,1,0,0.9333333333333333,0.9333333333333333
classification,lr,50,cif,rf,pairwise_available_standard_k,16,0.003806181673983597,0.0045499999999999985,9,7,0,0.5625,0.5625
classification,lr,50,cif,rfe,pairwise_available_standard_k,16,0.019665403761420522,0.008413378185455456,11,5,0,0.6875,0.6875
classification,lr,50,cif,xgb,pairwise_available_standard_k,16,-0.006957445290928163,-0.005133333333333268,6,10,0,0.375,0.375
classification,lr,100,cif,boruta,pairwise_available_standard_k,15,0.019032392594419852,0.0087666666666667,12,3,0,0.8,0.8
classification,lr,100,cif,cat,pairwise_available_standard_k,15,-0.00307616120123515,-0.0024404761904762706,5,10,0,0.3333333333333333,0.3333333333333333
classification,lr,100,cif,cit,pairwise_available_standard_k,15,0.05903440932882431,0.04830000000000001,12,3,0,0.8,0.8
classification,lr,100,cif,cpi,pairwise_available_standard_k,15,0.1154116317973079,0.09904040404040393,14,1,0,0.9333333333333333,0.9333333333333333
classification,lr,100,cif,et,pairwise_available_standard_k,15,0.007903711099366762,0.0028000000000000247,11,3,1,0.7333333333333333,0.8
classification,lr,100,cif,lgbm,pairwise_available_standard_k,15,-0.0008522156584755081,-0.0020000000000000018,6,9,0,0.4,0.4
classification,lr,100,cif,pi,pairwise_available_standard_k,15,0.06326064879541196,0.03049999999999997,14,1,0,0.9333333333333333,0.9333333333333333
classification,lr,100,cif,ptest_mc,pairwise_available_standard_k,15,0.033993753868767,0.018400000000000083,13,2,0,0.8666666666666667,0.8666666666666667
classification,lr,100,cif,ptest_rdc,pairwise_available_standard_k,15,0.0421221710169296,0.052000000000000046,14,1,0,0.9333333333333333,0.9333333333333333
classification,lr,100,cif,r_cforest,pairwise_available_standard_k,14,0.06267538689905724,0.0640075757575756,13,1,0,0.9285714285714286,0.9285714285714286
classification,lr,100,cif,r_ctree,pairwise_available_standard_k,14,0.07968672324017789,0.0712355699855699,13,1,0,0.9285714285714286,0.9285714285714286
classification,lr,100,cif,rf,pairwise_available_standard_k,15,0.005868847800872253,0.0048000000000000265,10,5,0,0.6666666666666666,0.6666666666666666
classification,lr,100,cif,rfe,pairwise_available_standard_k,15,0.025688435261837374,0.005499999999999949,9,6,0,0.6,0.6
classification,lr,100,cif,xgb,pairwise_available_standard_k,15,0.002271670726886499,-0.0020000000000000018,7,8,0,0.4666666666666667,0.4666666666666667
classification,svm,5,cif,boruta,pairwise_available_standard_k,23,0.0919320932219238,0.06242460317460319,17,6,0,0.7391304347826086,0.7391304347826086
classification,svm,5,cif,cat,pairwise_available_standard_k,23,-0.007165303158479594,0.0,11,11,1,0.4782608695652174,0.5217391304347826
classification,svm,5,cif,cit,pairwise_available_standard_k,23,0.006411819553368385,0.009500000000000064,15,8,0,0.6521739130434783,0.6521739130434783
classification,svm,5,cif,cpi,pairwise_available_standard_k,23,0.12932540538441953,0.05400000000000016,22,1,0,0.9565217391304348,0.9565217391304348
classification,svm,5,cif,et,pairwise_available_standard_k,23,0.008609884307603252,0.007179487179487187,17,6,0,0.7391304347826086,0.7391304347826086
classification,svm,5,cif,lgbm,pairwise_available_standard_k,23,-0.012654086373233115,-0.007373737373737477,9,13,1,0.391304347826087,0.43478260869565216
classification,svm,5,cif,pi,pairwise_available_standard_k,23,0.07087704353842382,0.03759999999999997,19,4,0,0.8260869565217391,0.8260869565217391
classification,svm,5,cif,ptest_mc,pairwise_available_standard_k,23,0.05499415691069288,0.020298267608033438,18,4,1,0.782608695652174,0.8260869565217391
classification,svm,5,cif,ptest_rdc,pairwise_available_standard_k,23,0.08658329939537604,0.05179999999999996,20,3,0,0.8695652173913043,0.8695652173913043
classification,svm,5,cif,r_cforest,pairwise_available_standard_k,22,0.08745432434651706,0.040560562334847894,19,3,0,0.8636363636363636,0.8636363636363636
classification,svm,5,cif,r_ctree,pairwise_available_standard_k,22,0.09870614962152154,0.09633662546607868,18,4,0,0.8181818181818182,0.8181818181818182
classification,svm,5,cif,rf,pairwise_available_standard_k,23,-0.00411668782964062,0.001339626068711075,12,10,1,0.5217391304347826,0.5652173913043478
classification,svm,5,cif,rfe,pairwise_available_standard_k,23,-0.009131113977236033,0.0009523809523810378,12,11,0,0.5217391304347826,0.5217391304347826
classification,svm,5,cif,xgb,pairwise_available_standard_k,23,-0.016514373225293585,-0.01364682539682549,8,14,1,0.34782608695652173,0.391304347826087
classification,svm,10,cif,boruta,pairwise_available_standard_k,22,0.054589198857508375,0.02103222703222718,13,6,3,0.5909090909090909,0.7272727272727273
classification,svm,10,cif,cat,pairwise_available_standard_k,22,-0.018191296469195626,-0.018199999999999994,7,12,3,0.3181818181818182,0.45454545454545453
classification,svm,10,cif,cit,pairwise_available_standard_k,22,0.008424271951565775,0.000348148148148153,12,7,3,0.5454545454545454,0.6818181818181818
classification,svm,10,cif,cpi,pairwise_available_standard_k,22,0.1629046110583413,0.15504314329738053,17,2,3,0.7727272727272727,0.9090909090909091
classification,svm,10,cif,et,pairwise_available_standard_k,22,0.013805151500990827,0.006633462200919038,13,6,3,0.5909090909090909,0.7272727272727273
classification,svm,10,cif,lgbm,pairwise_available_standard_k,22,-0.031606722830009086,-0.019666666666666666,6,13,3,0.2727272727272727,0.4090909090909091
classification,svm,10,cif,pi,pairwise_available_standard_k,22,0.08221172792734993,0.04088383838383841,15,4,3,0.6818181818181818,0.8181818181818182
classification,svm,10,cif,ptest_mc,pairwise_available_standard_k,22,0.05308858553449374,0.01501429166025875,16,3,3,0.7272727272727273,0.8636363636363636
classification,svm,10,cif,ptest_rdc,pairwise_available_standard_k,22,0.08373038852485397,0.01347613073839854,16,3,3,0.7272727272727273,0.8636363636363636
classification,svm,10,cif,r_cforest,pairwise_available_standard_k,21,0.08112495771195526,0.03404601210931113,16,2,3,0.7619047619047619,0.9047619047619048
classification,svm,10,cif,r_ctree,pairwise_available_standard_k,21,0.06814273519744729,0.038510101010100994,14,4,3,0.6666666666666666,0.8095238095238095
classification,svm,10,cif,rf,pairwise_available_standard_k,22,-0.008674735571591723,0.0,9,10,3,0.4090909090909091,0.5454545454545454
classification,svm,10,cif,rfe,pairwise_available_standard_k,22,0.001177455150245961,0.0008646002099352845,13,6,3,0.5909090909090909,0.7272727272727273
classification,svm,10,cif,xgb,pairwise_available_standard_k,22,-0.027023031165009405,-0.01994696969696963,5,14,3,0.22727272727272727,0.36363636363636365
classification,svm,25,cif,boruta,pairwise_available_standard_k,16,0.04278341608901767,-0.0005978012965039969,8,8,0,0.5,0.5
classification,svm,25,cif,cat,pairwise_available_standard_k,16,-0.014752462439406741,-0.021419766374491778,3,13,0,0.1875,0.1875
classification,svm,25,cif,cit,pairwise_available_standard_k,16,0.04260376757178514,0.040895622895622985,14,2,0,0.875,0.875
classification,svm,25,cif,cpi,pairwise_available_standard_k,16,0.21827286793011602,0.20470568783068782,15,1,0,0.9375,0.9375
classification,svm,25,cif,et,pairwise_available_standard_k,16,0.014404641495075463,0.0019477013085680839,9,7,0,0.5625,0.5625
classification,svm,25,cif,lgbm,pairwise_available_standard_k,16,-0.02494546198885434,-0.020949012433581438,1,15,0,0.0625,0.0625
classification,svm,25,cif,pi,pairwise_available_standard_k,16,0.11225576236431607,0.060900000000000065,15,1,0,0.9375,0.9375
classification,svm,25,cif,ptest_mc,pairwise_available_standard_k,16,0.07908997530998467,0.0509,14,2,0,0.875,0.875
classification,svm,25,cif,ptest_rdc,pairwise_available_standard_k,16,0.11265353125505653,0.05894982468398324,12,4,0,0.75,0.75
classification,svm,25,cif,r_cforest,pairwise_available_standard_k,15,0.12562251036893737,0.09999999999999998,14,1,0,0.9333333333333333,0.9333333333333333
classification,svm,25,cif,r_ctree,pairwise_available_standard_k,15,0.11303161532473237,0.08599999999999997,13,2,0,0.8666666666666667,0.8666666666666667
classification,svm,25,cif,rf,pairwise_available_standard_k,16,-0.00900338732532703,-0.005150168350168294,7,9,0,0.4375,0.4375
classification,svm,25,cif,rfe,pairwise_available_standard_k,16,0.015207974563227346,0.003333333333333355,9,7,0,0.5625,0.5625
classification,svm,25,cif,xgb,pairwise_available_standard_k,16,-0.022061921382972673,-0.0197124824023574,3,13,0,0.1875,0.1875
classification,svm,50,cif,boruta,pairwise_available_standard_k,16,0.02716073481275172,0.006093939393939429,10,6,0,0.625,0.625
classification,svm,50,cif,cat,pairwise_available_standard_k,16,-0.005765322168733732,-0.014333333333333365,4,12,0,0.25,0.25
classification,svm,50,cif,cit,pairwise_available_standard_k,16,0.06461998547930596,0.06143333333333334,13,3,0,0.8125,0.8125
classification,svm,50,cif,cpi,pairwise_available_standard_k,16,0.18942083246444613,0.16610000000000008,15,1,0,0.9375,0.9375
classification,svm,50,cif,et,pairwise_available_standard_k,16,0.00898628774642208,0.001946564334693368,10,6,0,0.625,0.625
classification,svm,50,cif,lgbm,pairwise_available_standard_k,16,-0.010213352957480049,-0.011799999999999977,4,12,0,0.25,0.25
classification,svm,50,cif,pi,pairwise_available_standard_k,16,0.10351712139436023,0.06778535353535348,15,1,0,0.9375,0.9375
classification,svm,50,cif,ptest_mc,pairwise_available_standard_k,16,0.06386420623640851,0.04827777777777775,14,2,0,0.875,0.875
classification,svm,50,cif,ptest_rdc,pairwise_available_standard_k,16,0.08334807382803448,0.05749090909090909,14,2,0,0.875,0.875
classification,svm,50,cif,r_cforest,pairwise_available_standard_k,15,0.11190328915172645,0.08999999999999997,14,1,0,0.9333333333333333,0.9333333333333333
classification,svm,50,cif,r_ctree,pairwise_available_standard_k,15,0.12399783307593203,0.12,13,2,0,0.8666666666666667,0.8666666666666667
classification,svm,50,cif,rf,pairwise_available_standard_k,16,-0.0012393974839929184,0.00021545901653569066,8,8,0,0.5,0.5
classification,svm,50,cif,rfe,pairwise_available_standard_k,16,0.021423783374259285,0.007149999999999934,11,5,0,0.6875,0.6875
classification,svm,50,cif,xgb,pairwise_available_standard_k,16,-0.001422289251215493,-0.003458322889048737,8,8,0,0.5,0.5
classification,svm,100,cif,boruta,pairwise_available_standard_k,15,0.016257511090006217,0.008999999999999897,11,4,0,0.7333333333333333,0.7333333333333333
classification,svm,100,cif,cat,pairwise_available_standard_k,15,0.0008190105848364808,-0.005333333333333301,4,11,0,0.26666666666666666,0.26666666666666666
classification,svm,100,cif,cit,pairwise_available_standard_k,15,0.08510109361567893,0.052444444444444405,14,1,0,0.9333333333333333,0.9333333333333333
classification,svm,100,cif,cpi,pairwise_available_standard_k,15,0.15772143515934606,0.13474747474747462,14,1,0,0.9333333333333333,0.9333333333333333
classification,svm,100,cif,et,pairwise_available_standard_k,15,0.006980712083505761,0.0020000000000000018,9,5,1,0.6,0.6666666666666666
classification,svm,100,cif,lgbm,pairwise_available_standard_k,15,-0.00022828173630823717,-0.0034999999999999476,5,10,0,0.3333333333333333,0.3333333333333333
classification,svm,100,cif,pi,pairwise_available_standard_k,15,0.09038656626973345,0.06999999999999995,14,1,0,0.9333333333333333,0.9333333333333333
classification,svm,100,cif,ptest_mc,pairwise_available_standard_k,15,0.05054129853359284,0.05111111111111111,13,2,0,0.8666666666666667,0.8666666666666667
classification,svm,100,cif,ptest_rdc,pairwise_available_standard_k,15,0.05801001561094892,0.031399999999999983,14,1,0,0.9333333333333333,0.9333333333333333
classification,svm,100,cif,r_cforest,pairwise_available_standard_k,14,0.10335348571788967,0.08308333333333323,12,2,0,0.8571428571428571,0.8571428571428571
classification,svm,100,cif,r_ctree,pairwise_available_standard_k,14,0.1369093444224211,0.1088291666666667,13,1,0,0.9285714285714286,0.9285714285714286
classification,svm,100,cif,rf,pairwise_available_standard_k,15,0.0012852189954466167,0.0021999999999999797,8,7,0,0.5333333333333333,0.5333333333333333
classification,svm,100,cif,rfe,pairwise_available_standard_k,15,0.024773934790565926,0.00010000000000010001,8,6,1,0.5333333333333333,0.6
classification,svm,100,cif,xgb,pairwise_available_standard_k,15,0.0017696256176490325,0.0004444444444443585,8,7,0,0.5333333333333333,0.5333333333333333
regression,knn,5,cif,boruta,pairwise_available_standard_k,8,0.42117190402683363,0.0318334578593909,7,1,0,0.875,0.875
regression,knn,5,cif,cat,pairwise_available_standard_k,8,-0.09610062445883294,-0.018342469431632258,3,5,0,0.375,0.375
regression,knn,5,cif,cit,pairwise_available_standard_k,8,0.42662129020890227,-0.015593328436209697,3,5,0,0.375,0.375
regression,knn,5,cif,cpi,pairwise_available_standard_k,8,1.2638290984761311,0.0762166777570766,6,2,0,0.75,0.75
regression,knn,5,cif,et,pairwise_available_standard_k,8,-0.02661963074563781,-0.0004600893579323473,4,4,0,0.5,0.5
regression,knn,5,cif,lgbm,pairwise_available_standard_k,8,0.3030968175756502,-0.01890071060568488,3,5,0,0.375,0.375
regression,knn,5,cif,pi,pairwise_available_standard_k,8,0.6470709532464166,0.018328445213742994,6,2,0,0.75,0.75
regression,knn,5,cif,ptest_dc,pairwise_available_standard_k,8,0.6507372337898221,0.011026636233330389,6,2,0,0.75,0.75
regression,knn,5,cif,ptest_pc,pairwise_available_standard_k,8,0.38892323699180326,0.008795410670686565,5,3,0,0.625,0.625
regression,knn,5,cif,ptest_rdc,pairwise_available_standard_k,8,1.0001882691504012,0.004103268877008626,4,4,0,0.5,0.5
regression,knn,5,cif,r_cforest,pairwise_available_standard_k,8,1.3156692451762528,0.06717037619689248,7,1,0,0.875,0.875
regression,knn,5,cif,r_ctree,pairwise_available_standard_k,8,0.0593146764550616,0.0058084299954600516,5,3,0,0.625,0.625
regression,knn,5,cif,rf,pairwise_available_standard_k,8,0.16930639695879424,-0.010009229354383864,3,5,0,0.375,0.375
regression,knn,5,cif,rfe,pairwise_available_standard_k,8,0.07557150948119103,-0.0034611386312564107,4,4,0,0.5,0.5
regression,knn,5,cif,xgb,pairwise_available_standard_k,8,-0.12176440707880595,-0.004117653350664052,4,4,0,0.5,0.5
regression,knn,10,cif,boruta,pairwise_available_standard_k,8,0.4416176732756783,0.03540917946628658,5,3,0,0.625,0.625
regression,knn,10,cif,cat,pairwise_available_standard_k,8,-0.029703173124993383,-0.009167816303222887,4,4,0,0.5,0.5
regression,knn,10,cif,cit,pairwise_available_standard_k,8,0.5682704025929003,4.653124158643385e-05,4,4,0,0.5,0.5
regression,knn,10,cif,cpi,pairwise_available_standard_k,8,1.2133646442153543,0.09058440585032312,7,1,0,0.875,0.875
regression,knn,10,cif,et,pairwise_available_standard_k,8,0.017250060216587572,-0.004293218291302692,4,4,0,0.5,0.5
regression,knn,10,cif,lgbm,pairwise_available_standard_k,8,0.4270624710242542,-0.014670279195610259,3,5,0,0.375,0.375
regression,knn,10,cif,pi,pairwise_available_standard_k,8,0.6834213170524628,0.03091943450558003,6,2,0,0.75,0.75
regression,knn,10,cif,ptest_dc,pairwise_available_standard_k,8,0.7833960283389669,0.009956810861292631,6,2,0,0.75,0.75
regression,knn,10,cif,ptest_pc,pairwise_available_standard_k,8,0.46904810510840145,0.004348002763918168,5,3,0,0.625,0.625
regression,knn,10,cif,ptest_rdc,pairwise_available_standard_k,8,0.7375991634515678,0.005222912186878426,6,2,0,0.75,0.75
regression,knn,10,cif,r_cforest,pairwise_available_standard_k,8,1.4099370174054513,0.06025027045687403,6,2,0,0.75,0.75
regression,knn,10,cif,r_ctree,pairwise_available_standard_k,8,0.16208381033259012,0.04907923459504904,7,1,0,0.875,0.875
regression,knn,10,cif,rf,pairwise_available_standard_k,8,0.0324108313002548,0.023038747246429653,5,3,0,0.625,0.625
regression,knn,10,cif,rfe,pairwise_available_standard_k,8,0.23790723507056163,0.031217858395006664,6,2,0,0.75,0.75
regression,knn,10,cif,xgb,pairwise_available_standard_k,8,-0.0651386108104591,0.0064707013270011715,4,4,0,0.5,0.5
regression,knn,25,cif,boruta,pairwise_available_standard_k,7,0.9151295826665409,0.05742135159636662,5,2,0,0.7142857142857143,0.7142857142857143
regression,knn,25,cif,cat,pairwise_available_standard_k,7,0.05779263755771653,0.0020009943204384317,4,3,0,0.5714285714285714,0.5714285714285714
regression,knn,25,cif,cit,pairwise_available_standard_k,7,1.3928104223326245,0.0691926443108325,6,1,0,0.8571428571428571,0.8571428571428571
regression,knn,25,cif,cpi,pairwise_available_standard_k,7,2.1510889745286046,0.10623523372741789,6,1,0,0.8571428571428571,0.8571428571428571
regression,knn,25,cif,et,pairwise_available_standard_k,7,0.041459909097751664,0.0005288463197081761,4,3,0,0.5714285714285714,0.5714285714285714
regression,knn,25,cif,lgbm,pairwise_available_standard_k,7,1.0318359351208648,0.03243790584589451,4,3,0,0.5714285714285714,0.5714285714285714
regression,knn,25,cif,pi,pairwise_available_standard_k,7,0.7985223245858043,0.04281634203550955,5,2,0,0.7142857142857143,0.7142857142857143
regression,knn,25,cif,ptest_dc,pairwise_available_standard_k,7,0.5421337077368659,0.006665957731129213,6,1,0,0.8571428571428571,0.8571428571428571
regression,knn,25,cif,ptest_pc,pairwise_available_standard_k,7,0.3407550951206443,0.0049296189908616395,4,3,0,0.5714285714285714,0.5714285714285714
regression,knn,25,cif,ptest_rdc,pairwise_available_standard_k,7,0.41620240122258745,0.03591905730226852,5,2,0,0.7142857142857143,0.7142857142857143
regression,knn,25,cif,r_cforest,pairwise_available_standard_k,7,2.8631522283733157,0.062432587762410674,6,1,0,0.8571428571428571,0.8571428571428571
regression,knn,25,cif,r_ctree,pairwise_available_standard_k,7,0.29250193455277324,0.06621743055821576,6,1,0,0.8571428571428571,0.8571428571428571
regression,knn,25,cif,rf,pairwise_available_standard_k,7,0.08122964650160565,0.04085066936668212,5,2,0,0.7142857142857143,0.7142857142857143
regression,knn,25,cif,rfe,pairwise_available_standard_k,7,0.3090176309239538,0.03282076404039812,7,0,0,1.0,1.0
regression,knn,25,cif,xgb,pairwise_available_standard_k,7,-0.05110985546668719,-0.04342580512850701,3,4,0,0.42857142857142855,0.42857142857142855
regression,knn,50,cif,boruta,pairwise_available_standard_k,7,0.23647397175144702,0.12235307402425544,5,2,0,0.7142857142857143,0.7142857142857143
regression,knn,50,cif,cat,pairwise_available_standard_k,7,0.01584670421923342,0.00027178611815226184,4,3,0,0.5714285714285714,0.5714285714285714
regression,knn,50,cif,cit,pairwise_available_standard_k,7,1.4395851923122625,0.106483974216947,6,1,0,0.8571428571428571,0.8571428571428571
regression,knn,50,cif,cpi,pairwise_available_standard_k,7,2.0207649574958175,0.07103304043298442,7,0,0,1.0,1.0
regression,knn,50,cif,et,pairwise_available_standard_k,7,0.049024765494770986,0.03086986164449912,5,2,0,0.7142857142857143,0.7142857142857143
regression,knn,50,cif,lgbm,pairwise_available_standard_k,7,1.0886284706513225,0.032841492335197064,5,2,0,0.7142857142857143,0.7142857142857143
regression,knn,50,cif,pi,pairwise_available_standard_k,7,0.6200737003344718,0.03333062304218658,5,2,0,0.7142857142857143,0.7142857142857143
regression,knn,50,cif,ptest_dc,pairwise_available_standard_k,7,0.4125822398203968,0.023615249478325384,6,1,0,0.8571428571428571,0.8571428571428571
regression,knn,50,cif,ptest_pc,pairwise_available_standard_k,7,0.26502860921481813,0.03400538353592697,6,1,0,0.8571428571428571,0.8571428571428571
regression,knn,50,cif,ptest_rdc,pairwise_available_standard_k,7,0.11259276419853716,0.01891492117935134,5,2,0,0.7142857142857143,0.7142857142857143
regression,knn,50,cif,r_cforest,pairwise_available_standard_k,7,2.8431554411805005,0.041008073245287435,7,0,0,1.0,1.0
regression,knn,50,cif,r_ctree,pairwise_available_standard_k,7,0.33477722669718324,0.11356330455534336,7,0,0,1.0,1.0
regression,knn,50,cif,rf,pairwise_available_standard_k,7,0.1260778683824075,0.05173211961218369,5,2,0,0.7142857142857143,0.7142857142857143
regression,knn,50,cif,rfe,pairwise_available_standard_k,7,0.4094885628403587,0.12063511941177532,7,0,0,1.0,1.0
regression,knn,50,cif,xgb,pairwise_available_standard_k,7,0.03054696355449785,0.02454466075679865,6,1,0,0.8571428571428571,0.8571428571428571
regression,knn,100,cif,boruta,pairwise_available_standard_k,6,0.016440908638780997,-0.006453795265248863,3,3,0,0.5,0.5
regression,knn,100,cif,cat,pairwise_available_standard_k,6,-0.04100927318030307,-0.00874920260881129,2,4,0,0.3333333333333333,0.3333333333333333
regression,knn,100,cif,cit,pairwise_available_standard_k,6,1.6546188115816651,0.1467243255151762,4,2,0,0.6666666666666666,0.6666666666666666
regression,knn,100,cif,cpi,pairwise_available_standard_k,6,1.5742571935971548,0.052692882662506414,6,0,0,1.0,1.0
regression,knn,100,cif,et,pairwise_available_standard_k,6,-0.017944964938869528,-0.0018891305082404941,3,3,0,0.5,0.5
regression,knn,100,cif,lgbm,pairwise_available_standard_k,6,1.2493938944598717,0.017441660693933797,6,0,0,1.0,1.0
regression,knn,100,cif,pi,pairwise_available_standard_k,6,0.4995459922347165,0.014001344686859263,5,1,0,0.8333333333333334,0.8333333333333334
regression,knn,100,cif,ptest_dc,pairwise_available_standard_k,6,0.4442478596618767,0.07019664131534184,5,1,0,0.8333333333333334,0.8333333333333334
regression,knn,100,cif,ptest_pc,pairwise_available_standard_k,6,0.20158524109369833,0.06369464090402807,5,1,0,0.8333333333333334,0.8333333333333334
regression,knn,100,cif,ptest_rdc,pairwise_available_standard_k,6,0.027763569024055846,0.009902433709022052,4,2,0,0.6666666666666666,0.6666666666666666
regression,knn,100,cif,r_cforest,pairwise_available_standard_k,6,3.3211443661362288,0.26365238660530244,5,1,0,0.8333333333333334,0.8333333333333334
regression,knn,100,cif,r_ctree,pairwise_available_standard_k,6,0.3566890740191399,0.12653295434697137,5,1,0,0.8333333333333334,0.8333333333333334
regression,knn,100,cif,rf,pairwise_available_standard_k,6,0.06921299173914182,0.01032354812048547,3,3,0,0.5,0.5
regression,knn,100,cif,rfe,pairwise_available_standard_k,6,0.4199071218893306,0.06505131189408518,6,0,0,1.0,1.0
regression,knn,100,cif,xgb,pairwise_available_standard_k,6,0.02878834406248131,0.01037455095553869,3,3,0,0.5,0.5
regression,ridge,5,cif,boruta,pairwise_available_standard_k,8,-0.0366045464336527,-0.002506578672201498,4,4,0,0.5,0.5
regression,ridge,5,cif,cat,pairwise_available_standard_k,8,-0.02563188500349143,-0.0006248363818091018,3,5,0,0.375,0.375
regression,ridge,5,cif,cit,pairwise_available_standard_k,8,0.3636554144894562,-0.006515643072435018,2,6,0,0.25,0.25
regression,ridge,5,cif,cpi,pairwise_available_standard_k,8,0.19073108283102252,0.06909512690044461,7,1,0,0.875,0.875
regression,ridge,5,cif,et,pairwise_available_standard_k,8,-0.07429915866379552,-0.00038340144637005746,4,4,0,0.5,0.5
regression,ridge,5,cif,lgbm,pairwise_available_standard_k,8,0.5794148929456449,-0.0016480552482326383,3,5,0,0.375,0.375
regression,ridge,5,cif,pi,pairwise_available_standard_k,8,-0.049710047505361676,-0.005255025857243134,3,5,0,0.375,0.375
regression,ridge,5,cif,ptest_dc,pairwise_available_standard_k,8,0.08012357685907168,0.0064203125575635345,5,3,0,0.625,0.625
regression,ridge,5,cif,ptest_pc,pairwise_available_standard_k,8,0.1363565302041133,0.008890668464828111,6,2,0,0.75,0.75
regression,ridge,5,cif,ptest_rdc,pairwise_available_standard_k,8,0.020381429102745912,0.00410831716106963,4,4,0,0.5,0.5
regression,ridge,5,cif,r_cforest,pairwise_available_standard_k,8,-0.021419733132668244,0.01225424495629475,6,2,0,0.75,0.75
regression,ridge,5,cif,r_ctree,pairwise_available_standard_k,8,0.08241425532531858,0.016031442970043885,5,3,0,0.625,0.625
regression,ridge,5,cif,rf,pairwise_available_standard_k,8,-0.09257516697391262,-0.006904807379324307,3,5,0,0.375,0.375
regression,ridge,5,cif,rfe,pairwise_available_standard_k,8,-0.07825483232869258,-0.0018856305594815437,2,6,0,0.25,0.25
regression,ridge,5,cif,xgb,pairwise_available_standard_k,8,-0.026130146546506743,-0.00048222745441395265,3,5,0,0.375,0.375
regression,ridge,10,cif,boruta,pairwise_available_standard_k,8,-0.0317253072563026,0.003518339311798402,5,3,0,0.625,0.625
regression,ridge,10,cif,cat,pairwise_available_standard_k,8,0.23433491565430037,-0.0049570028897570895,3,5,0,0.375,0.375
regression,ridge,10,cif,cit,pairwise_available_standard_k,8,0.22581828541840582,-0.0034790109545523307,2,6,0,0.25,0.25
regression,ridge,10,cif,cpi,pairwise_available_standard_k,8,0.2386151890600356,0.06407391273121968,7,1,0,0.875,0.875
regression,ridge,10,cif,et,pairwise_available_standard_k,8,-0.08226704458312517,-0.015357729813119003,1,7,0,0.125,0.125
regression,ridge,10,cif,lgbm,pairwise_available_standard_k,8,0.6340695161582665,-0.006847236599902495,3,5,0,0.375,0.375
regression,ridge,10,cif,pi,pairwise_available_standard_k,8,0.01150586125646889,-0.004199672942205579,3,5,0,0.375,0.375
regression,ridge,10,cif,ptest_dc,pairwise_available_standard_k,8,0.19826387323631023,0.0036150199906383323,7,1,0,0.875,0.875
regression,ridge,10,cif,ptest_pc,pairwise_available_standard_k,8,0.04770290728212043,0.005042251172194978,6,2,0,0.75,0.75
regression,ridge,10,cif,ptest_rdc,pairwise_available_standard_k,8,0.10427072760154837,0.000919565358955321,5,3,0,0.625,0.625
regression,ridge,10,cif,r_cforest,pairwise_available_standard_k,8,0.014503631125491901,0.0037508332487328766,5,3,0,0.625,0.625
regression,ridge,10,cif,r_ctree,pairwise_available_standard_k,8,0.13189583072443245,0.03773340558384167,7,1,0,0.875,0.875
regression,ridge,10,cif,rf,pairwise_available_standard_k,8,-0.04420301512550378,0.000506436463661053,5,3,0,0.625,0.625
regression,ridge,10,cif,rfe,pairwise_available_standard_k,8,-0.0102274219786841,0.005375323453829739,6,2,0,0.75,0.75
regression,ridge,10,cif,xgb,pairwise_available_standard_k,8,0.10961464467390375,0.011216845628351568,6,2,0,0.75,0.75
regression,ridge,25,cif,boruta,pairwise_available_standard_k,7,-0.1417262230910493,-0.009133106900911292,2,5,0,0.2857142857142857,0.2857142857142857
regression,ridge,25,cif,cat,pairwise_available_standard_k,7,0.026085042528175856,-0.010367162269266816,2,5,0,0.2857142857142857,0.2857142857142857
regression,ridge,25,cif,cit,pairwise_available_standard_k,7,-0.03824721489816533,-0.009445533975216414,2,5,0,0.2857142857142857,0.2857142857142857
regression,ridge,25,cif,cpi,pairwise_available_standard_k,7,0.42664259554213096,0.09444312316064285,6,1,0,0.8571428571428571,0.8571428571428571
regression,ridge,25,cif,et,pairwise_available_standard_k,7,-0.1351040733654474,-0.03116995486121177,1,6,0,0.14285714285714285,0.14285714285714285
regression,ridge,25,cif,lgbm,pairwise_available_standard_k,7,0.31133683953493474,-0.001419194114760769,3,4,0,0.42857142857142855,0.42857142857142855
regression,ridge,25,cif,pi,pairwise_available_standard_k,7,-0.08671360263054052,-0.002299396187896874,3,4,0,0.42857142857142855,0.42857142857142855
regression,ridge,25,cif,ptest_dc,pairwise_available_standard_k,7,0.020748215088940196,4.300766609410811e-05,4,3,0,0.5714285714285714,0.5714285714285714
regression,ridge,25,cif,ptest_pc,pairwise_available_standard_k,7,-0.05885914288801305,-0.0002701828376644455,3,4,0,0.42857142857142855,0.42857142857142855
regression,ridge,25,cif,ptest_rdc,pairwise_available_standard_k,7,0.11579480267541413,0.028582618245883262,4,3,0,0.5714285714285714,0.5714285714285714
regression,ridge,25,cif,r_cforest,pairwise_available_standard_k,7,-0.014330561560827895,0.031176036028155107,6,1,0,0.8571428571428571,0.8571428571428571
regression,ridge,25,cif,r_ctree,pairwise_available_standard_k,7,0.6871362014951219,0.4772179797002366,6,1,0,0.8571428571428571,0.8571428571428571
regression,ridge,25,cif,rf,pairwise_available_standard_k,7,-0.09051562867318838,-0.01188754988712637,3,4,0,0.42857142857142855,0.42857142857142855
regression,ridge,25,cif,rfe,pairwise_available_standard_k,7,-0.02032288317897227,0.0005148134661812076,4,3,0,0.5714285714285714,0.5714285714285714
regression,ridge,25,cif,xgb,pairwise_available_standard_k,7,0.06133574638177387,0.0392299729603115,6,1,0,0.8571428571428571,0.8571428571428571
regression,ridge,50,cif,boruta,pairwise_available_standard_k,7,-0.031055327452907004,-0.0026109874030318947,3,4,0,0.42857142857142855,0.42857142857142855
regression,ridge,50,cif,cat,pairwise_available_standard_k,7,-0.0034428810551668243,-0.0018850002957104817,2,5,0,0.2857142857142857,0.2857142857142857
regression,ridge,50,cif,cit,pairwise_available_standard_k,7,0.011379810941096786,0.0021188353364359758,4,3,0,0.5714285714285714,0.5714285714285714
regression,ridge,50,cif,cpi,pairwise_available_standard_k,7,0.557998985617676,0.07069038704037311,6,1,0,0.8571428571428571,0.8571428571428571
regression,ridge,50,cif,et,pairwise_available_standard_k,7,-0.02398535423792835,-0.016498325988742013,1,6,0,0.14285714285714285,0.14285714285714285
regression,ridge,50,cif,lgbm,pairwise_available_standard_k,7,0.23520599977493387,0.02696501533381046,5,2,0,0.7142857142857143,0.7142857142857143
regression,ridge,50,cif,pi,pairwise_available_standard_k,7,0.040080381200768296,0.03540200631379537,4,3,0,0.5714285714285714,0.5714285714285714
regression,ridge,50,cif,ptest_dc,pairwise_available_standard_k,7,-0.028898001445960702,0.006411086093846219,4,3,0,0.5714285714285714,0.5714285714285714
regression,ridge,50,cif,ptest_pc,pairwise_available_standard_k,7,-0.029047372622221308,0.004208757769078586,4,3,0,0.5714285714285714,0.5714285714285714
regression,ridge,50,cif,ptest_rdc,pairwise_available_standard_k,7,0.4763570226104991,0.02846983525325697,6,1,0,0.8571428571428571,0.8571428571428571
regression,ridge,50,cif,r_cforest,pairwise_available_standard_k,7,0.05106173869939747,0.05105869872899094,6,1,0,0.8571428571428571,0.8571428571428571
regression,ridge,50,cif,r_ctree,pairwise_available_standard_k,7,0.8109089791370278,0.4523552467569842,7,0,0,1.0,1.0
regression,ridge,50,cif,rf,pairwise_available_standard_k,7,-0.09354559962419397,-0.0029904937666724862,3,4,0,0.42857142857142855,0.42857142857142855
regression,ridge,50,cif,rfe,pairwise_available_standard_k,7,0.3056711577423374,0.02796382460388719,6,1,0,0.8571428571428571,0.8571428571428571
regression,ridge,50,cif,xgb,pairwise_available_standard_k,7,0.4612928630290378,0.0751233886592896,5,2,0,0.7142857142857143,0.7142857142857143
regression,ridge,100,cif,boruta,pairwise_available_standard_k,6,-0.07917069553225937,-0.005478547752224117,2,4,0,0.3333333333333333,0.3333333333333333
regression,ridge,100,cif,cat,pairwise_available_standard_k,6,0.4849306635255622,0.009857917866696708,3,3,0,0.5,0.5
regression,ridge,100,cif,cit,pairwise_available_standard_k,6,-0.12068537608932667,-0.10984747980247457,3,3,0,0.5,0.5
regression,ridge,100,cif,cpi,pairwise_available_standard_k,6,0.5262700314729162,0.012511178526657452,4,2,0,0.6666666666666666,0.6666666666666666
regression,ridge,100,cif,et,pairwise_available_standard_k,6,-0.05312374894922078,-0.005340193629636003,1,5,0,0.16666666666666666,0.16666666666666666
regression,ridge,100,cif,lgbm,pairwise_available_standard_k,6,0.15450820021830539,0.008003645431250372,3,3,0,0.5,0.5
regression,ridge,100,cif,pi,pairwise_available_standard_k,6,0.4549607879262448,0.11073294989572496,4,2,0,0.6666666666666666,0.6666666666666666
regression,ridge,100,cif,ptest_dc,pairwise_available_standard_k,6,-0.11026188955422121,-0.05315050992285379,3,3,0,0.5,0.5
regression,ridge,100,cif,ptest_pc,pairwise_available_standard_k,6,-0.07255040714340796,0.004597958567559124,4,2,0,0.6666666666666666,0.6666666666666666
regression,ridge,100,cif,ptest_rdc,pairwise_available_standard_k,6,0.3569461374905573,0.05890195353981753,6,0,0,1.0,1.0
regression,ridge,100,cif,r_cforest,pairwise_available_standard_k,6,-0.04513880685592838,0.0017092456856860894,3,3,0,0.5,0.5
regression,ridge,100,cif,r_ctree,pairwise_available_standard_k,6,0.4453864695174539,0.3023965881955991,4,2,0,0.6666666666666666,0.6666666666666666
regression,ridge,100,cif,rf,pairwise_available_standard_k,6,-0.11770449473645557,-0.004849790494467876,2,4,0,0.3333333333333333,0.3333333333333333
regression,ridge,100,cif,rfe,pairwise_available_standard_k,6,0.4293296835259108,0.176804369397282,5,1,0,0.8333333333333334,0.8333333333333334
regression,ridge,100,cif,xgb,pairwise_available_standard_k,6,0.7516094273613773,0.18855482744924884,4,2,0,0.6666666666666666,0.6666666666666666
regression,svr,5,cif,boruta,pairwise_available_standard_k,8,0.020669198442704435,0.0175941956388485,6,2,0,0.75,0.75
regression,svr,5,cif,cat,pairwise_available_standard_k,8,-0.014594839099295993,-0.002222341880180931,3,5,0,0.375,0.375
regression,svr,5,cif,cit,pairwise_available_standard_k,8,0.0025726378071036053,-0.0006074809452020213,4,4,0,0.5,0.5
regression,svr,5,cif,cpi,pairwise_available_standard_k,8,0.07885968880029678,0.02597402305302074,7,1,0,0.875,0.875
regression,svr,5,cif,et,pairwise_available_standard_k,8,-0.014964698101592323,-0.0016729066928369424,3,5,0,0.375,0.375
regression,svr,5,cif,lgbm,pairwise_available_standard_k,8,-0.021661144244124048,-0.0038268845315319495,3,5,0,0.375,0.375
regression,svr,5,cif,pi,pairwise_available_standard_k,8,0.02450023573341483,0.006362604252816338,5,3,0,0.625,0.625
regression,svr,5,cif,ptest_dc,pairwise_available_standard_k,8,0.03766729859172465,0.0012663058284884121,4,4,0,0.5,0.5
regression,svr,5,cif,ptest_pc,pairwise_available_standard_k,8,0.04544461324091835,0.0014115536557025923,5,3,0,0.625,0.625
regression,svr,5,cif,ptest_rdc,pairwise_available_standard_k,8,0.03767874085902793,-0.002792994197229233,4,4,0,0.5,0.5
regression,svr,5,cif,r_cforest,pairwise_available_standard_k,8,0.07798960817898684,0.008182711885398326,5,3,0,0.625,0.625
regression,svr,5,cif,r_ctree,pairwise_available_standard_k,8,0.047888069581423866,0.04521454777616844,7,1,0,0.875,0.875
regression,svr,5,cif,rf,pairwise_available_standard_k,8,-0.002281438632761248,-0.0021226390907435264,4,4,0,0.5,0.5
regression,svr,5,cif,rfe,pairwise_available_standard_k,8,-0.027706622175177012,0.0009942946842529284,5,3,0,0.625,0.625
regression,svr,5,cif,xgb,pairwise_available_standard_k,8,0.03795653735139702,0.0068089041587945445,5,3,0,0.625,0.625
regression,svr,10,cif,boruta,pairwise_available_standard_k,8,0.024964719398027812,0.012786521747574702,8,0,0,1.0,1.0
regression,svr,10,cif,cat,pairwise_available_standard_k,8,-0.008711540893264846,-0.0004133292687328871,4,4,0,0.5,0.5
regression,svr,10,cif,cit,pairwise_available_standard_k,8,0.03722367127939061,0.005636363873603396,6,2,0,0.75,0.75
regression,svr,10,cif,cpi,pairwise_available_standard_k,8,0.07047341536373747,0.035046785374054604,7,1,0,0.875,0.875
regression,svr,10,cif,et,pairwise_available_standard_k,8,-0.010345869030431613,-0.0021206621762755035,3,5,0,0.375,0.375
regression,svr,10,cif,lgbm,pairwise_available_standard_k,8,0.009264078119102136,-0.0032715427486371094,3,5,0,0.375,0.375
regression,svr,10,cif,pi,pairwise_available_standard_k,8,0.03775693762938612,0.01812953508247168,6,2,0,0.75,0.75
regression,svr,10,cif,ptest_dc,pairwise_available_standard_k,8,0.05677642780041188,0.006444441460570827,5,3,0,0.625,0.625
regression,svr,10,cif,ptest_pc,pairwise_available_standard_k,8,0.06210105811114282,0.006357900976519705,5,3,0,0.625,0.625
regression,svr,10,cif,ptest_rdc,pairwise_available_standard_k,8,0.0688152937218249,0.0028120250686520312,4,4,0,0.5,0.5
regression,svr,10,cif,r_cforest,pairwise_available_standard_k,8,0.1107145207055143,0.013409884125045655,7,1,0,0.875,0.875
regression,svr,10,cif,r_ctree,pairwise_available_standard_k,8,0.079389805647182,0.03402601246759289,8,0,0,1.0,1.0
regression,svr,10,cif,rf,pairwise_available_standard_k,8,-0.006334644950126476,0.0030513533523776892,5,3,0,0.625,0.625
regression,svr,10,cif,rfe,pairwise_available_standard_k,8,-0.004417463685175935,0.012550764607713934,6,2,0,0.75,0.75
regression,svr,10,cif,xgb,pairwise_available_standard_k,8,0.001599939783236616,0.016596185903827287,6,2,0,0.75,0.75
regression,svr,25,cif,boruta,pairwise_available_standard_k,7,0.047476146142566296,0.016322851765667223,6,1,0,0.8571428571428571,0.8571428571428571
regression,svr,25,cif,cat,pairwise_available_standard_k,7,-0.023112929946369404,9.735913386499373e-05,4,3,0,0.5714285714285714,0.5714285714285714
regression,svr,25,cif,cit,pairwise_available_standard_k,7,0.06165492354790276,0.01164863456936624,6,1,0,0.8571428571428571,0.8571428571428571
regression,svr,25,cif,cpi,pairwise_available_standard_k,7,0.06532347432831344,0.01993250514212079,7,0,0,1.0,1.0
regression,svr,25,cif,et,pairwise_available_standard_k,7,-0.0009417818012979325,-0.00019201209459906304,3,4,0,0.42857142857142855,0.42857142857142855
regression,svr,25,cif,lgbm,pairwise_available_standard_k,7,0.027613448282903266,0.006915447309333467,6,1,0,0.8571428571428571,0.8571428571428571
regression,svr,25,cif,pi,pairwise_available_standard_k,7,0.04797432771374404,0.01851848571572888,7,0,0,1.0,1.0
regression,svr,25,cif,ptest_dc,pairwise_available_standard_k,7,0.07574395823004308,0.00023912140546021587,4,3,0,0.5714285714285714,0.5714285714285714
regression,svr,25,cif,ptest_pc,pairwise_available_standard_k,7,0.08123401777605735,0.006679650426680284,4,3,0,0.5714285714285714,0.5714285714285714
regression,svr,25,cif,ptest_rdc,pairwise_available_standard_k,7,0.08348961487268812,-0.0001450780063482482,3,4,0,0.42857142857142855,0.42857142857142855
regression,svr,25,cif,r_cforest,pairwise_available_standard_k,7,0.1586745055755062,0.01965249985683304,7,0,0,1.0,1.0
regression,svr,25,cif,r_ctree,pairwise_available_standard_k,7,0.11578159528926822,0.041659638869318005,7,0,0,1.0,1.0
regression,svr,25,cif,rf,pairwise_available_standard_k,7,0.014162444747169036,0.013884676933440657,6,1,0,0.8571428571428571,0.8571428571428571
regression,svr,25,cif,rfe,pairwise_available_standard_k,7,0.014107902700553763,0.022861627989272548,6,1,0,0.8571428571428571,0.8571428571428571
regression,svr,25,cif,xgb,pairwise_available_standard_k,7,-0.017937355711334202,0.01564390957378592,6,1,0,0.8571428571428571,0.8571428571428571
regression,svr,50,cif,boruta,pairwise_available_standard_k,7,0.041571828838165556,0.015454437246683661,7,0,0,1.0,1.0
regression,svr,50,cif,cat,pairwise_available_standard_k,7,-0.04123274911393299,0.008772580073023211,5,2,0,0.7142857142857143,0.7142857142857143
regression,svr,50,cif,cit,pairwise_available_standard_k,7,0.06258512567131985,0.0070670364212312015,5,2,0,0.7142857142857143,0.7142857142857143
regression,svr,50,cif,cpi,pairwise_available_standard_k,7,0.03638593896920393,0.008545406079719986,6,1,0,0.8571428571428571,0.8571428571428571
regression,svr,50,cif,et,pairwise_available_standard_k,7,-0.023567322268276743,-0.0012159341644996102,3,4,0,0.42857142857142855,0.42857142857142855
regression,svr,50,cif,lgbm,pairwise_available_standard_k,7,0.014330280815418577,0.012700418853003203,6,1,0,0.8571428571428571,0.8571428571428571
regression,svr,50,cif,pi,pairwise_available_standard_k,7,0.028551307310048107,0.009769368795391864,7,0,0,1.0,1.0
regression,svr,50,cif,ptest_dc,pairwise_available_standard_k,7,0.06688603002428924,0.002272945631211609,5,2,0,0.7142857142857143,0.7142857142857143
regression,svr,50,cif,ptest_pc,pairwise_available_standard_k,7,0.05112053255623366,0.004100265509785907,6,1,0,0.8571428571428571,0.8571428571428571
regression,svr,50,cif,ptest_rdc,pairwise_available_standard_k,7,0.05459619377633607,-0.00015784541133259666,3,4,0,0.42857142857142855,0.42857142857142855
regression,svr,50,cif,r_cforest,pairwise_available_standard_k,7,0.15984073619559971,0.005407263659464534,6,1,0,0.8571428571428571,0.8571428571428571
regression,svr,50,cif,r_ctree,pairwise_available_standard_k,7,0.12822351355551145,0.02725339835004803,7,0,0,1.0,1.0
regression,svr,50,cif,rf,pairwise_available_standard_k,7,0.0019602075128991874,0.006665132758986725,6,1,0,0.8571428571428571,0.8571428571428571
regression,svr,50,cif,rfe,pairwise_available_standard_k,7,0.00595065283497465,0.008693236719119701,5,2,0,0.7142857142857143,0.7142857142857143
regression,svr,50,cif,xgb,pairwise_available_standard_k,7,-0.03047139885976325,-0.005439087280743049,3,4,0,0.42857142857142855,0.42857142857142855
regression,svr,100,cif,boruta,pairwise_available_standard_k,6,0.004666869237582155,0.004147029027756481,5,1,0,0.8333333333333334,0.8333333333333334
regression,svr,100,cif,cat,pairwise_available_standard_k,6,-0.06897344945003216,-0.0023461658099489108,3,3,0,0.5,0.5
regression,svr,100,cif,cit,pairwise_available_standard_k,6,0.07743871544241239,0.0020620204842574236,3,3,0,0.5,0.5
regression,svr,100,cif,cpi,pairwise_available_standard_k,6,0.025109779912523857,0.00994448300299487,4,2,0,0.6666666666666666,0.6666666666666666
regression,svr,100,cif,et,pairwise_available_standard_k,6,-0.044066441279129454,-0.00199656560704772,3,3,0,0.5,0.5
regression,svr,100,cif,lgbm,pairwise_available_standard_k,6,0.01010149093676064,0.006244382716928965,5,1,0,0.8333333333333334,0.8333333333333334
regression,svr,100,cif,pi,pairwise_available_standard_k,6,-0.0008647695356250935,-0.0008233676938382214,3,3,0,0.5,0.5
regression,svr,100,cif,ptest_dc,pairwise_available_standard_k,6,0.06134288387308107,0.0013631768435599032,3,3,0,0.5,0.5
regression,svr,100,cif,ptest_pc,pairwise_available_standard_k,6,0.02853153777232428,0.0029603054675128608,4,2,0,0.6666666666666666,0.6666666666666666
regression,svr,100,cif,ptest_rdc,pairwise_available_standard_k,6,0.035331730890152846,0.0009922065500597085,3,3,0,0.5,0.5
regression,svr,100,cif,r_cforest,pairwise_available_standard_k,6,0.1822334108735901,0.11758762167413692,4,2,0,0.6666666666666666,0.6666666666666666
regression,svr,100,cif,r_ctree,pairwise_available_standard_k,6,0.15717284801081954,0.10786160636930832,6,0,0,1.0,1.0
regression,svr,100,cif,rf,pairwise_available_standard_k,6,-0.027757792732278287,0.0019684829543739346,5,1,0,0.8333333333333334,0.8333333333333334
regression,svr,100,cif,rfe,pairwise_available_standard_k,6,-0.003219442648913279,0.002949681980803527,4,2,0,0.6666666666666666,0.6666666666666666
regression,svr,100,cif,xgb,pairwise_available_standard_k,6,-0.05160891447855897,-0.02598479326084492,2,4,0,0.3333333333333333,0.3333333333333333
