task,method_base,method_id,k,n_rankings,n_datasets,effective_k,returned_count,missing_count,dataset_size_cap_count,informative_count,redundant_count,signal_or_redundant_count,explicit_noise_count,background_null_count,pure_noise_count,correlated_noise_count,returned_share,missing_share,dataset_size_cap_share,informative_share,redundant_share,signal_or_redundant_share,explicit_noise_share,background_null_share,pure_noise_share,correlated_noise_share,informative_share_rank,signal_or_redundant_share_rank,pure_noise_share_rank,correlated_noise_share_rank,missing_share_rank
classification,et,et__f5580a1865f967c8,1,200,8,1.0,1.0,0.0,0.0,0.82,0.115,0.935,0.0,0.025,0.025,0.04,1.0,0.0,0.0,0.82,0.115,0.935,0.0,0.025,0.025,0.04,5.0,5.0,3.5,10.0,8.0
classification,rf,rf__27caa3a0a3b84fd9,1,200,8,1.0,1.0,0.0,0.0,0.79,0.09,0.88,0.0,0.07,0.07,0.05,1.0,0.0,0.0,0.79,0.09,0.88,0.0,0.07,0.07,0.05,7.0,7.0,6.0,12.0,8.0
classification,cit,cit__bc8d0ddbb26c15b5,1,200,8,1.0,1.0,0.0,0.0,0.68,0.125,0.805,0.0,0.16,0.16,0.035,1.0,0.0,0.0,0.68,0.125,0.805,0.0,0.16,0.16,0.035,10.0,10.0,10.0,8.5,8.0
classification,cif,cif__4ee6725d43ec8e5a,1,200,8,1.0,1.0,0.0,0.0,0.64,0.115,0.755,0.0,0.165,0.165,0.08,1.0,0.0,0.0,0.64,0.115,0.755,0.0,0.165,0.165,0.08,11.0,11.5,11.0,14.0,8.0
classification,et,et__f5580a1865f967c8,2,200,8,2.0,2.0,0.0,0.0,1.535,0.19,1.725,0.0,0.15,0.15,0.125,1.0,0.0,0.0,0.7675,0.095,0.8625,0.0,0.075,0.075,0.0625,3.0,6.0,4.0,9.0,8.0
classification,rf,rf__27caa3a0a3b84fd9,2,200,8,2.0,2.0,0.0,0.0,1.5,0.165,1.665,0.0,0.2,0.2,0.135,1.0,0.0,0.0,0.75,0.0825,0.8325,0.0,0.1,0.1,0.0675,8.0,7.0,6.0,11.5,8.0
classification,cif,cif__4ee6725d43ec8e5a,2,200,8,2.0,2.0,0.0,0.0,1.32,0.195,1.515,0.0,0.34,0.34,0.145,1.0,0.0,0.0,0.66,0.0975,0.7575,0.0,0.17,0.17,0.0725,10.5,11.0,10.0,14.0,8.0
classification,cit,cit__bc8d0ddbb26c15b5,2,200,8,2.0,2.0,0.0,0.0,1.32,0.235,1.555,0.0,0.365,0.365,0.08,1.0,0.0,0.0,0.66,0.1175,0.7775,0.0,0.1825,0.1825,0.04,10.5,10.0,11.0,5.0,8.0
classification,et,et__f5580a1865f967c8,5,200,8,5.0,5.0,0.0,0.0,3.55,0.495,4.045,0.0,0.565,0.565,0.39,1.0,0.0,0.0,0.71,0.099,0.809,0.0,0.113,0.113,0.078,6.0,5.5,4.0,15.0,8.0
classification,rf,rf__27caa3a0a3b84fd9,5,200,8,5.0,5.0,0.0,0.0,3.49,0.455,3.945,0.0,0.69,0.69,0.365,1.0,0.0,0.0,0.698,0.091,0.789,0.0,0.138,0.138,0.073,7.0,7.0,5.0,11.0,8.0
classification,cif,cif__4ee6725d43ec8e5a,5,200,8,5.0,5.0,0.0,0.0,3.195,0.41,3.605,0.0,1.04,1.04,0.355,1.0,0.0,0.0,0.639,0.08199999999999999,0.721,0.0,0.20800000000000002,0.20800000000000002,0.071,9.0,9.0,9.0,10.0,8.0
classification,cit,cit__bc8d0ddbb26c15b5,5,200,8,5.0,5.0,0.0,0.0,2.785,0.48,3.265,0.0,1.51,1.51,0.225,1.0,0.0,0.0,0.557,0.096,0.653,0.0,0.302,0.302,0.045,13.0,12.0,13.0,3.5,8.0
classification,et,et__f5580a1865f967c8,10,200,8,10.0,10.0,0.0,0.0,6.305,0.625,6.93,0.03,2.235,2.265,0.805,1.0,0.0,0.0,0.6305,0.0625,0.693,0.0030000000000000005,0.2235,0.22650000000000003,0.08049999999999999,2.0,3.0,2.0,14.0,8.0
classification,rf,rf__27caa3a0a3b84fd9,10,200,8,10.0,10.0,0.0,0.0,6.185,0.625,6.81,0.015,2.38,2.395,0.795,1.0,0.0,0.0,0.6185,0.0625,0.6809999999999999,0.0015000000000000002,0.23800000000000002,0.2395,0.07949999999999999,3.0,4.0,3.0,12.0,8.0
classification,cif,cif__4ee6725d43ec8e5a,10,200,8,10.0,10.0,0.0,0.0,5.435,0.635,6.07,0.065,3.06,3.125,0.805,1.0,0.0,0.0,0.5435,0.0635,0.607,0.006500000000000001,0.306,0.3125,0.08049999999999999,8.5,9.0,9.0,14.0,8.0
classification,cit,cit__bc8d0ddbb26c15b5,10,200,8,10.0,10.0,0.0,0.0,3.63,0.67,4.3,0.42,4.675,5.095,0.605,1.0,0.0,0.0,0.363,0.067,0.43,0.042,0.4675,0.5095000000000001,0.0605,13.0,13.0,13.0,6.0,8.0
classification,et,et__f5580a1865f967c8,20,200,8,20.0,20.0,0.0,0.0,7.45,1.505,8.955,0.905,8.49,9.395,1.65,1.0,0.0,0.0,0.3725,0.07525,0.44775,0.045250000000000005,0.42450000000000004,0.46975,0.0825,2.0,2.0,2.0,10.5,8.0
classification,rf,rf__27caa3a0a3b84fd9,20,200,8,20.0,20.0,0.0,0.0,7.305,1.495,8.8,0.68,8.88,9.56,1.64,1.0,0.0,0.0,0.36524999999999996,0.07475,0.44,0.034,0.444,0.478,0.08199999999999999,3.0,3.0,4.0,9.0,8.0
classification,cif,cif__4ee6725d43ec8e5a,20,200,8,20.0,20.0,0.0,0.0,6.77,1.51,8.28,0.775,9.29,10.065,1.655,1.0,0.0,0.0,0.3385,0.0755,0.414,0.03875,0.4645,0.50325,0.08275,8.0,8.0,7.0,12.0,8.0
classification,cit,cit__bc8d0ddbb26c15b5,20,200,8,20.0,20.0,0.0,0.0,4.755,1.1,5.855,1.67,10.635,12.305,1.84,1.0,0.0,0.0,0.23775,0.055,0.29275,0.08349999999999999,0.5317500000000001,0.61525,0.092,13.0,13.0,12.0,15.0,8.0
classification,et,et__f5580a1865f967c8,25,200,8,25.0,25.0,0.0,0.0,7.805,1.955,9.76,1.315,11.85,13.165,2.075,1.0,0.0,0.0,0.31220000000000003,0.0782,0.39039999999999997,0.0526,0.474,0.5266000000000001,0.083,1.0,2.0,1.0,11.5,8.0
classification,rf,rf__27caa3a0a3b84fd9,25,200,8,25.0,25.0,0.0,0.0,7.675,1.965,9.64,1.005,12.28,13.285,2.075,1.0,0.0,0.0,0.307,0.0786,0.3856,0.04020000000000001,0.49119999999999997,0.5314,0.083,4.0,4.0,4.0,11.5,8.0
classification,cif,cif__4ee6725d43ec8e5a,25,200,8,25.0,25.0,0.0,0.0,7.13,1.905,9.035,1.1,12.785,13.885,2.08,1.0,0.0,0.0,0.2852,0.0762,0.3614,0.044000000000000004,0.5114,0.5554,0.0832,8.0,5.0,5.0,13.0,8.0
classification,cit,cit__bc8d0ddbb26c15b5,25,200,8,25.0,25.0,0.0,0.0,4.905,1.35,6.255,2.295,14.13,16.425,2.32,1.0,0.0,0.0,0.1962,0.054000000000000006,0.2502,0.09179999999999999,0.5652,0.657,0.0928,13.0,13.0,12.0,15.0,8.0
classification,et,et__f5580a1865f967c8,50,200,8,50.0,50.0,0.0,0.0,8.28,2.5,10.78,3.11,33.61,36.72,2.5,1.0,0.0,0.0,0.16560000000000002,0.05,0.21559999999999999,0.0622,0.6722,0.7343999999999999,0.05,1.0,1.0,1.0,14.5,8.0
classification,rf,rf__27caa3a0a3b84fd9,50,200,8,50.0,50.0,0.0,0.0,8.23,2.5,10.73,2.73,34.075,36.805,2.465,1.0,0.0,0.0,0.1646,0.05,0.2146,0.0546,0.6815000000000001,0.7361,0.049300000000000004,6.0,6.0,4.0,13.0,8.0
classification,cif,cif__4ee6725d43ec8e5a,50,200,8,50.0,50.0,0.0,0.0,7.88,2.5,10.38,3.69,33.51,37.2,2.42,1.0,0.0,0.0,0.15760000000000002,0.05,0.2076,0.0738,0.6701999999999999,0.7440000000000001,0.0484,8.0,8.0,8.0,11.0,8.0
classification,cit,cit__bc8d0ddbb26c15b5,50,200,8,50.0,50.0,0.0,0.0,6.76,2.5,9.26,5.42,33.0,38.42,2.32,1.0,0.0,0.0,0.13520000000000001,0.05,0.1852,0.1084,0.66,0.7684000000000001,0.0464,13.0,13.0,12.0,9.0,8.0
classification,et,et__f5580a1865f967c8,100,200,8,93.75,93.75,0.0,6.25,8.435,2.5,10.935,6.25,74.065,80.315,2.5,1.0,0.0,0.0625,0.09685,0.05,0.14685,0.0625,0.7656499999999999,0.8281499999999999,0.025,5.0,5.0,4.0,12.5,8.0
classification,cit,cit__bc8d0ddbb26c15b5,100,200,8,93.75,93.75,0.0,6.25,8.43,2.5,10.93,6.25,74.07,80.32,2.5,1.0,0.0,0.0625,0.0968,0.05,0.14679999999999999,0.0625,0.7656999999999999,0.8281999999999999,0.025,6.0,6.0,5.0,12.5,8.0
classification,rf,rf__27caa3a0a3b84fd9,100,200,8,93.75,93.75,0.0,6.25,8.395,2.5,10.895,6.25,74.105,80.355,2.5,1.0,0.0,0.0625,0.09645000000000001,0.05,0.14645,0.0625,0.76605,0.82855,0.025,9.0,9.0,8.0,12.5,8.0
classification,cif,cif__4ee6725d43ec8e5a,100,200,8,93.75,93.75,0.0,6.25,8.39,2.5,10.89,6.25,74.11,80.36,2.5,1.0,0.0,0.0625,0.0964,0.05,0.1464,0.0625,0.7661,0.8286,0.025,10.0,10.0,9.0,12.5,8.0
regression,et,et__f09eb85fc7f75870,1,200,8,1.0,1.0,0.0,0.0,0.875,0.125,1.0,0.0,0.0,0.0,0.0,1.0,0.0,0.0,0.875,0.125,1.0,0.0,0.0,0.0,0.0,5.5,4.5,4.5,8.0,8.5
regression,rf,rf__aed17443e3db937d,1,200,8,1.0,1.0,0.0,0.0,0.875,0.125,1.0,0.0,0.0,0.0,0.0,1.0,0.0,0.0,0.875,0.125,1.0,0.0,0.0,0.0,0.0,5.5,4.5,4.5,8.0,8.5
regression,cif,cif__f996d20e25e412cc,1,200,8,1.0,1.0,0.0,0.0,0.81,0.125,0.935,0.0,0.065,0.065,0.0,1.0,0.0,0.0,0.81,0.125,0.935,0.0,0.065,0.065,0.0,13.0,12.0,12.0,8.0,8.5
regression,cit,cit__2cd925b5323e9208,1,200,8,1.0,1.0,0.0,0.0,0.75,0.125,0.875,0.0,0.125,0.125,0.0,1.0,0.0,0.0,0.75,0.125,0.875,0.0,0.125,0.125,0.0,14.0,14.0,14.0,8.0,8.5
regression,et,et__f09eb85fc7f75870,2,200,8,2.0,2.0,0.0,0.0,1.7,0.195,1.895,0.0,0.085,0.085,0.02,1.0,0.0,0.0,0.85,0.0975,0.9475,0.0,0.0425,0.0425,0.01,4.0,5.0,5.0,11.0,8.5
regression,rf,rf__aed17443e3db937d,2,200,8,2.0,2.0,0.0,0.0,1.69,0.25,1.94,0.0,0.06,0.06,0.0,1.0,0.0,0.0,0.845,0.125,0.97,0.0,0.03,0.03,0.0,5.0,1.0,3.0,5.5,8.5
regression,cif,cif__f996d20e25e412cc,2,200,8,2.0,2.0,0.0,0.0,1.645,0.155,1.8,0.0,0.115,0.115,0.085,1.0,0.0,0.0,0.8225,0.0775,0.9,0.0,0.0575,0.0575,0.0425,9.5,11.0,9.0,12.0,8.5
regression,cit,cit__2cd925b5323e9208,2,200,8,2.0,2.0,0.0,0.0,1.63,0.245,1.875,0.0,0.125,0.125,0.0,1.0,0.0,0.0,0.815,0.1225,0.9375,0.0,0.0625,0.0625,0.0,11.0,6.0,10.0,5.5,8.5
regression,et,et__f09eb85fc7f75870,5,200,8,5.0,5.0,0.0,0.0,4.175,0.375,4.55,0.0,0.315,0.315,0.135,1.0,0.0,0.0,0.835,0.075,0.91,0.0,0.063,0.063,0.027000000000000003,2.0,2.0,1.0,10.0,8.5
regression,rf,rf__aed17443e3db937d,5,200,8,5.0,5.0,0.0,0.0,4.12,0.41,4.53,0.0,0.355,0.355,0.115,1.0,0.0,0.0,0.8240000000000001,0.08199999999999999,0.9059999999999999,0.0,0.071,0.071,0.023000000000000003,4.0,3.0,3.0,9.0,8.5
regression,cif,cif__f996d20e25e412cc,5,200,8,5.0,5.0,0.0,0.0,3.82,0.39,4.21,0.0,0.555,0.555,0.235,1.0,0.0,0.0,0.764,0.078,0.8420000000000001,0.0,0.111,0.111,0.047,10.0,10.0,9.0,12.0,8.5
regression,cit,cit__2cd925b5323e9208,5,200,8,5.0,5.0,0.0,0.0,3.195,0.51,3.705,0.0,1.25,1.25,0.045,1.0,0.0,0.0,0.639,0.10200000000000001,0.741,0.0,0.25,0.25,0.009000000000000001,13.0,13.0,14.0,4.0,8.5
regression,et,et__f09eb85fc7f75870,10,200,8,10.0,10.0,0.0,0.0,6.26,0.695,6.955,0.0,2.37,2.37,0.675,1.0,0.0,0.0,0.626,0.0695,0.6955,0.0,0.237,0.237,0.0675,2.0,1.0,1.0,10.0,8.5
regression,rf,rf__aed17443e3db937d,10,200,8,10.0,10.0,0.0,0.0,6.2,0.645,6.845,0.0,2.54,2.54,0.615,1.0,0.0,0.0,0.62,0.0645,0.6845,0.0,0.254,0.254,0.061500000000000006,3.0,3.0,5.0,8.0,8.5
regression,cif,cif__f996d20e25e412cc,10,200,8,10.0,10.0,0.0,0.0,6.035,0.62,6.655,0.0,2.635,2.635,0.71,1.0,0.0,0.0,0.6035,0.062,0.6655,0.0,0.2635,0.2635,0.071,8.0,9.0,7.0,11.5,8.5
regression,cit,cit__2cd925b5323e9208,10,200,8,10.0,10.0,0.0,0.0,4.51,0.71,5.22,0.0,4.34,4.34,0.44,1.0,0.0,0.0,0.451,0.071,0.522,0.0,0.434,0.434,0.044000000000000004,15.0,15.0,15.0,3.0,8.5
regression,et,et__f09eb85fc7f75870,20,200,8,20.0,20.0,0.0,0.0,7.455,1.385,8.84,0.0,9.54,9.54,1.62,1.0,0.0,0.0,0.37274999999999997,0.06925,0.442,0.0,0.47700000000000004,0.47700000000000004,0.081,1.0,4.0,4.0,13.0,8.5
regression,rf,rf__aed17443e3db937d,20,200,8,20.0,20.0,0.0,0.0,7.33,1.09,8.42,0.0,9.955,9.955,1.625,1.0,0.0,0.0,0.3665,0.0545,0.42100000000000004,0.0,0.49774999999999997,0.49774999999999997,0.08125,2.0,8.0,8.0,14.0,8.5
regression,cif,cif__f996d20e25e412cc,20,200,8,20.0,20.0,0.0,0.0,7.195,1.515,8.71,0.0,9.685,9.685,1.605,1.0,0.0,0.0,0.35975,0.07575,0.4355,0.0,0.48424999999999996,0.48424999999999996,0.08025,7.0,5.0,5.0,12.0,8.5
regression,cit,cit__2cd925b5323e9208,20,200,8,20.0,20.0,0.0,0.0,5.265,0.925,6.19,0.0,12.15,12.15,1.66,1.0,0.0,0.0,0.26325,0.04625,0.3095,0.0,0.6075,0.6075,0.083,15.0,15.0,14.0,15.0,8.5
regression,et,et__f09eb85fc7f75870,25,200,8,25.0,25.0,0.0,0.0,7.755,1.56,9.315,0.0,13.685,13.685,2.0,1.0,0.0,0.0,0.3102,0.062400000000000004,0.3726,0.0,0.5474,0.5474,0.08,2.0,5.0,5.0,11.0,8.5
regression,rf,rf__aed17443e3db937d,25,200,8,25.0,25.0,0.0,0.0,7.63,1.15,8.78,0.0,14.23,14.23,1.99,1.0,0.0,0.0,0.30519999999999997,0.046,0.35119999999999996,0.0,0.5692,0.5692,0.0796,6.0,11.0,10.5,8.0,8.5
regression,cif,cif__f996d20e25e412cc,25,200,8,25.0,25.0,0.0,0.0,7.565,1.92,9.485,0.0,13.51,13.51,2.005,1.0,0.0,0.0,0.30260000000000004,0.0768,0.37939999999999996,0.0,0.5404,0.5404,0.0802,8.0,4.0,4.0,14.0,8.5
regression,cit,cit__2cd925b5323e9208,25,200,8,25.0,25.0,0.0,0.0,5.69,1.05,6.74,0.0,16.14,16.14,2.12,1.0,0.0,0.0,0.22760000000000002,0.042,0.2696,0.0,0.6456000000000001,0.6456000000000001,0.0848,15.0,15.0,14.0,16.0,8.5
regression,et,et__f09eb85fc7f75870,50,200,8,50.0,50.0,0.0,0.0,8.55,2.5,11.05,0.0,36.805,36.805,2.145,1.0,0.0,0.0,0.171,0.05,0.221,0.0,0.7361,0.7361,0.0429,7.0,7.0,7.5,9.0,8.5
regression,rf,rf__aed17443e3db937d,50,200,8,50.0,50.0,0.0,0.0,8.53,2.5,11.03,0.0,36.88,36.88,2.09,1.0,0.0,0.0,0.17060000000000003,0.05,0.2206,0.0,0.7376,0.7376,0.041800000000000004,9.5,9.5,10.0,3.0,8.5
regression,cif,cif__f996d20e25e412cc,50,200,8,50.0,50.0,0.0,0.0,8.425,2.5,10.925,0.0,36.89,36.89,2.185,1.0,0.0,0.0,0.1685,0.05,0.21850000000000003,0.0,0.7378,0.7378,0.0437,11.0,11.0,11.0,10.0,8.5
regression,cit,cit__2cd925b5323e9208,50,200,8,50.0,50.0,0.0,0.0,7.055,2.5,9.555,0.0,38.325,38.325,2.12,1.0,0.0,0.0,0.1411,0.05,0.1911,0.0,0.7665000000000001,0.7665000000000001,0.0424,15.0,15.0,14.0,7.0,8.5
regression,et,et__f09eb85fc7f75870,100,200,8,87.5,87.5,0.0,12.5,8.72,2.5,11.22,0.0,73.86,73.86,2.42,1.0,0.0,0.125,0.11220000000000001,0.05,0.16219999999999998,0.0,0.8136,0.8136,0.0242,8.0,8.0,8.0,8.0,8.5
regression,cif,cif__f996d20e25e412cc,100,200,8,87.5,87.5,0.0,12.5,8.71,2.5,11.21,0.0,73.875,73.875,2.415,1.0,0.0,0.125,0.1121,0.05,0.16210000000000002,0.0,0.81375,0.81375,0.02415,10.0,10.0,9.0,7.0,8.5
regression,rf,rf__aed17443e3db937d,100,200,8,87.5,87.5,0.0,12.5,8.71,2.5,11.21,0.0,73.895,73.895,2.395,1.0,0.0,0.125,0.1121,0.05,0.16210000000000002,0.0,0.81395,0.81395,0.02395,10.0,10.0,11.0,5.0,8.5
regression,cit,cit__2cd925b5323e9208,100,200,8,87.5,87.5,0.0,12.5,8.255,2.5,10.755,0.0,74.245,74.245,2.5,1.0,0.0,0.125,0.10755,0.05,0.15755,0.0,0.81745,0.81745,0.025,14.0,14.0,13.0,15.5,8.5
